published_path,split,label,source_id,source_license,privacy_group_id,published_sha256,published_size,orientation,privacy_transform,label_path,label_sha256,target_boxes
datasets/corn-field-pest-v2/val/grasshopper_unknown/img_8d0a63abbb8f9c96429cb0bb.jpg,val,grasshopper_unknown,ccmt,CC BY 4.0,grp_69c39a83182d8b297470b966,5a5b6e8d88e9254b787b4efe77c5ded543c18de9797b741fe4fc5bb157bc7a37,48583,1,lossless_jpeg_metadata_strip_preserve_orientation_v2,,,
datasets/corn-field-pest-v2/train/grasshopper_unknown/img_088b6ac7c17d21c304f9fecd.jpg,train,grasshopper_unknown,ccmt,CC BY 4.0,grp_00fd7f7d108e59cebcb2127f,d2cbcecc114b919747b854ee91734913a37d56beda79210f3ee06ef9b64a161b,45242,1,lossless_jpeg_metadata_strip_preserve_orientation_v2,,,
datasets/corn-field-pest-v2/train/healthy/img_48eff5130125ab2f38cb9465.jpg,train,healthy,ccmt,CC BY 4.0,grp_60913d802d4c89baddc22007,1a23a136536b1c832ecf0570f62fb8682632140abd4205389983a06efc419ca4,51605,1,lossless_jpeg_metadata_strip_preserve_orientation_v2,,,
datasets/corn-field-pest-v2/val/healthy/img_d1cecac39b0cbdd331ebc2f1.jpg,val,healthy,tom2024,CC BY 4.0,grp_b7a6f3a9cfe57a002a868255,df21a50bec39dea80a380dadc73e0ecde64008c85ba4becf2d5ae0f91c26b5d5,7337,1,lossless_jpeg_metadata_strip_preserve_orientation_v2,,,
datasets/corn-field-pest-v2/train/leaf_beetle_unknown/img_f47e09d6da70b267f17d2724.jpg,train,leaf_beetle_unknown,ccmt,CC BY 4.0,grp_6b30e185ded86a0f950e72ce,eae9d8ab6f0dd633ae68b9d1b781e6e54e978127ca6452910859e2415009ad95,35966,1,lossless_jpeg_metadata_strip_preserve_orientation_v2,,,
datasets/corn-field-pest-v2/val/leaf_beetle_unknown/img_13484c15ac2dd6b0891ffaa4.jpg,val,leaf_beetle_unknown,ccmt,CC BY 4.0,grp_9ee85f8c26c7fa34f475f39b,5cf55d49c278b3fc2b5cb290efa3555a71493c38f53fe61e322fc72646d83a21,22770,1,lossless_jpeg_metadata_strip_preserve_orientation_v2,,,
datasets/corn-field-pest-v2/train/healthy/img_2343ae910a373dafecb71ca3.jpg,train,healthy,ccmt,CC BY 4.0,grp_7772550c7a335a5a6562d19a,d5a1513af7d72d8a8a720f8a1a7c625d5664f58ada793938a2bbb0bb4ebc4552,48171,1,lossless_jpeg_metadata_strip_preserve_orientation_v2,,,
datasets/corn-field-pest-v2/train/healthy/img_5a186a2b414c8d3469c237b4.jpg,train,healthy,ccmt,CC BY 4.0,grp_c6337bcb480bef6062f38448,4e8e9869ba5b6903934b2b236d9275754f33c05bd7696d3551465d30511b95c3,53356,1,lossless_jpeg_metadata_strip_preserve_orientation_v2,,,
datasets/corn-field-pest-v2/train/grasshopper_unknown/img_07080b2bf43c1d15335b4988.jpg,train,grasshopper_unknown,ccmt,CC BY 4.0,grp_fb784b8165341aba4f5ef50f,8243ecfe429b4567945a48d8026d216b78155ee43fe64e1414d66aed5c03a749,43927,1,lossless_jpeg_metadata_strip_preserve_orientation_v2,,,
datasets/corn-field-pest-v2/val/grasshopper_unknown/img_3a243e8165d4b31dd5b0680f.jpg,val,grasshopper_unknown,ccmt,CC BY 4.0,grp_320d931803fc2e7bb6b75332,13c5a7450806da3013051ee592856800349bb4e0ef2c525feaaa87c3e54d0c6f,53074,1,lossless_jpeg_metadata_strip_preserve_orientation_v2,,,
datasets/corn-field-pest-v2/train/leaf_beetle_unknown/img_284c457de8f62977bf2c6efb.jpg,train,leaf_beetle_unknown,ccmt,CC BY 4.0,grp_dbe39c7ad957b7c87e2c2da1,2c1dfb97df3c33dbc9fe5ca6dc615b3f2bd61331f1e54c4ce3005d620e105c57,31035,1,lossless_jpeg_metadata_strip_preserve_orientation_v2,,,
datasets/corn-field-pest-v2/train/leaf_beetle_unknown/img_6162b373f915b16d7e90b032.jpg,train,leaf_beetle_unknown,ccmt,CC BY 4.0,grp_9a05d6ce3c363aa69a80f659,f10fe78d43a8b2c1f9aad0079bc933d2188fe09a432452a87090e9cd941e2056,48361,1,lossless_jpeg_metadata_strip_preserve_orientation_v2,,,
datasets/corn-field-pest-v2/val/fall_armyworm/img_05292083d1becc40fcd509d5.jpg,val,fall_armyworm,ccmt,CC BY 4.0,grp_0141e95b9f6eb9dd4d9ec8db,f784e312fe4e8fad5b2ca4ddec5664cbf4ac31b0c37a46ee0ca9e9fca91c6d26,55478,1,lossless_jpeg_metadata_strip_preserve_orientation_v2,,,
datasets/corn-field-pest-v2/train/healthy/img_b983ba3e0e2ee9f38a0dbd69.jpg,train,healthy,ccmt,CC BY 4.0,grp_4a442fd08056f2753b5f084c,21d0c079cf2aec878475996ec03e9e1907bc065187ea4fb5c4f961adec93429f,41013,1,lossless_jpeg_metadata_strip_preserve_orientation_v2,,,
datasets/corn-field-pest-v2/train/grasshopper_unknown/img_8e5471bf10243c8f14d86d01.jpg,train,grasshopper_unknown,ccmt,CC BY 4.0,grp_16c33737d1b5c5f75e3364e9,a6fc548ba30837ef235d5e2cb737779a53dfa8c6ba258b39273ee75966c99f82,38455,1,lossless_jpeg_metadata_strip_preserve_orientation_v2,,,
datasets/corn-field-pest-v2/train/grasshopper_unknown/img_05b0b9d4932f3df7f146519b.jpg,train,grasshopper_unknown,ccmt,CC BY 4.0,grp_df5af6bc0d279b775a15e992,690ea6ebd33acbdb48adb2dfdc451692fc43853e0e50099bff83721ed4e7ee32,28830,1,lossless_jpeg_metadata_strip_preserve_orientation_v2,,,
datasets/corn-field-pest-v2/train/grasshopper_unknown/img_4598eeab538da2783036a089.jpg,train,grasshopper_unknown,ccmt,CC BY 4.0,grp_ff7505f6a36e78d9155e55fb,226d842f94254bd8f7c689c3b423dbc4bccb49d7f72323526e535dc97e5975c6,61400,1,lossless_jpeg_metadata_strip_preserve_orientation_v2,,,
datasets/corn-field-pest-v2/train/leaf_beetle_unknown/img_457329c6a997d9acb438df3f.jpg,train,leaf_beetle_unknown,ccmt,CC BY 4.0,grp_a3bddca7e2f1d4a49d7f4a9d,6f19b9e3925325c78fad21d91c4f61e58a61978c7b107285c2afe32dac3fbe32,24602,1,lossless_jpeg_metadata_strip_preserve_orientation_v2,,,
datasets/corn-field-pest-v2/val/fall_armyworm/img_07b241a4bea7be3e28369b91.jpg,val,fall_armyworm,tom2024,CC BY 4.0,grp_baf866a19f85d2ff35b3af9f,db3c94b2b918fdb91f3f08f2164c6b64819eef4076911d680dab5e05ca4389df,4690,1,lossless_jpeg_metadata_strip_preserve_orientation_v2,,,
datasets/corn-field-pest-v2/train/healthy/img_15d544a039df166c89071795.jpg,train,healthy,ccmt,CC BY 4.0,grp_e19bb1e5c36d549927785200,9caf0843b59061eff8c32235a8c77d194885203b37d6ff96af5a49006e127943,56219,1,lossless_jpeg_metadata_strip_preserve_orientation_v2,,,
datasets/corn-field-pest-v2/train/leaf_beetle_unknown/img_ea63a8deabf4e47a23bc3b5d.jpg,train,leaf_beetle_unknown,ccmt,CC BY 4.0,grp_6bf84a1a29a2233ad264624f,fabbe278867c417da4998a68cccd0dda49b23f3b38398814e3d2e285b4133174,33145,1,lossless_jpeg_metadata_strip_preserve_orientation_v2,,,
datasets/corn-field-pest-v2/val/leaf_beetle_unknown/img_f6054ddf82cee20c54b4cbae.jpg,val,leaf_beetle_unknown,ccmt,CC BY 4.0,grp_5a3c1062fd37bd8939e6cd92,57366b0e750c5ec78f47ed8a54436e7e76969dfb70afdbc326a01ebc3bef65e5,39497,1,lossless_jpeg_metadata_strip_preserve_orientation_v2,,,
datasets/corn-field-pest-v2/train/healthy/img_c9eb407735c67f0e95eeb0fc.jpg,train,healthy,tom2024,CC BY 4.0,grp_fcd781718cd9d1012bd63a71,8ed589275fa38fb35e0226fc7651dfa0e3258d8ddd240acce7a22a7464c3cd0d,22382,1,lossless_jpeg_metadata_strip_preserve_orientation_v2,,,
datasets/corn-field-pest-v2/train/leaf_beetle_unknown/img_c3c8b21a5230eea9f7c44883.jpg,train,leaf_beetle_unknown,ccmt,CC BY 4.0,grp_3af3594d7a9c16c5ddef3088,d71b395a918e7df556d92f7640151545de2b5dd88877a5f9426312eaaf4bdb76,29822,1,lossless_jpeg_metadata_strip_preserve_orientation_v2,,,
datasets/corn-field-pest-v2/train/fall_armyworm/img_073274ebb70c06a3e1b941f5.jpg,train,fall_armyworm,tom2024,CC BY 4.0,grp_4a935780463c7375c375ce24,f9e931b27b2347ddfe6f211f2b01d36b2ca351f34584933c25128c398b067489,9898,1,lossless_jpeg_metadata_strip_preserve_orientation_v2,,,
datasets/corn-field-pest-v2/train/leaf_beetle_unknown/img_536c7c23157b6a47b681985b.jpg,train,leaf_beetle_unknown,ccmt,CC BY 4.0,grp_f013e535b5acd9da2d3ce03d,ede292beec7c1ef150482ab8b06609050dee07e9f5fa981ffa1ca170be05c2c0,37533,1,lossless_jpeg_metadata_strip_preserve_orientation_v2,,,
datasets/corn-field-pest-v2/val/leaf_beetle_unknown/img_5c2bffd3bd61d73774efc294.jpg,val,leaf_beetle_unknown,ccmt,CC BY 4.0,grp_e68a7d9caf8a2259d617cc2e,732ed7648b1bab504d5a8a561230ceb0c61063cb3a63d23c456fd6e571c8da4c,31407,1,lossless_jpeg_metadata_strip_preserve_orientation_v2,,,
datasets/corn-field-pest-v2/train/fall_armyworm/img_6b7040e71a16f7ed12a415f4.jpg,train,fall_armyworm,ccmt,CC BY 4.0,grp_4afda2c5ed396a59ff24eef2,be26ff0f1bc8528e1783f3f9f132afb06a2b8fe42c270fc7365436e374503c19,51138,1,lossless_jpeg_metadata_strip_preserve_orientation_v2,,,
datasets/corn-field-pest-v2/val/healthy/img_e782a613eb260cb440ed89d9.jpg,val,healthy,tom2024,CC BY 4.0,grp_ca1ef5b8eebffe8220d350c4,dd315dc98fa2eb88fb20b823f576338d9451b85a2a9bb2d7584b002da678b2c0,6112,1,lossless_jpeg_metadata_strip_preserve_orientation_v2,,,
datasets/corn-field-pest-v2/train/healthy/img_e87f3f359027c318e6ecd9a4.jpg,train,healthy,tom2024,CC BY 4.0,grp_38b5f832be2a5efff1f992e4,0fce4e807730486e4f3b50b30a63f6b5381eb66fd13381101ce35174d6b50610,11570,1,lossless_jpeg_metadata_strip_preserve_orientation_v2,,,
datasets/corn-field-pest-v2/val/leaf_beetle_unknown/img_efa62c67729b8539af6f0a02.jpg,val,leaf_beetle_unknown,ccmt,CC BY 4.0,grp_a4844ddc71383b489101f80b,e1b263d2eb44bd7bf36a68ab76181cc94ae593e0834cc1a949937ef83f5ea84f,23466,1,lossless_jpeg_metadata_strip_preserve_orientation_v2,,,
datasets/corn-field-pest-v2/train/healthy/img_e01caf9e9ae326eb0d358107.jpg,train,healthy,tom2024,CC BY 4.0,grp_db68710c211dfc9da8a9fd17,62a87d3f3811d36a0a888692648baab7d3d2bed5ed79df2d34fde26972e56fb5,7035,1,lossless_jpeg_metadata_strip_preserve_orientation_v2,,,
datasets/corn-field-pest-v2/train/fall_armyworm/img_03ae64b4f6e4447df64aea40.jpg,train,fall_armyworm,tom2024,CC BY 4.0,grp_ae76958bc23b995176cb34aa,cebf3ecd982079a85470783234594bff64b24e3e7a78088e4beefa08a8b117de,14673,1,lossless_jpeg_metadata_strip_preserve_orientation_v2,,,
datasets/corn-field-pest-v2/train/grasshopper_unknown/img_50cb9aefc564eaf16539b7c4.jpg,train,grasshopper_unknown,ccmt,CC BY 4.0,grp_3c659126024349fe86c4bec3,28048613cde7e7fdd57683e76382d9cffcaed2c6c9545039c036dfd74dda21ef,30537,1,lossless_jpeg_metadata_strip_preserve_orientation_v2,,,
datasets/corn-field-pest-v2/train/leaf_beetle_unknown/img_ce0b325e7a17649661eb0700.jpg,train,leaf_beetle_unknown,ccmt,CC BY 4.0,grp_c0a4a7e030357c9edc7d3740,0cceb039d8df7576b933a87d16312661b36f2df3f1c2f3f86d723d53cb1f56f5,20099,1,lossless_jpeg_metadata_strip_preserve_orientation_v2,,,
datasets/corn-field-pest-v2/train/leaf_beetle_unknown/img_b622fddb2b2345163c190f39.jpg,train,leaf_beetle_unknown,ccmt,CC BY 4.0,grp_7609cbdc76973c2929a85663,57105512b902305c3234ae4e18216a62e3421e8ec8dd991a9da47da090c4fc14,32995,1,lossless_jpeg_metadata_strip_preserve_orientation_v2,,,
datasets/corn-field-pest-v2/train/fall_armyworm/img_bb28530b4599f417937476a0.jpg,train,fall_armyworm,tom2024,CC BY 4.0,grp_eba0dd20cb7226a2dc553b10,12361c59682af5c00c5200082a3c2aa791707e85cb17b30195334ed7eacad631,15931,1,lossless_jpeg_metadata_strip_preserve_orientation_v2,,,
datasets/corn-field-pest-v2/train/leaf_beetle_unknown/img_b9ef9eb6ce4afe74e2daafaf.jpg,train,leaf_beetle_unknown,ccmt,CC BY 4.0,grp_5aaa3a2ae2cc346fcba1e56e,bbfeaa3a731d93c280401141ec9c99456d1d1dc6639f2a1170855e24227af82e,31370,1,lossless_jpeg_metadata_strip_preserve_orientation_v2,,,
datasets/corn-field-pest-v2/train/leaf_beetle_unknown/img_d2b1b77124a0323a7b5ee132.jpg,train,leaf_beetle_unknown,ccmt,CC BY 4.0,grp_4387568d19cdb2f55c7614f3,a4a04cbb7988a354b65e235328a1346dcc1013bb6b130486fbf0d5eb51a74dc9,44454,1,lossless_jpeg_metadata_strip_preserve_orientation_v2,,,
datasets/corn-field-pest-v2/train/grasshopper_unknown/img_9bd1f0c048e4bf42d131e734.jpg,train,grasshopper_unknown,ccmt,CC BY 4.0,grp_e78ebfe4ea71d367196b8151,d9b155b881455f542d074312402416295353c8543886c8b1c5b4d0a011e3aa27,40018,1,lossless_jpeg_metadata_strip_preserve_orientation_v2,,,
datasets/corn-field-pest-v2/train/grasshopper_unknown/img_46e974ec41aba862a89c891d.jpg,train,grasshopper_unknown,ccmt,CC BY 4.0,grp_0c8aa28b32052468107ce765,cb153f76222a8b2f1fab847437d7039e115391d8ed2ed630b6ae90636c16d4f5,32165,1,lossless_jpeg_metadata_strip_preserve_orientation_v2,,,
datasets/corn-field-pest-v2/train/leaf_beetle_unknown/img_09945798c25b1c0d151120a3.jpg,train,leaf_beetle_unknown,ccmt,CC BY 4.0,grp_c00c24f11ba4b9d74fef0339,2b836c2448666a1b3d269b6c98c048b026fb4a6f0474ef7869635521a8dabe4b,35861,1,lossless_jpeg_metadata_strip_preserve_orientation_v2,,,
datasets/corn-field-pest-v2/train/grasshopper_unknown/img_edd5b3f2bd6e2196abb5daa8.jpg,train,grasshopper_unknown,ccmt,CC BY 4.0,grp_627e7bf6a6687d92a38afbaf,0d06eb493fc7cb24622c5cca39b2fb06f5eb1ed73991fe8bc72f55cf4437a402,42477,1,lossless_jpeg_metadata_strip_preserve_orientation_v2,,,
datasets/corn-field-pest-v2/val/healthy/img_cfd38864fb731db33cc3ad24.jpg,val,healthy,tom2024,CC BY 4.0,grp_5cc2c31ebcae7f7273c5b8f6,8f4fc8543b605846a57fc02338bfa20e495ebf856088c78aedba6b3f985f0556,3779,1,lossless_jpeg_metadata_strip_preserve_orientation_v2,,,
datasets/corn-field-pest-v2/train/grasshopper_unknown/img_956a2b565bf4c718b529ce36.jpg,train,grasshopper_unknown,ccmt,CC BY 4.0,grp_7789382336b52f039ff02e9e,74c1dfeacc1ec6b6ccb995b87ad7465757dc5a9448afb7f30143b276b7a1a9ec,34534,1,lossless_jpeg_metadata_strip_preserve_orientation_v2,,,
datasets/corn-field-pest-v2/train/grasshopper_unknown/img_6afbfee31ff5d7c50dbae721.jpg,train,grasshopper_unknown,ccmt,CC BY 4.0,grp_58357b2135dc12e7f2082f6f,afadf8366dd21b4b6d25ed636d137391612e2ecd3068bb5462b3a5106dc6edd4,45129,1,lossless_jpeg_metadata_strip_preserve_orientation_v2,,,
datasets/corn-field-pest-v2/train/healthy/img_75078c21eb3bb45bf9a79438.jpg,train,healthy,ccmt,CC BY 4.0,grp_7636383f3da7c1782ba35e5e,d769c54da31c6a2ccb38e5b4c4c90f80ffa7731a09d9b65f9d820d7ac44abfc6,36888,1,lossless_jpeg_metadata_strip_preserve_orientation_v2,,,
datasets/corn-field-pest-v2/train/healthy/img_d59a0e7a057f974f3d7a2f5b.jpg,train,healthy,tom2024,CC BY 4.0,grp_661b4dfe46f4b659551775f4,4468fdf8981cebff70f4c7b3e6c384568abc44d32edbe00d484b22298132a05d,5323,1,lossless_jpeg_metadata_strip_preserve_orientation_v2,,,
datasets/corn-field-pest-v2/train/grasshopper_unknown/img_c936cf26f34b58eb85d17e1b.jpg,train,grasshopper_unknown,ccmt,CC BY 4.0,grp_68b51b94df681a093dc1b1c0,a626de80b8cc5f33ccf56279611caae378491dd21bf1f8781a1fcddd172739bd,32235,1,lossless_jpeg_metadata_strip_preserve_orientation_v2,,,
datasets/corn-field-pest-v2/train/healthy/img_88d48ae688df1ade46ca64b3.jpg,train,healthy,ccmt,CC BY 4.0,grp_54ce626cc4a88c58fe5b2df4,dbe29c78a5000748f26eb80ce8b9c8d59bea24cc7fddf685eb6dcee9a8427956,42355,1,lossless_jpeg_metadata_strip_preserve_orientation_v2,,,
datasets/corn-field-pest-v2/train/fall_armyworm/img_c8929ba10bcd6864096828d3.jpg,train,fall_armyworm,ccmt,CC BY 4.0,grp_c6accd498573fd6f924ff43e,a1c594be2b556b4bf8a3826c1fe3ec461c73df652e607dbd7dad408b9af557cb,51803,1,lossless_jpeg_metadata_strip_preserve_orientation_v2,,,
datasets/corn-field-pest-v2/val/fall_armyworm/img_bb2be4d080765eb6dfe317c5.jpg,val,fall_armyworm,tom2024,CC BY 4.0,grp_5d6a22394df14d7f74798e0f,223d4986d1ae17dbe987e9bb9fae2535d4db7af01f4abec30e9caf2b919ada8e,8960,1,lossless_jpeg_metadata_strip_preserve_orientation_v2,,,
datasets/corn-field-pest-v2/val/fall_armyworm/img_c5c81df698fa050310a2fd58.jpg,val,fall_armyworm,ccmt,CC BY 4.0,grp_2355cd0d35cc2801cfc31827,f6537eaaad755f43f9f3bce553a95a0f79e77be0ef8a69c6d468f1dd43e1c676,40659,1,lossless_jpeg_metadata_strip_preserve_orientation_v2,,,
datasets/corn-field-pest-v2/train/grasshopper_unknown/img_6405a139c51b09efb076ec4a.jpg,train,grasshopper_unknown,ccmt,CC BY 4.0,grp_1fc9ecedc4e8a130859465e2,2ffc98d846181294a33d02ace14ab2e7b7ad2ceeb79659f1bbf684445d899f30,25929,1,lossless_jpeg_metadata_strip_preserve_orientation_v2,,,
datasets/corn-field-pest-v2/train/leaf_beetle_unknown/img_0f01af47a4026640f6d074a1.jpg,train,leaf_beetle_unknown,ccmt,CC BY 4.0,grp_f5ed204b7e554df5753a9287,a24928b7388b7ba48ffdcf80c8626d08556e952dc603f1eda42102cfd0983116,29962,1,lossless_jpeg_metadata_strip_preserve_orientation_v2,,,
datasets/corn-field-pest-v2/train/healthy/img_fc66c0784b0b55bc81b421ab.jpg,train,healthy,tom2024,CC BY 4.0,grp_6f365061ab0ac90e50d217af,ad5e85eb70db3100bea55e1b739873ee00d005d6bd2cfe76d2483e7e4f424c04,11948,1,lossless_jpeg_metadata_strip_preserve_orientation_v2,,,
datasets/corn-field-pest-v2/train/healthy/img_a6bc241b03d496924939f2c9.jpg,train,healthy,tom2024,CC BY 4.0,grp_39e6760deb4020fe8b1f145c,901ca6d625b89491577e062a79a9a59ede4e5ac5967684264cec581fe7210803,9834,1,lossless_jpeg_metadata_strip_preserve_orientation_v2,,,
datasets/corn-field-pest-v2/train/grasshopper_unknown/img_87d1224d97800e62126e32a0.jpg,train,grasshopper_unknown,ccmt,CC BY 4.0,grp_9a7a921a9e5c07f29b37ffa4,100aa52ef8cba06667b0d260b11ed6ff32e4da96f70137218e94e2e6a286dc2f,41531,1,lossless_jpeg_metadata_strip_preserve_orientation_v2,,,
datasets/corn-field-pest-v2/train/grasshopper_unknown/img_3bd1135f9a2581107043262d.jpg,train,grasshopper_unknown,ccmt,CC BY 4.0,grp_c80e7de2fd76efead098f66d,5251e7cc950c2bf2ee1b542c1124709d258fb06e324d6cda53270be6628b71b7,26263,1,lossless_jpeg_metadata_strip_preserve_orientation_v2,,,
datasets/corn-field-pest-v2/train/fall_armyworm/img_166af5558b90d49ce2f05a9f.jpg,train,fall_armyworm,tom2024,CC BY 4.0,grp_407c91035cf5790aa26b13ce,890fc72735dc7ff3c6bd37dd2d428b2ab1f37716aebc18227d050c6032de9bf0,2303,1,lossless_jpeg_metadata_strip_preserve_orientation_v2,,,
datasets/corn-field-pest-v2/train/leaf_beetle_unknown/img_00435cca8b16fed53005be0f.jpg,train,leaf_beetle_unknown,ccmt,CC BY 4.0,grp_2c4d8548b215590d7d33321e,19451f77f1a877a6137e4ae98f6b3b25e430bd35658cba29d4836267bae4a718,30935,1,lossless_jpeg_metadata_strip_preserve_orientation_v2,,,
datasets/corn-field-pest-v2/train/healthy/img_ee102cc1f409513f654b38d1.jpg,train,healthy,tom2024,CC BY 4.0,grp_4438f89c520c0914f20e600e,fdf05f82fc3e9ff1ef54c30c5ccf15443e15bcb0a9506aa44afc66cd445c6d7b,9520,1,lossless_jpeg_metadata_strip_preserve_orientation_v2,,,
datasets/corn-field-pest-v2/train/grasshopper_unknown/img_ce6d5307049331ea00bdc4a6.jpg,train,grasshopper_unknown,ccmt,CC BY 4.0,grp_33ab51f0c412c73f2be0d5e1,7a4103484a7481816c696f9887b2a8a7eff3ec35c1af5fa7b97bd24c83ba8c49,48361,1,lossless_jpeg_metadata_strip_preserve_orientation_v2,,,
datasets/corn-field-pest-v2/train/healthy/img_1061aec696db52d29f5b7687.jpg,train,healthy,ccmt,CC BY 4.0,grp_9146f2e44d881e435881ea59,025ae5cc3fd4411dc809b786d0db0c8d7d72672ca1c85122076d4200fd6fe1c1,48361,1,lossless_jpeg_metadata_strip_preserve_orientation_v2,,,
datasets/corn-field-pest-v2/train/healthy/img_232f149d0fc20823442dc0a7.jpg,train,healthy,tom2024,CC BY 4.0,grp_40fc7c173df26dd83eda28ff,f3af94dd32416cc7876c84936f189483c700f58e57d42d068301347c97b28662,5119,1,lossless_jpeg_metadata_strip_preserve_orientation_v2,,,
datasets/corn-field-pest-v2/train/fall_armyworm/img_3420d7c134f758d7108843dc.jpg,train,fall_armyworm,ccmt,CC BY 4.0,grp_009fd95128ea2fdb4a05556b,ba55d88d3b7bbe174fe1e96f972310ab11d11fea8aee867fd2604302bdbd1f3b,40026,1,lossless_jpeg_metadata_strip_preserve_orientation_v2,,,
datasets/corn-field-pest-v2/val/fall_armyworm/img_4190d42d9cd0e248ff401723.jpg,val,fall_armyworm,tom2024,CC BY 4.0,grp_ca4d40b8a4b999d8a5d5689c,46d383591f6c8af7fea10acc6fdd8c9b94f9e91afca88dce248164c2d4dbb0a7,6591,1,lossless_jpeg_metadata_strip_preserve_orientation_v2,,,
datasets/corn-field-pest-v2/train/leaf_beetle_unknown/img_aea8f54d211f13af1ac9d44e.jpg,train,leaf_beetle_unknown,ccmt,CC BY 4.0,grp_3ed59a87b5c67baa459a3fa3,4431921c623dded3008212c57fe0b96540b2d93de8af1bf142207c17b84c3bf5,45394,1,lossless_jpeg_metadata_strip_preserve_orientation_v2,,,
datasets/corn-field-pest-v2/train/fall_armyworm/img_3a7a17ec8190e46713f6eb9d.jpg,train,fall_armyworm,ccmt,CC BY 4.0,grp_f87e9ff08ff063817d608349,0ee0923c892ed472b226233427f99d66f4afd59baf726f9e3ba7d18c6f3450c0,44257,1,lossless_jpeg_metadata_strip_preserve_orientation_v2,,,
datasets/corn-field-pest-v2/val/healthy/img_4e288de4674410cb5d5d02e1.jpg,val,healthy,tom2024,CC BY 4.0,grp_948227d7ad58d447539359aa,23725b425182125d79f006d64a630f87f3d978758e3f0228a6e37940b2927bb9,7962,1,lossless_jpeg_metadata_strip_preserve_orientation_v2,,,
datasets/corn-field-pest-v2/train/healthy/img_a75c451d248cf3e164b6e881.jpg,train,healthy,ccmt,CC BY 4.0,grp_46b35cab043ffc1e6acdb308,8b84a85f46ac3c6002bc2a9aa68057dcec2b23acb2f382df8a63299151d90a8d,48908,1,lossless_jpeg_metadata_strip_preserve_orientation_v2,,,
datasets/corn-field-pest-v2/train/grasshopper_unknown/img_a9a14e1e565325d0044f0f59.jpg,train,grasshopper_unknown,ccmt,CC BY 4.0,grp_cd9f59cb2d4ceb62019d8019,2fae38edce332797b4fba2770f0f367876213baf7fff414584560df08bc27f9e,62766,1,lossless_jpeg_metadata_strip_preserve_orientation_v2,,,
datasets/corn-field-pest-v2/train/maize_aphid_unknown/img_31789806af090cbd3517bfa8.jpg,train,maize_aphid_unknown,yeesi,CC BY 4.0,grp_ed471b353f4a6b148da3d189,6b068bd6722f0b3703e755ec0e7470f653440e066aaacadabde5748d7bef29bb,4975239,1,lossless_jpeg_metadata_strip_preserve_orientation_v2,,,
datasets/corn-field-pest-v2/val/maize_aphid_unknown/img_2eb973bbfb94e8b016e367b9.jpg,val,maize_aphid_unknown,yeesi,CC BY 4.0,grp_1a075beb064f54e8059f91fe,604689032b941604ab0a81ac73142e052b6040171cbcfe8b3f89f6620db73146,1940300,1,lossless_jpeg_metadata_strip_preserve_orientation_v2,,,
datasets/corn-field-pest-v2/val/leaf_beetle_unknown/img_3d91964ffcc3ac8deac0744f.jpg,val,leaf_beetle_unknown,ccmt,CC BY 4.0,grp_bc0ee1fcb83fe900cd0ebb39,515c17c810d111d8ce18738eef8f906f7fdfc0eddb6e4b5393dba5676a8bd6f0,23601,1,lossless_jpeg_metadata_strip_preserve_orientation_v2,,,
datasets/corn-field-pest-v2/val/leaf_beetle_unknown/img_577bba9cc7c5ad79c9d81cd5.jpg,val,leaf_beetle_unknown,ccmt,CC BY 4.0,grp_6c18025601b9dd67799a2c34,6b04173210599dd091e49d6a0011827993cd5fee4238f029cfee29846095245e,34852,1,lossless_jpeg_metadata_strip_preserve_orientation_v2,,,
datasets/corn-field-pest-v2/train/grasshopper_unknown/img_efc5a890dd002e34cc16bcab.jpg,train,grasshopper_unknown,ccmt,CC BY 4.0,grp_d20382183ff9428848548726,e2e1dd7bd2483ba1c4b47b478c99e4746e4b94d08103579425d51db47bb3b842,56358,1,lossless_jpeg_metadata_strip_preserve_orientation_v2,,,
datasets/corn-field-pest-v2/train/leaf_beetle_unknown/img_1f015fa10f22f65620d7d29e.jpg,train,leaf_beetle_unknown,ccmt,CC BY 4.0,grp_df3939b63dbcf92c3acd69f7,077a7718e3243000aa56729bb911368426e8e23a295b30c82e287ae76718d5b7,38455,1,lossless_jpeg_metadata_strip_preserve_orientation_v2,,,
datasets/corn-field-pest-v2/train/fall_armyworm/img_b641a4650820ed454b6abaa0.jpg,train,fall_armyworm,tom2024,CC BY 4.0,grp_8c10e8cca1d52819d3e37a96,9ba237fb7f8be44e5efbd26f833ad1187ea3465bfe2665b35cbd0ee14fb37520,8040,1,lossless_jpeg_metadata_strip_preserve_orientation_v2,,,
datasets/corn-field-pest-v2/train/grasshopper_unknown/img_cf75fbc5d957db1f769a13f7.jpg,train,grasshopper_unknown,ccmt,CC BY 4.0,grp_e050b72475e4f12c2d6362c5,542ba684b9ca7f3a6cfe00bb7d7fa4394c094fb9a1eb8ea64f12465201680255,46361,1,lossless_jpeg_metadata_strip_preserve_orientation_v2,,,
datasets/corn-field-pest-v2/train/leaf_beetle_unknown/img_0d8ffe897a69465bc744560f.jpg,train,leaf_beetle_unknown,ccmt,CC BY 4.0,grp_cfa9225a9e9fd7d23ed97d0b,2fd04cca57701b255b1705b68789b5a5ca28ff1a0b2d564e4425c51e4d627eb7,33339,1,lossless_jpeg_metadata_strip_preserve_orientation_v2,,,
datasets/corn-field-pest-v2/train/leaf_beetle_unknown/img_79920e8935731e28aabcf348.jpg,train,leaf_beetle_unknown,ccmt,CC BY 4.0,grp_7d2f88b8ddf5ec7ea55d89a3,97161d96b89466174b96c2cbd0f949bb5e67befa9990acb73ecae64b7ca5bab2,44852,1,lossless_jpeg_metadata_strip_preserve_orientation_v2,,,
datasets/corn-field-pest-v2/train/leaf_beetle_unknown/img_9e70f7d0a58f2e439d5afbbb.jpg,train,leaf_beetle_unknown,ccmt,CC BY 4.0,grp_af2a2d9998d2142125482aa4,8f243229a5bd24532396b103c4d36ac3a1392ef22c9f583c3259e2881decd37c,29902,1,lossless_jpeg_metadata_strip_preserve_orientation_v2,,,
datasets/corn-field-pest-v2/train/healthy/img_98e5d7ca6c80d55581f7a2b4.jpg,train,healthy,ccmt,CC BY 4.0,grp_d360cd9308603b291b61cef7,7b6e9e18b5c8c042078c535222a7d2a1cace5227fbf45ad394922ea28a87c639,44399,1,lossless_jpeg_metadata_strip_preserve_orientation_v2,,,
datasets/corn-field-pest-v2/train/fall_armyworm/img_9e21298c798c83b516a8b7fb.jpg,train,fall_armyworm,tom2024,CC BY 4.0,grp_bbdd0765530c3814c2b4d055,693f9d387fb58041a05bf5bcd4a3b0fe9564150f46d6d3021e3ba43ce3c47e6b,2729,1,lossless_jpeg_metadata_strip_preserve_orientation_v2,,,
datasets/corn-field-pest-v2/train/grasshopper_unknown/img_67a39beff0ee0d92e558669a.jpg,train,grasshopper_unknown,ccmt,CC BY 4.0,grp_d75d6d290220f818460b5bf1,a5cea89faba2df264290bdc9b02856bf205a1037c2d867855b681c6e1c5fc7e7,72702,1,lossless_jpeg_metadata_strip_preserve_orientation_v2,,,
datasets/corn-field-pest-v2/train/grasshopper_unknown/img_32cb7a516032a8b4ea6ca783.jpg,train,grasshopper_unknown,ccmt,CC BY 4.0,grp_8e39e9e91c4e695da98dfda1,495b1c9f562b650f9a9f4e72899f8e72bda21f74639f234fb0f8c7f1a1fc638f,44238,1,lossless_jpeg_metadata_strip_preserve_orientation_v2,,,
datasets/corn-field-pest-v2/val/leaf_beetle_unknown/img_046ad840d264336343102cac.jpg,val,leaf_beetle_unknown,ccmt,CC BY 4.0,grp_d0a5bc19e7437ea93003d0fe,0cf8085f2b019716557b4738374a95e141648674142474f1501602b75cf4490e,38148,1,lossless_jpeg_metadata_strip_preserve_orientation_v2,,,
datasets/corn-field-pest-v2/train/grasshopper_unknown/img_ea6faed49d88805e05ec2426.jpg,train,grasshopper_unknown,ccmt,CC BY 4.0,grp_da58e2dacd8e4f31c7fd56ed,2b0d20fdc54eb2ef97a50c2c395ba0ff6fc5b6f1555c52835f5c2d43e9123d89,36043,1,lossless_jpeg_metadata_strip_preserve_orientation_v2,,,
datasets/corn-field-pest-v2/train/fall_armyworm/img_9797cc7ce5efac2e5829880e.jpg,train,fall_armyworm,tom2024,CC BY 4.0,grp_797f73c231fff656b7fb74e1,335707f9008e74b5b48100935fd6fb8298c2161af02db0298b57049f17a0593c,10360,1,lossless_jpeg_metadata_strip_preserve_orientation_v2,,,
datasets/corn-field-pest-v2/train/leaf_beetle_unknown/img_1b8a0de2842f45a75e98ab2c.jpg,train,leaf_beetle_unknown,ccmt,CC BY 4.0,grp_6746c1f043956ba8e44afbbd,fac8d3f4d831fe3e8d6459f0ece88a9ecb4a5563d6943f3cc5297b792ff38d8f,38673,1,lossless_jpeg_metadata_strip_preserve_orientation_v2,,,
datasets/corn-field-pest-v2/train/healthy/img_e5ac9d99484bd6c6bafc5b2f.jpg,train,healthy,ccmt,CC BY 4.0,grp_4c9bd6750db9efb3abb2ba3f,a93e1fb6d04eb40e54d6320cf26e156be8158924832036568dd5ad0377fbb7c9,42838,1,lossless_jpeg_metadata_strip_preserve_orientation_v2,,,
datasets/corn-field-pest-v2/train/healthy/img_661fa4f02cd20ff6860fbf93.jpg,train,healthy,tom2024,CC BY 4.0,grp_3540579cab1ad84f539f31eb,3eb568203be272550489e280cf17f08f305782f2a4a297df34ec71ec475ef579,1945,1,lossless_jpeg_metadata_strip_preserve_orientation_v2,,,
datasets/corn-field-pest-v2/train/healthy/img_ceaa5d4318c570c68ac02150.jpg,train,healthy,tom2024,CC BY 4.0,grp_6df23df48794d141eca8ec52,c5a5dbb36881e9c59c181d625a4a20c57920dc5030a4ae8aeb21234f84c42a48,19977,1,lossless_jpeg_metadata_strip_preserve_orientation_v2,,,
datasets/corn-field-pest-v2/train/healthy/img_79978466baf15b15aae28f09.jpg,train,healthy,ccmt,CC BY 4.0,grp_bbaf5d1fbc1a0e3a223a90e6,e780a65e491beaba7904239316cc5476bb57c92084e48ec2fd2fa18b39d12782,38814,1,lossless_jpeg_metadata_strip_preserve_orientation_v2,,,
datasets/corn-field-pest-v2/train/leaf_beetle_unknown/img_92b050e98c8989a03d68e759.jpg,train,leaf_beetle_unknown,ccmt,CC BY 4.0,grp_bf2dc869cb0a383a4eb09b05,865fc389596edf931af69a3af4ae98a778aa8eee6c08eb7d6e7b6d1b37e04a5c,19145,1,lossless_jpeg_metadata_strip_preserve_orientation_v2,,,
datasets/corn-field-pest-v2/train/grasshopper_unknown/img_e20c4bf3be918e1ae25356bd.jpg,train,grasshopper_unknown,ccmt,CC BY 4.0,grp_96171952c3bad1711cb8c047,cdc2de37dc081664c7993d15a970a81ce3a46ad5c7acaaef4094d4518e36bc7d,29900,1,lossless_jpeg_metadata_strip_preserve_orientation_v2,,,
datasets/corn-field-pest-v2/train/grasshopper_unknown/img_3c141371503037eb274113d0.jpg,train,grasshopper_unknown,ccmt,CC BY 4.0,grp_4c67e844255d32f052f12661,71e5ced554572f1a1fa7c10b72a202118c036fe5067d7f6da03f29723a358cb2,41021,1,lossless_jpeg_metadata_strip_preserve_orientation_v2,,,
datasets/corn-field-pest-v2/train/fall_armyworm/img_95fb2904dfef271dd214fd6c.jpg,train,fall_armyworm,tom2024,CC BY 4.0,grp_eebf14b92845189dbf5906d6,24d954568e1348b40868c7d536433fe352c2f48e6e3edc92108fa0fcbfb005eb,18072,1,lossless_jpeg_metadata_strip_preserve_orientation_v2,,,
datasets/corn-field-pest-v2/train/healthy/img_97bb81b117ff105594e041a3.jpg,train,healthy,ccmt,CC BY 4.0,grp_70904d8bcb3e37c90da353b8,01c3e6a40058c07cd19a42c2f1abe9966d5cead173be89e42fe1894fe1dbf95c,36704,1,lossless_jpeg_metadata_strip_preserve_orientation_v2,,,
datasets/corn-field-pest-v2/train/grasshopper_unknown/img_2cb0e1a82eaa2ce878ff2431.jpg,train,grasshopper_unknown,ccmt,CC BY 4.0,grp_65f7f4470ed9ae7e39ab2f3a,b5a19b0a76e081570cdf8766f0d10e49975f0e9078d32911f8538f13a0cf6a00,40651,1,lossless_jpeg_metadata_strip_preserve_orientation_v2,,,
datasets/corn-field-pest-v2/train/grasshopper_unknown/img_27ca38057a3dd0f4c51f4f6e.jpg,train,grasshopper_unknown,ccmt,CC BY 4.0,grp_56b763f6e42cc3beeca4521c,7f5fad34dc8e17bd8deb11de40c8fe2b7b3c95529020e20de6aeb1a9dc06fcb9,43705,1,lossless_jpeg_metadata_strip_preserve_orientation_v2,,,
datasets/corn-field-pest-v2/train/fall_armyworm/img_2ef020b9242bf5b18c099200.jpg,train,fall_armyworm,tom2024,CC BY 4.0,grp_69dc14a38efd9a2b06ef1c4f,2ff7402814df12fb11d91737c0f960a9dfffa3b2fce14297b7baa0343848a12e,4767,1,lossless_jpeg_metadata_strip_preserve_orientation_v2,,,
datasets/corn-field-pest-v2/train/healthy/img_b1ffc5cda1cc1e79ce7846e9.jpg,train,healthy,ccmt,CC BY 4.0,grp_7062fc060f07d812647623f5,dff199ec254d854d8ad484845e8cd4e5ccbdf3b7a1cd45589bb9bc5fd888d9fe,55778,1,lossless_jpeg_metadata_strip_preserve_orientation_v2,,,
datasets/corn-field-pest-v2/val/grasshopper_unknown/img_5c84aed8f92b305b74dcefab.jpg,val,grasshopper_unknown,ccmt,CC BY 4.0,grp_a0d50344975a58697b96210d,b8a31569ff5d6d9116ce5815e6df66b597c4cc272d30d630228b8bb033992105,42997,1,lossless_jpeg_metadata_strip_preserve_orientation_v2,,,
datasets/corn-field-pest-v2/val/healthy/img_24d08554a1771258305c3a86.jpg,val,healthy,tom2024,CC BY 4.0,grp_48438e20c8b663ca97ff734b,b5cb2ff681521d878ef6ef42320ae0bd3b4c48f3bf3acc81d87015558749e224,10089,1,lossless_jpeg_metadata_strip_preserve_orientation_v2,,,
datasets/corn-field-pest-v2/train/fall_armyworm/img_b39e55e39b57c78dcab78d67.jpg,train,fall_armyworm,tom2024,CC BY 4.0,grp_74a263b87bbbf43de351b424,f9780c07e3910e1e4b1cef238ed3cf84d498d70524043cffe01405d1d8b93eae,4168,1,lossless_jpeg_metadata_strip_preserve_orientation_v2,,,
datasets/corn-field-pest-v2/train/fall_armyworm/img_0c27dd929223ce294969b466.jpg,train,fall_armyworm,tom2024,CC BY 4.0,grp_87dfda6f058348f6d7cc4dfd,7215bbac7174747a310ec6ead7c56fbfe6d7cc5f7a45486e2bb839e7d82cddde,2775,1,lossless_jpeg_metadata_strip_preserve_orientation_v2,,,
datasets/corn-field-pest-v2/train/fall_armyworm/img_4d75411c553c5a7e0f07af5e.jpg,train,fall_armyworm,tom2024,CC BY 4.0,grp_c8e24df3b71a67533c44127e,133f0d5b7b632a0472fc564debabcf3116e3358528ee535331377406c1f68cff,23840,1,lossless_jpeg_metadata_strip_preserve_orientation_v2,,,
datasets/corn-field-pest-v2/train/fall_armyworm/img_79bed7faacbe802e0727b519.jpg,train,fall_armyworm,tom2024,CC BY 4.0,grp_2bf26cb6854191b08439b32f,db1d5b73880b0c0ec933b3c8cbf505584d7ea9a8f5488db43760ae0a1a4d292d,5686,1,lossless_jpeg_metadata_strip_preserve_orientation_v2,,,
datasets/corn-field-pest-v2/train/fall_armyworm/img_2c94a97717b3717dedd5ec6f.jpg,train,fall_armyworm,ccmt,CC BY 4.0,grp_0b07404a8b15524fbcd12319,a727d206341cb0c0f498458d64e59f838f20b7bb98a7726ca52ae704a09de27c,44600,1,lossless_jpeg_metadata_strip_preserve_orientation_v2,,,
datasets/corn-field-pest-v2/train/leaf_beetle_unknown/img_b10b7f5f0fdfd04073a10914.jpg,train,leaf_beetle_unknown,ccmt,CC BY 4.0,grp_fa2e4ea20b922b9e1dec4241,8f9452da090d0ae1653ee7261105f56fe174ec234b5df0b0591134a5f23e93ec,28297,1,lossless_jpeg_metadata_strip_preserve_orientation_v2,,,
datasets/corn-field-pest-v2/train/grasshopper_unknown/img_10efdfbf7b46668e9254a55c.jpg,train,grasshopper_unknown,ccmt,CC BY 4.0,grp_4c75f1838fca1b8469346dce,34b4e756899cc382f8ae2b031b4d87882671ada3fbc062f931baa3f11020dee7,29614,1,lossless_jpeg_metadata_strip_preserve_orientation_v2,,,
datasets/corn-field-pest-v2/train/grasshopper_unknown/img_0138340c4748450bfe6c4610.jpg,train,grasshopper_unknown,ccmt,CC BY 4.0,grp_ebe32f991480908f63c18c3d,c96879fecf83b7a3f7a50b6a2e238c784d1f9a3504e38f7f606662dcaa30dd09,54716,1,lossless_jpeg_metadata_strip_preserve_orientation_v2,,,
datasets/corn-field-pest-v2/train/grasshopper_unknown/img_4a798e14a509c71fcc60b609.jpg,train,grasshopper_unknown,ccmt,CC BY 4.0,grp_1aec8fb428ff47547958b678,2a8caa7ae413252dcca122ab148dfcd54c6f5cff73501404c6ee1d64e668013d,55428,1,lossless_jpeg_metadata_strip_preserve_orientation_v2,,,
datasets/corn-field-pest-v2/train/grasshopper_unknown/img_e2b83bae43dbe0f2fb850da5.jpg,train,grasshopper_unknown,ccmt,CC BY 4.0,grp_12cfa459a02322e0d949bd6f,3bace81836d319ec49ecb049f33f9b0c56db8cf76243f1c18aa9381d60fd9780,25042,1,lossless_jpeg_metadata_strip_preserve_orientation_v2,,,
datasets/corn-field-pest-v2/val/healthy/img_898da0a870f074ef324c006b.jpg,val,healthy,tom2024,CC BY 4.0,grp_5cc2c31ebcae7f7273c5b8f6,bcba4f71d275c83629c751aae462bb1e6b5c51e70f29cb8cbbfda2e5fd956e69,8706,1,lossless_jpeg_metadata_strip_preserve_orientation_v2,,,
datasets/corn-field-pest-v2/train/fall_armyworm/img_32227160706ec67518720ee7.jpg,train,fall_armyworm,ccmt,CC BY 4.0,grp_c0f0557c5f2b7adbe146aa2c,71ecdafbf1f9c951870cc3e5ab96f17c3027a2f8a67b2c7d368533fa0d1df82d,48486,1,lossless_jpeg_metadata_strip_preserve_orientation_v2,,,
datasets/corn-field-pest-v2/train/leaf_beetle_unknown/img_19fcf4df24c165bb3422dbaf.jpg,train,leaf_beetle_unknown,ccmt,CC BY 4.0,grp_9d1ca88d09140455f1154184,00fe46c46c297c8de112d8223d1bae42a8e5d0c30c5bc3f52e2d83d1418b7836,34875,1,lossless_jpeg_metadata_strip_preserve_orientation_v2,,,
datasets/corn-field-pest-v2/train/grasshopper_unknown/img_7752a2b0e352bc95b3ea8912.jpg,train,grasshopper_unknown,ccmt,CC BY 4.0,grp_16ab7564116e51610ad09b34,5ea3e5f74e1321bd22a1a9640f9c21a9d5285c1560d269f66ce5d7e75eb451a4,23270,1,lossless_jpeg_metadata_strip_preserve_orientation_v2,,,
datasets/corn-field-pest-v2/val/leaf_beetle_unknown/img_0d15b55ac1380e4019f1de7c.jpg,val,leaf_beetle_unknown,ccmt,CC BY 4.0,grp_047de69df3350e3b44beef37,b5719e75cb2d9ca85986e8a62554e8e8b373227a45676f2529bd56a996a58080,49298,1,lossless_jpeg_metadata_strip_preserve_orientation_v2,,,
datasets/corn-field-pest-v2/train/grasshopper_unknown/img_ff84278e0808ccdb9453bfff.jpg,train,grasshopper_unknown,ccmt,CC BY 4.0,grp_1a00905659485a4cf71a678c,8ac02f4fa5569dc3ca9962876ad5c2bc75892ca5ddf9d06c620424710dca58c4,30122,1,lossless_jpeg_metadata_strip_preserve_orientation_v2,,,
datasets/corn-field-pest-v2/val/leaf_beetle_unknown/img_36919cc5c992c6f3e5c7d413.jpg,val,leaf_beetle_unknown,ccmt,CC BY 4.0,grp_ddd6694c8e7b6965959457ca,126f80b3a60d0aed48a57ce55458db9140af11eb10efe5b9bf80b344732394d7,63587,1,lossless_jpeg_metadata_strip_preserve_orientation_v2,,,
datasets/corn-field-pest-v2/train/grasshopper_unknown/img_43ec2dcad1c7f188c5e4b296.jpg,train,grasshopper_unknown,ccmt,CC BY 4.0,grp_de33d0b0b082a70c8126fecd,7e5ceb7c40a497e92a288da638239761425b1915d7b6dca5341cf9c0ba9363b7,33152,1,lossless_jpeg_metadata_strip_preserve_orientation_v2,,,
datasets/corn-field-pest-v2/val/fall_armyworm/img_1a7fad86ecf225a767c0f77a.jpg,val,fall_armyworm,tom2024,CC BY 4.0,grp_78e8717229252d7ac7f5e98d,1b23f2c2a01efdf2ed90cd273c7fffcf84044ab7ab8e0d28193b065e319cc6e7,8841,1,lossless_jpeg_metadata_strip_preserve_orientation_v2,,,
datasets/corn-field-pest-v2/train/leaf_beetle_unknown/img_0c73494787bef6cef131b149.jpg,train,leaf_beetle_unknown,ccmt,CC BY 4.0,grp_499a7aa7163efd0ea4789427,02eefcfbb34f0e8ffde4b95e5477c24596472717fdcc08a7f88677cbbcf4d8f1,29033,1,lossless_jpeg_metadata_strip_preserve_orientation_v2,,,
datasets/corn-field-pest-v2/train/fall_armyworm/img_f0d5dd7485c827e306a18624.jpg,train,fall_armyworm,tom2024,CC BY 4.0,grp_05643aa5747731620589b8d3,7ee02a36425d5f68d07cea712c70de2306e4a19c2ceef1ab508e38abf6aba4fd,4713,1,lossless_jpeg_metadata_strip_preserve_orientation_v2,,,
datasets/corn-field-pest-v2/val/healthy/img_d87afd93614438076015cd41.jpg,val,healthy,ccmt,CC BY 4.0,grp_1a511942b74ce4754759d00f,3cc7d797ebd51481c071f2780727f5a6e6a09d81536b229416feadac2f6afac6,35193,1,lossless_jpeg_metadata_strip_preserve_orientation_v2,,,
datasets/corn-field-pest-v2/train/leaf_beetle_unknown/img_984c4778761637fe2d0d66e8.jpg,train,leaf_beetle_unknown,ccmt,CC BY 4.0,grp_a5f3a8ee64dc3e68792e203e,bf150e670d020a697ea2495f0e87d9f0071871255d2b187f6c3d074014164ba6,29481,1,lossless_jpeg_metadata_strip_preserve_orientation_v2,,,
datasets/corn-field-pest-v2/val/fall_armyworm/img_a71d825533b9ab7ba6e5f8fe.jpg,val,fall_armyworm,tom2024,CC BY 4.0,grp_907c7538d0033c3097e62ac6,129e81ebb7faad87483e34e6e818d2155bafb081e3e498356cdee2280c487373,5040,1,lossless_jpeg_metadata_strip_preserve_orientation_v2,,,
datasets/corn-field-pest-v2/train/fall_armyworm/img_f431efd6a57ca9fcdd41d244.jpg,train,fall_armyworm,ccmt,CC BY 4.0,grp_5d6244a705e28be9b4006aea,ba7070c37d35db7b221f69874570151ef1252f6a29cc2fd9568eec10d0e34f2d,55992,1,lossless_jpeg_metadata_strip_preserve_orientation_v2,,,
datasets/corn-field-pest-v2/train/healthy/img_5ab74a9132704c301f29ac2c.jpg,train,healthy,tom2024,CC BY 4.0,grp_7ba4ceca38e4c81a295c5045,3acafbc44e6ad5574177cbb9edda4214f068305f06f1d08c0b17f180859d5406,7240,1,lossless_jpeg_metadata_strip_preserve_orientation_v2,,,
datasets/corn-field-pest-v2/val/healthy/img_690129d329da2d2e4f56e0a1.jpg,val,healthy,tom2024,CC BY 4.0,grp_07d715cda0a7a60b8c230834,539317463ae8d511245cb626855b75a898d85dd959d7994b3df6d89e5fae0d8e,13499,1,lossless_jpeg_metadata_strip_preserve_orientation_v2,,,
datasets/corn-field-pest-v2/train/healthy/img_d4f99cb13c84f05552ed6dd2.jpg,train,healthy,ccmt,CC BY 4.0,grp_cf60a22ffe6ee1f028b52e0e,ee42e050ac1338fd5a1ca61e56bae43de5dd881b55d9cbe29eab286c256be1e8,38083,1,lossless_jpeg_metadata_strip_preserve_orientation_v2,,,
datasets/corn-field-pest-v2/train/leaf_beetle_unknown/img_69630cba6d243bca31975d5c.jpg,train,leaf_beetle_unknown,ccmt,CC BY 4.0,grp_86fca04f32ad4302e21533a4,fe5a6305023a07a79e75cb61f7f30615738a987a77305a00a01cac916ae9eb3e,49537,1,lossless_jpeg_metadata_strip_preserve_orientation_v2,,,
datasets/corn-field-pest-v2/train/healthy/img_1b49090da9467a7b9d9c3ffb.jpg,train,healthy,ccmt,CC BY 4.0,grp_28b84738e1e724c569ea2a0f,3199cd03576c965782fbb468bdb165bc2387037dccc6e42f84fd253e6ee2add8,41583,1,lossless_jpeg_metadata_strip_preserve_orientation_v2,,,
datasets/corn-field-pest-v2/train/leaf_beetle_unknown/img_cac2a7b10b41a755dca61b5d.jpg,train,leaf_beetle_unknown,ccmt,CC BY 4.0,grp_d59d2abbe3245be919a27f4c,0bdfd8c5317d13ba32c17c9fa9de84b9405b0a15cd7b56cb9080c2f65a524c6a,32666,1,lossless_jpeg_metadata_strip_preserve_orientation_v2,,,
datasets/corn-field-pest-v2/train/grasshopper_unknown/img_96692cf34bba741e27dea95f.jpg,train,grasshopper_unknown,ccmt,CC BY 4.0,grp_984d22ae7e7932ab57666d0c,526e958e6fb59cbeb3c7c4f2d5ee2f66d62d1f9c501fa23e9ce5f2d49efaec6b,53127,1,lossless_jpeg_metadata_strip_preserve_orientation_v2,,,
datasets/corn-field-pest-v2/train/grasshopper_unknown/img_fe454fa8e0a1325b1cbad83b.jpg,train,grasshopper_unknown,ccmt,CC BY 4.0,grp_b9382c8cf4222532454f6ad5,1493616ffbc4472702363bb02109678e8da77aa67a5b837f2cdbb0dd116a1755,26671,1,lossless_jpeg_metadata_strip_preserve_orientation_v2,,,
datasets/corn-field-pest-v2/train/healthy/img_196dbee579b00c9c16d60a59.jpg,train,healthy,ccmt,CC BY 4.0,grp_fb0f913fec3a85d3ca60909b,3ded12ae701b4f2c8d3c40096f32183acf8a0bc96477104053a1cd1ad85a5671,51401,1,lossless_jpeg_metadata_strip_preserve_orientation_v2,,,
datasets/corn-field-pest-v2/train/fall_armyworm/img_f3b9ea617230af9825d1e59c.jpg,train,fall_armyworm,ccmt,CC BY 4.0,grp_c6820c94686d7fdca35a67be,4e56cbdbcdaedf8337b33264ec1f4527f7720386427f7a85bc48d82f299fc396,34860,1,lossless_jpeg_metadata_strip_preserve_orientation_v2,,,
datasets/corn-field-pest-v2/train/fall_armyworm/img_c9bf14e7e1553f7bd1a9b78b.jpg,train,fall_armyworm,tom2024,CC BY 4.0,grp_22bfca59ef227731e126e317,46ad864f8e36a61afa752e529b9d8ca68beb0f0d9aeecaf4fa60d0ec6b13731c,2285,1,lossless_jpeg_metadata_strip_preserve_orientation_v2,,,
datasets/corn-field-pest-v2/train/grasshopper_unknown/img_ba67b28d3f4d44eb12a28ff5.jpg,train,grasshopper_unknown,ccmt,CC BY 4.0,grp_6288287f8f8b4a945cf316c0,889f6e9f81afc4bc1eb3467e8569fff4388ef37cf25e960ab736982ed1ebd67d,47343,1,lossless_jpeg_metadata_strip_preserve_orientation_v2,,,
datasets/corn-field-pest-v2/val/grasshopper_unknown/img_1da6577761b87fd044541ddc.jpg,val,grasshopper_unknown,ccmt,CC BY 4.0,grp_409b45dc0e1682bab21839ea,7c69a79ffb30c53d66b179590d5ed72f73f42a81bf8de68f50222a08880dfb0d,49368,1,lossless_jpeg_metadata_strip_preserve_orientation_v2,,,
datasets/corn-field-pest-v2/train/healthy/img_3013180a823f0a3652f1ff52.jpg,train,healthy,tom2024,CC BY 4.0,grp_a2c6884cebe728652fa08f1a,e45d289375f86fae7b76dae429dd51738d23f90e6d9a83f971bdbc2bb167abf1,3505,1,lossless_jpeg_metadata_strip_preserve_orientation_v2,,,
datasets/corn-field-pest-v2/train/fall_armyworm/img_f1e1f28c8eb330c6fc85d183.jpg,train,fall_armyworm,tom2024,CC BY 4.0,grp_3a66f39e15d78e0f093c0319,b52639d7ef6f71c723ea1ad9430176594dcb7f03f57e21a357cddb828e42e5f2,1822,1,lossless_jpeg_metadata_strip_preserve_orientation_v2,,,
datasets/corn-field-pest-v2/train/fall_armyworm/img_96478811f8e3fd98ebd1c4f7.jpg,train,fall_armyworm,tom2024,CC BY 4.0,grp_82b5497f4393d1caa232ff5d,1f35de943ae7adad30c00a08384addc967ab19c4b8409d09ea9525101b9dede4,3439,1,lossless_jpeg_metadata_strip_preserve_orientation_v2,,,
datasets/corn-field-pest-v2/val/leaf_beetle_unknown/img_ce0145f2cdd079d406162290.jpg,val,leaf_beetle_unknown,ccmt,CC BY 4.0,grp_c923d74f877ba72dfa655e5e,09c8c8dc404709d59d031a67c9eb64269a05487ae4bddc4eb5165c5c75a21e9e,44489,1,lossless_jpeg_metadata_strip_preserve_orientation_v2,,,
datasets/corn-field-pest-v2/train/leaf_beetle_unknown/img_8b37098b8433a067aa17e10a.jpg,train,leaf_beetle_unknown,ccmt,CC BY 4.0,grp_4baeac29f815de73f043a8b8,317eafc1f46b653826300e79c2130688f3b05cb0fe284179e81980b0b9944f51,31856,1,lossless_jpeg_metadata_strip_preserve_orientation_v2,,,
datasets/corn-field-pest-v2/val/leaf_beetle_unknown/img_2f5a5cfa0cb8ae276b443134.jpg,val,leaf_beetle_unknown,ccmt,CC BY 4.0,grp_bf938aef27c5c43ef484ba2c,3a17474c76f6b4ec9bfa5475cf6d3c3f6cf937b2230461ec7739e07435ac36b3,38806,1,lossless_jpeg_metadata_strip_preserve_orientation_v2,,,
datasets/corn-field-pest-v2/val/healthy/img_c1f0db9b2d554d580118ef42.jpg,val,healthy,tom2024,CC BY 4.0,grp_b7a6f3a9cfe57a002a868255,21d9e6efc4e44ccf423ff3ced3d3d3101e445dbc301982be36519d6c8e056ff2,9223,1,lossless_jpeg_metadata_strip_preserve_orientation_v2,,,
datasets/corn-field-pest-v2/train/fall_armyworm/img_f4a185c5f1abf49c2dc86203.jpg,train,fall_armyworm,tom2024,CC BY 4.0,grp_a543939578f078ecf77b2995,be14becca225642e48f0af7f2ff59057911019ee7806f8505027b1b5316937c5,6503,1,lossless_jpeg_metadata_strip_preserve_orientation_v2,,,
datasets/corn-field-pest-v2/train/leaf_beetle_unknown/img_77e22e236ad421dcf2741728.jpg,train,leaf_beetle_unknown,ccmt,CC BY 4.0,grp_257f90b6f7347c852119a4cd,6a490e7b423363706af4d61bd47f1a264f1cb22c4e996494c01a374e8681accc,29167,1,lossless_jpeg_metadata_strip_preserve_orientation_v2,,,
datasets/corn-field-pest-v2/train/healthy/img_d6951d368e1182056e4b0c1d.jpg,train,healthy,ccmt,CC BY 4.0,grp_babe25fe471743afc89723c3,b99614bf47d07577334ef318b8dddc6d2efebce6b5a26dfd021b52c0844c9be5,56293,1,lossless_jpeg_metadata_strip_preserve_orientation_v2,,,
datasets/corn-field-pest-v2/train/fall_armyworm/img_b96cb1ad80c4cd2b94891be8.jpg,train,fall_armyworm,tom2024,CC BY 4.0,grp_70135649b4392cd9b3302a32,782cf19972e9fd4400038f9ede38b971fafc916b257c9bb54bffb6069725921f,15738,1,lossless_jpeg_metadata_strip_preserve_orientation_v2,,,
datasets/corn-field-pest-v2/train/grasshopper_unknown/img_201303f488cf57ff594b044e.jpg,train,grasshopper_unknown,ccmt,CC BY 4.0,grp_a988da4f45a999c5dbfab80d,f7bf4bd3312b14c3838f77557daa72e3664fd1eb048e4670c68a1efd1f109f02,43136,1,lossless_jpeg_metadata_strip_preserve_orientation_v2,,,
datasets/corn-field-pest-v2/train/healthy/img_9fd144264e66f3afb5727f4e.jpg,train,healthy,ccmt,CC BY 4.0,grp_ec084caf73da31f5a8ffe8e8,608ec97b08c457e1d163c34fb540649b5deabef2780a24c67cd6ed1f419d8b13,52881,1,lossless_jpeg_metadata_strip_preserve_orientation_v2,,,
datasets/corn-field-pest-v2/train/fall_armyworm/img_038b6455145588bb65dba861.jpg,train,fall_armyworm,tom2024,CC BY 4.0,grp_a29d3441919c0e26756414c1,46472f110139dddf8c2001c85af143baaded57565cee34ab3dce38f81687ade3,2735,1,lossless_jpeg_metadata_strip_preserve_orientation_v2,,,
datasets/corn-field-pest-v2/train/grasshopper_unknown/img_c162af756ef688a06fc1860b.jpg,train,grasshopper_unknown,ccmt,CC BY 4.0,grp_2f66e49ab0c63f0192605fba,b793e539a5c1199474266e351fd60160b168b82dad3b566086bfc34488a70642,42014,1,lossless_jpeg_metadata_strip_preserve_orientation_v2,,,
datasets/corn-field-pest-v2/train/grasshopper_unknown/img_d65efc21a3856e060e2606f7.jpg,train,grasshopper_unknown,ccmt,CC BY 4.0,grp_a987331244ea4a984dbce229,9bf665d8abca44df917268234a94c820b99c93bbd19a3528dde8e75a9101ce08,23771,1,lossless_jpeg_metadata_strip_preserve_orientation_v2,,,
datasets/corn-field-pest-v2/val/leaf_beetle_unknown/img_796314b0f2e2ed60c0f3a8a3.jpg,val,leaf_beetle_unknown,ccmt,CC BY 4.0,grp_4f3904261f527c9bba1fed67,d7577513d73914ad24e54f163f7c42f82edf39f9e18ece8fcd36560fed230244,27929,1,lossless_jpeg_metadata_strip_preserve_orientation_v2,,,
datasets/corn-field-pest-v2/val/grasshopper_unknown/img_eaf3db8702e2e583176df1f6.jpg,val,grasshopper_unknown,ccmt,CC BY 4.0,grp_151a9161fe5538e07fd8c435,57580be5464250c84a8818125e53ccc566c4e4b33707041dc3753234474ab308,29898,1,lossless_jpeg_metadata_strip_preserve_orientation_v2,,,
datasets/corn-field-pest-v2/train/leaf_beetle_unknown/img_a2ab277d3272f28c6c358485.jpg,train,leaf_beetle_unknown,ccmt,CC BY 4.0,grp_7129896de50a625e9a3fe2bc,5057a613369c41dcab5a951eec5eec6485a7ccff5245161f90b13c05a0f46e74,39476,1,lossless_jpeg_metadata_strip_preserve_orientation_v2,,,
datasets/corn-field-pest-v2/train/grasshopper_unknown/img_f356aac1e19e7a023b632cd7.jpg,train,grasshopper_unknown,ccmt,CC BY 4.0,grp_2aef90646fe7ad2310d78c3e,dc7229e8fa68c30012e862fc7645ca15a32a196b55bfb39a75c5e009bb83d8d7,46513,1,lossless_jpeg_metadata_strip_preserve_orientation_v2,,,
datasets/corn-field-pest-v2/val/healthy/img_3ffe40dbb18d498c870f0413.jpg,val,healthy,tom2024,CC BY 4.0,grp_f3ea245b9e020401ea6b3cf3,1a265150d7f036de7f204e8b59714e65efc6d33615db9ad2440045615bf01643,16304,1,lossless_jpeg_metadata_strip_preserve_orientation_v2,,,
datasets/corn-field-pest-v2/train/leaf_beetle_unknown/img_0c29b9285cd0fc4977f9afd2.jpg,train,leaf_beetle_unknown,ccmt,CC BY 4.0,grp_442ab99f144c424f2c7866d4,50ef2e80c13e05a316cc28d89e345d00241aafc145225573cfb6298068ca67f5,28074,1,lossless_jpeg_metadata_strip_preserve_orientation_v2,,,
datasets/corn-field-pest-v2/train/leaf_beetle_unknown/img_56e2ba169508d7cc31f3b7c2.jpg,train,leaf_beetle_unknown,ccmt,CC BY 4.0,grp_046e2b4191a81975a7ba9aff,fa4597b1dddfcfb50bdc35ab4ae47c4b6f34d9e0fa62dee84e8ce7d04380e238,27200,1,lossless_jpeg_metadata_strip_preserve_orientation_v2,,,
datasets/corn-field-pest-v2/train/grasshopper_unknown/img_42c2fd35d799631b16726fa3.jpg,train,grasshopper_unknown,ccmt,CC BY 4.0,grp_8658263a3044e5dc875e0302,b45d51fe921f87208a9ef2f8520faa303afea71cf1b250ddd42406a3ff1ef500,33046,1,lossless_jpeg_metadata_strip_preserve_orientation_v2,,,
datasets/corn-field-pest-v2/train/fall_armyworm/img_1dae182ac04813fe530c1e9f.jpg,train,fall_armyworm,tom2024,CC BY 4.0,grp_c8d2cd8bbfb130d374bd0a51,393edfd558e3b114d64f920d06239810fd8c799292bd0681e2c9954885a3b698,4928,1,lossless_jpeg_metadata_strip_preserve_orientation_v2,,,
datasets/corn-field-pest-v2/train/fall_armyworm/img_fece27e290d8357891b7c7fe.jpg,train,fall_armyworm,tom2024,CC BY 4.0,grp_2702901f53c14570e23be1ca,a191ebf404e0f7e8fced62d691cf554b04e05c655dbf59e2d1855b9a58a92dee,9756,1,lossless_jpeg_metadata_strip_preserve_orientation_v2,,,
datasets/corn-field-pest-v2/train/fall_armyworm/img_894040ebe038b724b4bf9bce.jpg,train,fall_armyworm,ccmt,CC BY 4.0,grp_8f669069e46a3fb1fa507d5c,c44b268c422475ac7f8642451abca2998869f3bff477b186f5a15998bb5bcfa4,54914,1,lossless_jpeg_metadata_strip_preserve_orientation_v2,,,
datasets/corn-field-pest-v2/train/leaf_beetle_unknown/img_c9a8eb7bd526c66414be66dd.jpg,train,leaf_beetle_unknown,ccmt,CC BY 4.0,grp_ecfbf5eb92d7cc878ebebf0c,8f47c02d65cd21ea28cc2806ddc5ee1f135b6fe3ab6e97b92ed3cabc51ee8c0e,15786,1,lossless_jpeg_metadata_strip_preserve_orientation_v2,,,
datasets/corn-field-pest-v2/val/healthy/img_7c0cdf5055c5eb2024e9e523.jpg,val,healthy,tom2024,CC BY 4.0,grp_07d715cda0a7a60b8c230834,da0395a34d3b4a06e215643a98300b224431a2ade4ce4a9d00880802baf6b794,9929,1,lossless_jpeg_metadata_strip_preserve_orientation_v2,,,
datasets/corn-field-pest-v2/val/leaf_beetle_unknown/img_9d9f5e1d9b96d404978e8847.jpg,val,leaf_beetle_unknown,ccmt,CC BY 4.0,grp_8bef9fdfc63040a5af337dab,869153b4c017ef2861f6b23e54c8d0abd2bb912d5ee4eeb9105851968ae36a00,31551,1,lossless_jpeg_metadata_strip_preserve_orientation_v2,,,
datasets/corn-field-pest-v2/train/grasshopper_unknown/img_7d32a2b7979aca710dc7a605.jpg,train,grasshopper_unknown,ccmt,CC BY 4.0,grp_14bc14a619193d3b0b983e5e,3e5b6a4bf787161c084738e1edc5dbaab35f27f584e00429c0a6c6b3dd4506d7,40786,1,lossless_jpeg_metadata_strip_preserve_orientation_v2,,,
datasets/corn-field-pest-v2/train/fall_armyworm/img_2725a8cf36db4d6b80288422.jpg,train,fall_armyworm,tom2024,CC BY 4.0,grp_1afe36e78f8f49c3292fb35b,014150d6ec1aab2d668a767265a72e122c151c9d63313b8ca008a215b63ee25c,2219,1,lossless_jpeg_metadata_strip_preserve_orientation_v2,,,
datasets/corn-field-pest-v2/train/grasshopper_unknown/img_b75d6a1a54192315f2719510.jpg,train,grasshopper_unknown,ccmt,CC BY 4.0,grp_c1f3bbe70c59813d7643ffae,a9d3de6416fa00d9e7b0b6bcbb4496718d8526a7357add04f1b93e08b2aeb485,43143,1,lossless_jpeg_metadata_strip_preserve_orientation_v2,,,
datasets/corn-field-pest-v2/val/grasshopper_unknown/img_e7578649e5da2afec294cedb.jpg,val,grasshopper_unknown,ccmt,CC BY 4.0,grp_f089f0e0a5983bc13c3f110a,daedc6b7a02355b574245fc53e29ddea39b00adbe101464be1706b61534eedfb,71924,1,lossless_jpeg_metadata_strip_preserve_orientation_v2,,,
datasets/corn-field-pest-v2/train/fall_armyworm/img_a5169933e158a2336a33e68c.jpg,train,fall_armyworm,tom2024,CC BY 4.0,grp_14321dbee7d4806956167731,c15921385d334b2532a7743bab5cc5871f6fb1176ee1633080057473ab20fae7,10096,1,lossless_jpeg_metadata_strip_preserve_orientation_v2,,,
datasets/corn-field-pest-v2/train/healthy/img_65aee286fb0b8f24cb388e4c.jpg,train,healthy,tom2024,CC BY 4.0,grp_ccabaaa1063d5df686f22a9d,28d80a3b44c9ebb8cc645e394314368538d9ee81fad6bfb219eea693c346262b,26025,1,lossless_jpeg_metadata_strip_preserve_orientation_v2,,,
datasets/corn-field-pest-v2/train/leaf_beetle_unknown/img_15e3f7b04a498f4bc7dce1e8.jpg,train,leaf_beetle_unknown,ccmt,CC BY 4.0,grp_24c2d63fa5e966818b7fa778,aa5760917010c7af012a9cc7f628a44d62ff31f32eb0d904d7b89e4684cbe905,37995,1,lossless_jpeg_metadata_strip_preserve_orientation_v2,,,
datasets/corn-field-pest-v2/train/fall_armyworm/img_2f7d1bb4ca814f2de52ca60b.jpg,train,fall_armyworm,ccmt,CC BY 4.0,grp_d5818357d7adfbea97464b03,4cf97569826d22285a4fa66d8b251353489303dec2dcd91bd62ede56724f3f15,79393,1,lossless_jpeg_metadata_strip_preserve_orientation_v2,,,
datasets/corn-field-pest-v2/train/healthy/img_e975f8700f192c20308d5814.jpg,train,healthy,tom2024,CC BY 4.0,grp_bdaa8de4bdf088bbdf3e9bd5,2ea86bd175a5b4a4777b5868cc867a68d4cb3923d753e93aa3ad6cf6e6b2277a,20435,1,lossless_jpeg_metadata_strip_preserve_orientation_v2,,,
datasets/corn-field-pest-v2/val/leaf_beetle_unknown/img_eb575c659fba0092c88879e8.jpg,val,leaf_beetle_unknown,ccmt,CC BY 4.0,grp_99b21b2bfa4d923960e6fbdc,8907dc4ce51220bb8428c1e85947726298eda54e24385549358744141c7b4f13,28738,1,lossless_jpeg_metadata_strip_preserve_orientation_v2,,,
datasets/corn-field-pest-v2/train/fall_armyworm/img_6202a2b2b12f535a75ba8a98.jpg,train,fall_armyworm,tom2024,CC BY 4.0,grp_70e1a4e987467434ddb5aa3d,dd090dc2b3a6b35cf42d2b25c46f297f394e3b750f5682346721718a0874a3a7,13977,1,lossless_jpeg_metadata_strip_preserve_orientation_v2,,,
datasets/corn-field-pest-v2/train/fall_armyworm/img_e0e3d134f11829681dd51522.jpg,train,fall_armyworm,tom2024,CC BY 4.0,grp_5f2b96681e789a3c39816e85,93573e4584a0be39ca4dfa2801e3cc9be7a14e0a7c8c9d9de8c8834242ac63c3,3183,1,lossless_jpeg_metadata_strip_preserve_orientation_v2,,,
datasets/corn-field-pest-v2/val/healthy/img_260a0ae8a951084291812e83.jpg,val,healthy,ccmt,CC BY 4.0,grp_d305e4e3eeb30cb4fc8ba2fc,b0c0f8b8a837821795ce859315ef8e4fc2e9e451c6d106895ae68bd4f74036c3,55947,1,lossless_jpeg_metadata_strip_preserve_orientation_v2,,,
datasets/corn-field-pest-v2/train/leaf_beetle_unknown/img_1b07d78be023486811071626.jpg,train,leaf_beetle_unknown,ccmt,CC BY 4.0,grp_ba8d75254961eeb59ac07643,ae5d4ffc5a5754c066bb8b5cb26f4be2f2a1368d1ad47fa8490d38d480608624,24098,1,lossless_jpeg_metadata_strip_preserve_orientation_v2,,,
datasets/corn-field-pest-v2/train/grasshopper_unknown/img_0fa2ca810a05fd09e3ca9480.jpg,train,grasshopper_unknown,ccmt,CC BY 4.0,grp_2296538e28d76548c291bf2d,b718d2ac5827210657a205b2b72884c6c0add7e8c98928f2d05df0184089dc7e,42077,1,lossless_jpeg_metadata_strip_preserve_orientation_v2,,,
datasets/corn-field-pest-v2/train/fall_armyworm/img_553ea554c92e24b9b3c01cb7.jpg,train,fall_armyworm,tom2024,CC BY 4.0,grp_0b7cc6195d2f68f156a00b04,e8bddad430f86e6e1000213e4726b3ad7b5a9e1eee0223d7f1ffe999d246cefa,19434,1,lossless_jpeg_metadata_strip_preserve_orientation_v2,,,
datasets/corn-field-pest-v2/train/leaf_beetle_unknown/img_c68251f452aab2f4390fe6c6.jpg,train,leaf_beetle_unknown,ccmt,CC BY 4.0,grp_9138ab32a9f9b843beff8b94,f18a7081eaf03e94c504beed26555dd212c9ec975370dfd326c1c2d5ce5b1846,29434,1,lossless_jpeg_metadata_strip_preserve_orientation_v2,,,
datasets/corn-field-pest-v2/train/fall_armyworm/img_2fd40a8b163739b27f3598a3.jpg,train,fall_armyworm,tom2024,CC BY 4.0,grp_c540375bdc2161c38654e3f9,64e8f38b2b8e30abd239b647a66eca0c4efe0b23fba92088782396b23e09fe9e,7558,1,lossless_jpeg_metadata_strip_preserve_orientation_v2,,,
datasets/corn-field-pest-v2/train/leaf_beetle_unknown/img_a73dc2cd8d1725078ceaaffd.jpg,train,leaf_beetle_unknown,ccmt,CC BY 4.0,grp_7e5c9740652f5cf914df457c,ae75ba3d05b8dd9f8b5cddc063078fcad935e234293d8a1fef93d7b27749278b,49212,1,lossless_jpeg_metadata_strip_preserve_orientation_v2,,,
datasets/corn-field-pest-v2/train/leaf_beetle_unknown/img_86665c6af254436c630c3b58.jpg,train,leaf_beetle_unknown,ccmt,CC BY 4.0,grp_d8aa3ba88783dae9e525124c,6e65b6e4b1a4f6fe80dd9c098d2d22ef4c4c9a22dcdab1c2b24a50e1752e022e,43633,1,lossless_jpeg_metadata_strip_preserve_orientation_v2,,,
datasets/corn-field-pest-v2/train/fall_armyworm/img_a6009bc2807ebe31d5d13e3e.jpg,train,fall_armyworm,tom2024,CC BY 4.0,grp_3a8d3a055947ec63486bf9f9,9dc200024e88c07fe1bc7a73727c4a461ec1309e65e04d5f25af205410794d2b,2065,1,lossless_jpeg_metadata_strip_preserve_orientation_v2,,,
datasets/corn-field-pest-v2/val/leaf_beetle_unknown/img_9a0e4ef863b33d7a68a50382.jpg,val,leaf_beetle_unknown,ccmt,CC BY 4.0,grp_9aa160a21138a8382cca312b,d4c69c404eb299ead6b7c4dd3f3af1f05d20fb6ed62ab9a7fbfd0d78261f4ed5,48715,1,lossless_jpeg_metadata_strip_preserve_orientation_v2,,,
datasets/corn-field-pest-v2/train/fall_armyworm/img_936cd7fedf2da3d083c6e6a6.jpg,train,fall_armyworm,tom2024,CC BY 4.0,grp_5057ac3e9e56f075499acfcc,15377b0e65c7bfc2bb4acd54aa0bda8d877ce0d51ff50a8daffc8d1f64e11f85,18724,1,lossless_jpeg_metadata_strip_preserve_orientation_v2,,,
datasets/corn-field-pest-v2/train/fall_armyworm/img_a2e7e2e1dc6673ba07488bf3.jpg,train,fall_armyworm,tom2024,CC BY 4.0,grp_8e5b247a1dc8e3d5ad01e467,40fe3d25f201960b0975e0bff13efc02125d9e1260fd84d42d375bfbafca28d3,8441,1,lossless_jpeg_metadata_strip_preserve_orientation_v2,,,
datasets/corn-field-pest-v2/val/grasshopper_unknown/img_f6e5d37113b7875fa66a2602.jpg,val,grasshopper_unknown,ccmt,CC BY 4.0,grp_8b5545b4238ab60cdbcbfaa3,cad0054f8e5ead8f137ea6f391777214babd6a28abd2019d18f83da5c561ac45,45641,1,lossless_jpeg_metadata_strip_preserve_orientation_v2,,,
datasets/corn-field-pest-v2/train/grasshopper_unknown/img_b26fd02155c4604f5fe058cf.jpg,train,grasshopper_unknown,ccmt,CC BY 4.0,grp_cccbd088796d2336e3f09541,b46a6bfe7a854753203a13aca7c8083c2f8e68845f7a8b5629d0aa96e5ebf844,44435,1,lossless_jpeg_metadata_strip_preserve_orientation_v2,,,
datasets/corn-field-pest-v2/train/grasshopper_unknown/img_5944f2f558176e74a830630f.jpg,train,grasshopper_unknown,ccmt,CC BY 4.0,grp_1cff3800cd0d12c0603ecd14,916515522448176be113ceb386fa07c195a14ded146983120975cfdd132f2dee,34692,1,lossless_jpeg_metadata_strip_preserve_orientation_v2,,,
datasets/corn-field-pest-v2/train/leaf_beetle_unknown/img_f5c349fd6abacd0d9fb77538.jpg,train,leaf_beetle_unknown,ccmt,CC BY 4.0,grp_1f43cf7927935eb44f700ccc,be7af18150452449ebb35baa9a8e404dfe04741eb064e34f1954f85ddf43315c,34461,1,lossless_jpeg_metadata_strip_preserve_orientation_v2,,,
datasets/corn-field-pest-v2/train/grasshopper_unknown/img_d3e6c54619aeebe6aed92977.jpg,train,grasshopper_unknown,ccmt,CC BY 4.0,grp_3fa43171fc5ac04afdbaea47,9c962656364976c8cb5f21c3283a7175dc1f559bf8170f5ff214f8da1e501170,44995,1,lossless_jpeg_metadata_strip_preserve_orientation_v2,,,
datasets/corn-field-pest-v2/val/grasshopper_unknown/img_0eaecb39ceb28ef854ca69e3.jpg,val,grasshopper_unknown,ccmt,CC BY 4.0,grp_7104bf28bee88f1a9e686b5b,b62b350cd8897e9a7efd79f9203dff5c5ceba460fba877f1004e8206479deba1,31321,1,lossless_jpeg_metadata_strip_preserve_orientation_v2,,,
datasets/corn-field-pest-v2/val/fall_armyworm/img_caf3449649e3f750940e4577.jpg,val,fall_armyworm,tom2024,CC BY 4.0,grp_dfd726b5b1ae01a3fc366de0,cfb865d2f948ee874d99c7c990df5639d73ccd20429ff0496002ac175eda2194,9331,1,lossless_jpeg_metadata_strip_preserve_orientation_v2,,,
datasets/corn-field-pest-v2/train/grasshopper_unknown/img_8b6c584364e05ab9fb693567.jpg,train,grasshopper_unknown,ccmt,CC BY 4.0,grp_af76e4d60c0690ade82901c3,e6daf56bfe4cb953a302cf420c4d9f3b8bb8ad2464f644da899cded967b9cf66,41222,1,lossless_jpeg_metadata_strip_preserve_orientation_v2,,,
datasets/corn-field-pest-v2/train/fall_armyworm/img_536ef64305a55359874dc770.jpg,train,fall_armyworm,tom2024,CC BY 4.0,grp_ee2fc7dc8ae587f1fc8bf40f,8567ae73393634d4d33537a441bef5c35e3583646b5cdfc09b571affa99648c9,5449,1,lossless_jpeg_metadata_strip_preserve_orientation_v2,,,
datasets/corn-field-pest-v2/train/healthy/img_623de464503e84375a3a241a.jpg,train,healthy,ccmt,CC BY 4.0,grp_584c9dc7db5dd40a9bacdbb6,fc0b7f3e7c24c431621c12cb21553b8616b65904b6ea87f8ad239914b0e5a445,58152,1,lossless_jpeg_metadata_strip_preserve_orientation_v2,,,
datasets/corn-field-pest-v2/train/grasshopper_unknown/img_71372da030590cd99f538dbd.jpg,train,grasshopper_unknown,ccmt,CC BY 4.0,grp_59be4d90ac7d4252e3200e77,0b79a16b162332303af493f7179a02093005559b8154a92515453bcb40972f37,28433,1,lossless_jpeg_metadata_strip_preserve_orientation_v2,,,
datasets/corn-field-pest-v2/train/fall_armyworm/img_e511652b0674f7664b63986f.jpg,train,fall_armyworm,tom2024,CC BY 4.0,grp_739cc77155e9c4cabec7f109,15649766295aa031337e811bcea80337a78432b153403f81a90ddf68cabaa846,10279,1,lossless_jpeg_metadata_strip_preserve_orientation_v2,,,
datasets/corn-field-pest-v2/train/leaf_beetle_unknown/img_db23f991033981d5ca520b4b.jpg,train,leaf_beetle_unknown,ccmt,CC BY 4.0,grp_820c531830fd9e233d643e39,0b5a40aeb5b12b13f3c4e39f94c00832b831b26a7cfaef4686508128dcb95b42,52578,1,lossless_jpeg_metadata_strip_preserve_orientation_v2,,,
datasets/corn-field-pest-v2/train/leaf_beetle_unknown/img_d5fe185e591ff86f0b3a7478.jpg,train,leaf_beetle_unknown,ccmt,CC BY 4.0,grp_1aa4806ed6bd4bd5b72ba2c3,18c72cff8928b6bc12064524e59705e3c46238afdc82224c3e348ef6a95ca934,30819,1,lossless_jpeg_metadata_strip_preserve_orientation_v2,,,
datasets/corn-field-pest-v2/train/fall_armyworm/img_f603e599692bb6b14af7411c.jpg,train,fall_armyworm,ccmt,CC BY 4.0,grp_27dfd28274e37b43ac0b1317,5953b95863a8da3707ccfc249071bdf9fcfba41c3b5552faee8f2101457e5e10,45763,1,lossless_jpeg_metadata_strip_preserve_orientation_v2,,,
datasets/corn-field-pest-v2/train/fall_armyworm/img_df219f883904308c859584da.jpg,train,fall_armyworm,tom2024,CC BY 4.0,grp_741dcd5142ffc717c89088f7,6858da977932e867c8b814755ca78b9da9a4905f788f8187c75886f10496faea,4637,1,lossless_jpeg_metadata_strip_preserve_orientation_v2,,,
datasets/corn-field-pest-v2/train/grasshopper_unknown/img_57ad43869483195593936301.jpg,train,grasshopper_unknown,ccmt,CC BY 4.0,grp_5533b7654ba636b2eaecab46,a4b3e614abf702acf9773c0154be93ed78be22a56bb295e77a298a25a6ab5eff,32642,1,lossless_jpeg_metadata_strip_preserve_orientation_v2,,,
datasets/corn-field-pest-v2/train/healthy/img_a2cba8d87dfef9bd968ad9a6.jpg,train,healthy,ccmt,CC BY 4.0,grp_6e61cb8c96b032ad6ba0f722,3a81a68897cce374de4b877258706794ced38344a4e4d1edff892cc4ac05ce51,48743,1,lossless_jpeg_metadata_strip_preserve_orientation_v2,,,
datasets/corn-field-pest-v2/train/grasshopper_unknown/img_2d47cea02a09311ed1678f74.jpg,train,grasshopper_unknown,ccmt,CC BY 4.0,grp_a8343a54450aa648b28bb3f2,0b668f6ae1a239ffb8a585e4ddba9749001711c78445244135e743b2e64dabb9,43271,1,lossless_jpeg_metadata_strip_preserve_orientation_v2,,,
datasets/corn-field-pest-v2/train/healthy/img_0d4ac8f0c6f0735b78ebca15.jpg,train,healthy,ccmt,CC BY 4.0,grp_331e15d37ae717c73eb4faa6,017cb0fe039413d8fa65a52447c94e8bd8b7228544622c3f5a01926bad369535,40854,1,lossless_jpeg_metadata_strip_preserve_orientation_v2,,,
datasets/corn-field-pest-v2/train/healthy/img_6540f2117579774fd41948a7.jpg,train,healthy,tom2024,CC BY 4.0,grp_9fa5e1ea32212aa6a57d1e3f,7e1188ab0759001cf91e2f68e614c13a647919a09a55312b7bdd66c4438452ca,4624,1,lossless_jpeg_metadata_strip_preserve_orientation_v2,,,
datasets/corn-field-pest-v2/train/healthy/img_2a96018ede777ff48322be19.jpg,train,healthy,tom2024,CC BY 4.0,grp_986c048b7a7757ac186d298b,dfd9257e33d749ba04c2a65ea0b94435f1c87e63ffa54839d574f7f4f1060c19,5933,1,lossless_jpeg_metadata_strip_preserve_orientation_v2,,,
datasets/corn-field-pest-v2/train/fall_armyworm/img_2efc21784022c17622ccf7bc.jpg,train,fall_armyworm,tom2024,CC BY 4.0,grp_d52344d3d0d24aa0d8192a9f,954334c178d3a0e50f74e0575c997cb246340e0b1c9bd328d6cdb3f975ed6ea7,4326,1,lossless_jpeg_metadata_strip_preserve_orientation_v2,,,
datasets/corn-field-pest-v2/train/fall_armyworm/img_01f4c84502bc262b732dca46.jpg,train,fall_armyworm,ccmt,CC BY 4.0,grp_69ea63d08d79278288d8d009,f301a1fc361e87a1f9c2fd37e2efa4d136dfddb32be00d866102467b251dbf87,55553,1,lossless_jpeg_metadata_strip_preserve_orientation_v2,,,
datasets/corn-field-pest-v2/train/leaf_beetle_unknown/img_6b554e32159a6daafc7f2250.jpg,train,leaf_beetle_unknown,ccmt,CC BY 4.0,grp_4115a603254669f3d5dfc0d1,cb992a982da5a96a221c3989d6593f867e024eac12ea93dfc2beb5cc5308c859,29316,1,lossless_jpeg_metadata_strip_preserve_orientation_v2,,,
datasets/corn-field-pest-v2/train/grasshopper_unknown/img_ac3a1cc4b6e0807ca0165d5a.jpg,train,grasshopper_unknown,ccmt,CC BY 4.0,grp_a283aae74ec61f13db41de65,e16c8adb762e8870d681cf5caf4525974deb8a9151987a22bd5b9c422636f0cf,40234,1,lossless_jpeg_metadata_strip_preserve_orientation_v2,,,
datasets/corn-field-pest-v2/train/leaf_beetle_unknown/img_8be06e22c057076280843f3c.jpg,train,leaf_beetle_unknown,ccmt,CC BY 4.0,grp_30d573446074b88d834ebdda,9a19bd595c781ec75bd9328a73da3e4285d8784dda7bb71565844f4c70b0e9a3,32056,1,lossless_jpeg_metadata_strip_preserve_orientation_v2,,,
datasets/corn-field-pest-v2/train/grasshopper_unknown/img_7ad75926a1d3aad2752c65e6.jpg,train,grasshopper_unknown,ccmt,CC BY 4.0,grp_a1e53fb13359242d264d979e,b98593005d2c73c9d95bb1c67661f2ae4c461f63947af8284e0b727a415d6b10,57068,1,lossless_jpeg_metadata_strip_preserve_orientation_v2,,,
datasets/corn-field-pest-v2/train/leaf_beetle_unknown/img_41bc48925730c09a0f7a632d.jpg,train,leaf_beetle_unknown,ccmt,CC BY 4.0,grp_a007e0a27cf58f40b688042b,da79e25b537417e8b970a63d2d573fbdd25b8bdece771cf87ebc8bdab525778a,50270,1,lossless_jpeg_metadata_strip_preserve_orientation_v2,,,
datasets/corn-field-pest-v2/val/healthy/img_528b742db20fa1ff074142ca.jpg,val,healthy,tom2024,CC BY 4.0,grp_5921cfae928640a203796a47,185f3249169256979941bb4fbeab30706b0e2d23ea7fc867e3ddfdc45b75aea1,6112,1,lossless_jpeg_metadata_strip_preserve_orientation_v2,,,
datasets/corn-field-pest-v2/train/fall_armyworm/img_099535b4f5e9c8f9ea67787c.jpg,train,fall_armyworm,tom2024,CC BY 4.0,grp_e7b413549b0d3d204a0236b8,d4ecb2307e15466f6955cd361e3ef13c845f4d1315fa6b823e7e6ed4791c2367,4749,1,lossless_jpeg_metadata_strip_preserve_orientation_v2,,,
datasets/corn-field-pest-v2/val/grasshopper_unknown/img_24ddb9dfef339d680e50dfee.jpg,val,grasshopper_unknown,ccmt,CC BY 4.0,grp_231c3e6fd6cb4a0ae50df64c,425bf1a4466867d4832cf5bf12b05294bd2cb393d64dbd6b8c2441f31f7be174,33815,1,lossless_jpeg_metadata_strip_preserve_orientation_v2,,,
datasets/corn-field-pest-v2/train/fall_armyworm/img_3d232b4de04f66e67a34e1bf.jpg,train,fall_armyworm,ccmt,CC BY 4.0,grp_d2bc30dd428b135d9bc153f4,e303898d0caf51fd81714be01a7093f01fc25cc46a3af62d7218fb4bf4a51c1c,43235,1,lossless_jpeg_metadata_strip_preserve_orientation_v2,,,
datasets/corn-field-pest-v2/train/grasshopper_unknown/img_f53f0668ff2086eb368c3a12.jpg,train,grasshopper_unknown,ccmt,CC BY 4.0,grp_e34ad6cf86be23f94c804888,ecaed7e8009c0bbaa90bfc16299f87334fcf0acb0112f94d467be51eb7f38d30,53440,1,lossless_jpeg_metadata_strip_preserve_orientation_v2,,,
datasets/corn-field-pest-v2/train/fall_armyworm/img_d650dfd8a39e77d9e9357afc.jpg,train,fall_armyworm,ccmt,CC BY 4.0,grp_34dc6a141aed13023816fbaf,a30cfcfb4cd2458a1d07822cd6da6538d57f21e2704db123ed457d13a4a6c48f,48901,1,lossless_jpeg_metadata_strip_preserve_orientation_v2,,,
datasets/corn-field-pest-v2/train/leaf_beetle_unknown/img_bfe29b9fd4e23866db0fc6f0.jpg,train,leaf_beetle_unknown,ccmt,CC BY 4.0,grp_b34e460f47965a77441a6d52,8402619dcd9403dfd92daee539d9b6fa80ef629fd4b02ede4c891dbdb8e3bb91,20518,1,lossless_jpeg_metadata_strip_preserve_orientation_v2,,,
datasets/corn-field-pest-v2/train/leaf_beetle_unknown/img_52be460173ea6fb32d8648aa.jpg,train,leaf_beetle_unknown,ccmt,CC BY 4.0,grp_75370590aef58f14369ff89f,20b40938bc78ac7f1324880b0bd42862f26f58bdaec2d9533633b2fb39b62044,36478,1,lossless_jpeg_metadata_strip_preserve_orientation_v2,,,
datasets/corn-field-pest-v2/train/healthy/img_cf9246ed9c8a02e80b58f6d8.jpg,train,healthy,tom2024,CC BY 4.0,grp_2828ff35f46ad2146855f483,7d235995df07276527405897226b07210576dea6f28e253965488ffa4f1d56a5,1867,1,lossless_jpeg_metadata_strip_preserve_orientation_v2,,,
datasets/corn-field-pest-v2/train/leaf_beetle_unknown/img_3140b19ead6bd57484cd7054.jpg,train,leaf_beetle_unknown,ccmt,CC BY 4.0,grp_08d22995217d425103be09d2,031cd9905d882a9224a112d61afdfee38e528919ddd7198f56dbee0ce58d6223,27076,1,lossless_jpeg_metadata_strip_preserve_orientation_v2,,,
datasets/corn-field-pest-v2/train/leaf_beetle_unknown/img_38fe7997cb92914c8ff8acec.jpg,train,leaf_beetle_unknown,ccmt,CC BY 4.0,grp_cd0cd7bf20643a99be0a94ec,e971fd065fe3a3c4fe6dbef938e64a6a909b5a1243df02a4442ef5c5ddc2a1ab,26927,1,lossless_jpeg_metadata_strip_preserve_orientation_v2,,,
datasets/corn-field-pest-v2/val/leaf_beetle_unknown/img_4db33cf645e00d95e421b0b8.jpg,val,leaf_beetle_unknown,ccmt,CC BY 4.0,grp_dac0242cb2568e73fc871054,a37e14453d5a44bffb2ccdf57b7f1368f0f7d3d161b918abacb1a4784f87a8c4,28102,1,lossless_jpeg_metadata_strip_preserve_orientation_v2,,,
datasets/corn-field-pest-v2/train/grasshopper_unknown/img_df267f0d7a6b2648fe11795b.jpg,train,grasshopper_unknown,ccmt,CC BY 4.0,grp_29051e9dbfb9cc62c4e54742,4e19e29cd77e26c9b3b26178f066a8aa91ff96a28742522bd029eebed269e219,31892,1,lossless_jpeg_metadata_strip_preserve_orientation_v2,,,
datasets/corn-field-pest-v2/train/fall_armyworm/img_322a6bf2679d43970211adc4.jpg,train,fall_armyworm,tom2024,CC BY 4.0,grp_337dcdca4a0db03b1526b012,3a9a691c78827f77f3a8e02a9a7a50a4093dabadd48e8c943dacdf7b9a09d80e,7318,1,lossless_jpeg_metadata_strip_preserve_orientation_v2,,,
datasets/corn-field-pest-v2/train/healthy/img_61db99a3dde91ac5c0867ec5.jpg,train,healthy,ccmt,CC BY 4.0,grp_65c049f098328eb8397eca3c,96ce64253e53384de5281b1fcbcaea105332f2d20e8b649c03abb4219f4a1fe1,38281,1,lossless_jpeg_metadata_strip_preserve_orientation_v2,,,
datasets/corn-field-pest-v2/train/grasshopper_unknown/img_a9be79a805bb4e5d99db31f3.jpg,train,grasshopper_unknown,ccmt,CC BY 4.0,grp_2e9572be6f131a35a67cd8a8,9b49de4722aadf32701f318e359cd3de59f402ff4cdfa8a26ba8909d2d98c02f,51688,1,lossless_jpeg_metadata_strip_preserve_orientation_v2,,,
datasets/corn-field-pest-v2/train/fall_armyworm/img_ee90df1f436bfcb451f2fb7e.jpg,train,fall_armyworm,tom2024,CC BY 4.0,grp_41157a3a1c2be6e8455a481b,27e4d6836b449fc67b25657bc8d6d2bc35f269396c4e2fe04facb24f14ed4955,5448,1,lossless_jpeg_metadata_strip_preserve_orientation_v2,,,
datasets/corn-field-pest-v2/train/grasshopper_unknown/img_073bec3589ce45f23748b265.jpg,train,grasshopper_unknown,ccmt,CC BY 4.0,grp_33bc685dc4c31491a0a473e4,4d378625d0bf80471d2329646e6851015e472566637ff53a3119d60c02a704e4,44860,1,lossless_jpeg_metadata_strip_preserve_orientation_v2,,,
datasets/corn-field-pest-v2/train/grasshopper_unknown/img_be6fe37cf0a3da094715d181.jpg,train,grasshopper_unknown,ccmt,CC BY 4.0,grp_aa712771c0897ce68d429523,4dd20c6f1f50f0ae70f39a59a9f39029238756764074da31aff974ddbbde351a,51910,1,lossless_jpeg_metadata_strip_preserve_orientation_v2,,,
datasets/corn-field-pest-v2/val/healthy/img_18b60eb7f4e9649985ca1102.jpg,val,healthy,tom2024,CC BY 4.0,grp_948227d7ad58d447539359aa,a95f0aa7a23366c25372a5df923f9b558be5c7362a6884748d30e93dcf6ca041,10298,1,lossless_jpeg_metadata_strip_preserve_orientation_v2,,,
datasets/corn-field-pest-v2/train/grasshopper_unknown/img_800caaff2ff4a819ed07d0cf.jpg,train,grasshopper_unknown,ccmt,CC BY 4.0,grp_92c8a3a74330e4d5ad2f8e0e,6513a3d9c57cad7fc940e382e6e9c381c5d81d5655a6e91aae85bfe6bf0e9a96,31047,1,lossless_jpeg_metadata_strip_preserve_orientation_v2,,,
datasets/corn-field-pest-v2/train/leaf_beetle_unknown/img_72e51bd64478214f019b7031.jpg,train,leaf_beetle_unknown,ccmt,CC BY 4.0,grp_6728a478b40d4cca197b94da,bfe51eda1d8e2770d61ca2167f3104f0131624355be2caee1dc1d460a31a625f,37014,1,lossless_jpeg_metadata_strip_preserve_orientation_v2,,,
datasets/corn-field-pest-v2/train/grasshopper_unknown/img_e6793405d51364cf8a1c7137.jpg,train,grasshopper_unknown,ccmt,CC BY 4.0,grp_1f94251bdc8d6d03e107dfa7,e80bb9088aa6332f2adda0d9a2477d6cd650d35e3350eec608a0097731ccb44a,34048,1,lossless_jpeg_metadata_strip_preserve_orientation_v2,,,
datasets/corn-field-pest-v2/train/fall_armyworm/img_3a5edb43e25a192a602b78de.jpg,train,fall_armyworm,tom2024,CC BY 4.0,grp_19e221237abb91675e84a096,b7b5016be086026808e700d6b5e9731aa107a2d511aee2b198091e4aede3bd75,9452,1,lossless_jpeg_metadata_strip_preserve_orientation_v2,,,
datasets/corn-field-pest-v2/train/fall_armyworm/img_9c59f7d93a910f8b1d776163.jpg,train,fall_armyworm,ccmt,CC BY 4.0,grp_5792e68edf6e395b9f28e518,2d036dc73aa577644aebb40ef7cdf8dddd174f54380134a9ec375320a91c0232,53839,1,lossless_jpeg_metadata_strip_preserve_orientation_v2,,,
datasets/corn-field-pest-v2/val/grasshopper_unknown/img_1e5a9a02e4bf720e79aaabe0.jpg,val,grasshopper_unknown,ccmt,CC BY 4.0,grp_9e6eaed4a2a9480ccd4e1770,8de9131f8ea10458990a2fcda7d06da9ca7b41a5baaf5818b85ebf9b050bd319,39464,1,lossless_jpeg_metadata_strip_preserve_orientation_v2,,,
datasets/corn-field-pest-v2/train/leaf_beetle_unknown/img_9a96a2c861c4f9be62e21a85.jpg,train,leaf_beetle_unknown,ccmt,CC BY 4.0,grp_6cffb0c476a01a91458628f8,6580f43bf80c60dace54b08f107dd78b5d4198b87409bf53b96ed259ed05e87d,35931,1,lossless_jpeg_metadata_strip_preserve_orientation_v2,,,
datasets/corn-field-pest-v2/train/grasshopper_unknown/img_f25d3a174871287cab89b057.jpg,train,grasshopper_unknown,ccmt,CC BY 4.0,grp_1a00905659485a4cf71a678c,e1854da24f4309af4278f0c03258fde6357afcff34d9e8de34e97fd6a6410597,30783,1,lossless_jpeg_metadata_strip_preserve_orientation_v2,,,
datasets/corn-field-pest-v2/val/grasshopper_unknown/img_edab904f4372450911f3d5ed.jpg,val,grasshopper_unknown,ccmt,CC BY 4.0,grp_5653b41cc1b2f00f48c3b328,e93b65fea9221cb8f32921b3ee8d6d9df38ce655995a58c512e9a4450166ecef,37527,1,lossless_jpeg_metadata_strip_preserve_orientation_v2,,,
datasets/corn-field-pest-v2/train/healthy/img_758179631fc1e3ad39fc6d20.jpg,train,healthy,tom2024,CC BY 4.0,grp_c00c73c7576b0304750fb4ed,be70a4068ce98d36b13ab9b7415eea3aad222a0051e4b5ab2fe4d0b0b3a0074c,7355,1,lossless_jpeg_metadata_strip_preserve_orientation_v2,,,
datasets/corn-field-pest-v2/train/grasshopper_unknown/img_95c7ec2b2f0c9382853510ca.jpg,train,grasshopper_unknown,ccmt,CC BY 4.0,grp_6c4e072ab559c9d2c7f36075,acef48a19afce111e138d0f0c169a0f0806632c7b47f8286e6bac564572c4229,57210,1,lossless_jpeg_metadata_strip_preserve_orientation_v2,,,
datasets/corn-field-pest-v2/train/leaf_beetle_unknown/img_13d1da849c5046516ce431d6.jpg,train,leaf_beetle_unknown,ccmt,CC BY 4.0,grp_815a8553e27b66ee20acf2ec,c7584add2db24ac224fea5f5724f405b50257b2894f198f5c12b947808c9e148,57504,1,lossless_jpeg_metadata_strip_preserve_orientation_v2,,,
datasets/corn-field-pest-v2/train/grasshopper_unknown/img_e19f3d0ff08d5a666ca499ff.jpg,train,grasshopper_unknown,ccmt,CC BY 4.0,grp_59217c0776cc7302bb194e7b,07f076b202053a28b76c2d07e72009f3bccf41a065740afb97927143e5a9d91c,53804,1,lossless_jpeg_metadata_strip_preserve_orientation_v2,,,
datasets/corn-field-pest-v2/train/grasshopper_unknown/img_2005414fe0070f9901210f60.jpg,train,grasshopper_unknown,ccmt,CC BY 4.0,grp_ace929fc3f92d20ebeccdc40,556e5696aed05198c2b57804e467f6e092d281f16f2d58a057be8fa71e4c89b1,44326,1,lossless_jpeg_metadata_strip_preserve_orientation_v2,,,
datasets/corn-field-pest-v2/train/fall_armyworm/img_93d140969e7f91ce3e0048fd.jpg,train,fall_armyworm,tom2024,CC BY 4.0,grp_1f9dad466a2203daf4cec05b,196b176a230a31156da16ef839f141a5f065580bd49f871fb45df9c597a6c647,7583,1,lossless_jpeg_metadata_strip_preserve_orientation_v2,,,
datasets/corn-field-pest-v2/train/grasshopper_unknown/img_4eea744dbeaec363e3baeeee.jpg,train,grasshopper_unknown,ccmt,CC BY 4.0,grp_0cbe6f0dbf589e43396ed7fb,7a2b8f79af780b7bcc25c5879379153f612cffb427bf82c86e9161ea414a7be6,46398,1,lossless_jpeg_metadata_strip_preserve_orientation_v2,,,
datasets/corn-field-pest-v2/train/fall_armyworm/img_5ef1cd56e42d9e0c642206ec.jpg,train,fall_armyworm,tom2024,CC BY 4.0,grp_83b52122b4e350e1d16377ba,e1ade3746c75a2d3d596c958a061de075a9e92491dc5b4fb663fae69c3f2185d,7194,1,lossless_jpeg_metadata_strip_preserve_orientation_v2,,,
datasets/corn-field-pest-v2/train/grasshopper_unknown/img_858339fdacee52decf66d1bb.jpg,train,grasshopper_unknown,ccmt,CC BY 4.0,grp_cb51b0a6fe0374837bf98ed8,f4990f3c6f8e55156029dc2b4209c25e038f2b5c1bb22a9f2a4b358d294eaefd,43939,1,lossless_jpeg_metadata_strip_preserve_orientation_v2,,,
datasets/corn-field-pest-v2/train/grasshopper_unknown/img_bd9a33882a49af4f119da8ab.jpg,train,grasshopper_unknown,ccmt,CC BY 4.0,grp_c944942f16486b118c602fb9,7459ce52e6a277b5d237b1f9122b3d5c1cfc6289eac716ebc73b8e8d9ba1763b,44970,1,lossless_jpeg_metadata_strip_preserve_orientation_v2,,,
datasets/corn-field-pest-v2/train/healthy/img_bd099a58edc8c7a680abe8a2.jpg,train,healthy,tom2024,CC BY 4.0,grp_ccabaaa1063d5df686f22a9d,7230e7e41bad73aa579774abd0a31fa9135286911d2ebb8961fc78cfd702fb81,11376,1,lossless_jpeg_metadata_strip_preserve_orientation_v2,,,
datasets/corn-field-pest-v2/train/healthy/img_5557223c0b74208bf11a4304.jpg,train,healthy,ccmt,CC BY 4.0,grp_b333314181dbe7f472352535,9affb5bbd50974312ce70cc95db28a32bfd928f1204d8224d207913fa8e3c98d,47944,1,lossless_jpeg_metadata_strip_preserve_orientation_v2,,,
datasets/corn-field-pest-v2/val/fall_armyworm/img_cf806c99340d010975d30c4b.jpg,val,fall_armyworm,ccmt,CC BY 4.0,grp_8074445287c2d71c296f221a,cb4567a5c4b631a051f578f53e3a73569427c920fb6fc5f5ca925c77e396f576,56097,1,lossless_jpeg_metadata_strip_preserve_orientation_v2,,,
datasets/corn-field-pest-v2/train/leaf_beetle_unknown/img_bc6e92599c52174ee5194dcb.jpg,train,leaf_beetle_unknown,ccmt,CC BY 4.0,grp_6c156b958c160f76198f64f3,47df848fb00ac9dbe0c1f81617d3d58e6cd67302bfdb7dce4e5fd8628a7e46dc,35094,1,lossless_jpeg_metadata_strip_preserve_orientation_v2,,,
datasets/corn-field-pest-v2/val/fall_armyworm/img_9fd3928ad783a39fb3e6a9db.jpg,val,fall_armyworm,tom2024,CC BY 4.0,grp_10fcaca249bbd7d7aee50ff2,9b54fecaabc32d7e7cb9890b575f34d411f73cbfa1e43d5611eac5aa3b4e56f1,7473,1,lossless_jpeg_metadata_strip_preserve_orientation_v2,,,
datasets/corn-field-pest-v2/val/leaf_beetle_unknown/img_46db754a71c6b18494590f95.jpg,val,leaf_beetle_unknown,ccmt,CC BY 4.0,grp_4d3047c275b2d4c4df3ce0f8,24e72e5ea7509f9669358793d4de8c2f718b964501223d27100078cde40d4081,43114,1,lossless_jpeg_metadata_strip_preserve_orientation_v2,,,
datasets/corn-field-pest-v2/train/healthy/img_0070c46eb8502ea272182ae9.jpg,train,healthy,tom2024,CC BY 4.0,grp_4490bbb6868b52544b838b19,a533bd4528f233bd281e3fd0f02b52d68844d9ca4a8b023ac820bd3ac6cc6327,19182,1,lossless_jpeg_metadata_strip_preserve_orientation_v2,,,
datasets/corn-field-pest-v2/train/fall_armyworm/img_3777fda9ec3360655cc33f12.jpg,train,fall_armyworm,tom2024,CC BY 4.0,grp_8c8c81179e9b134ee77a8211,9f236c615fd302f68b17344f16cb0575ed2e4417347269fd6d06c0839484c198,3798,1,lossless_jpeg_metadata_strip_preserve_orientation_v2,,,
datasets/corn-field-pest-v2/train/grasshopper_unknown/img_a89651ee17a545056ad24efb.jpg,train,grasshopper_unknown,ccmt,CC BY 4.0,grp_753a26dd769af25c0b4c2ead,156c2c5bbe982e2afcc6a81343da3441ce067fbf018c1afc4c81952186182988,46625,1,lossless_jpeg_metadata_strip_preserve_orientation_v2,,,
datasets/corn-field-pest-v2/train/healthy/img_b28c7a727f24fe024704fa9c.jpg,train,healthy,tom2024,CC BY 4.0,grp_f0e7ae6d3694f6bfa46bff2c,31e527a83039f0a4592c8b6ff15a42e840cf2617d32abc1926f39be68a9f417b,5380,1,lossless_jpeg_metadata_strip_preserve_orientation_v2,,,
datasets/corn-field-pest-v2/train/healthy/img_37909d31711368494a8b48f1.jpg,train,healthy,ccmt,CC BY 4.0,grp_4af273528098ad4c0a9e9cef,94f66c75c1f7ebea19575c75a76578de9aaed45ac9a38f33da910af1eba66cf1,63527,1,lossless_jpeg_metadata_strip_preserve_orientation_v2,,,
datasets/corn-field-pest-v2/train/leaf_beetle_unknown/img_9d8404a96f345a341be0e0b0.jpg,train,leaf_beetle_unknown,ccmt,CC BY 4.0,grp_2c5735c49022197b4a3f1036,e585c1da76425e1a6a114fe6859ecf1b76ee9daaf0bd795c40fd2505b092b74e,24591,1,lossless_jpeg_metadata_strip_preserve_orientation_v2,,,
datasets/corn-field-pest-v2/train/leaf_beetle_unknown/img_4faef01b26997d5bb6ae2ee6.jpg,train,leaf_beetle_unknown,ccmt,CC BY 4.0,grp_34e602744f36c4e799e46c3b,7b21395f351de8bcd322b104e7ee153c46e97708a386caf35265401c673bf317,31849,1,lossless_jpeg_metadata_strip_preserve_orientation_v2,,,
datasets/corn-field-pest-v2/train/leaf_beetle_unknown/img_81187e462d5e6259f874bd61.jpg,train,leaf_beetle_unknown,ccmt,CC BY 4.0,grp_329f4417205210464bf4afec,91b32e3114adf9d43ba1f05a5c2bdc91153d0d7c75943377c80a6af7fa0c51ac,40672,1,lossless_jpeg_metadata_strip_preserve_orientation_v2,,,
datasets/corn-field-pest-v2/train/fall_armyworm/img_6c2f1462fd0af0b19d42e9df.jpg,train,fall_armyworm,ccmt,CC BY 4.0,grp_b8bb3352168d1b965b55aedc,3f69cf7c0040f5dd524cea56e527235439c99ad6beeef02d09e10664b83659e8,46166,1,lossless_jpeg_metadata_strip_preserve_orientation_v2,,,
datasets/corn-field-pest-v2/train/healthy/img_e06f2990e60d17608df3b12f.jpg,train,healthy,tom2024,CC BY 4.0,grp_4a52ea68f41661ee992fdc35,48658983ad7901fe0ff9a84b996bf1602988d511737bfac5b7320c31b8ad26b2,3706,1,lossless_jpeg_metadata_strip_preserve_orientation_v2,,,
datasets/corn-field-pest-v2/val/grasshopper_unknown/img_ff116cfd563d71a25e9a2006.jpg,val,grasshopper_unknown,ccmt,CC BY 4.0,grp_9cc61b521293c079cf2d1c74,827711118cc22bbc3c9197aa9072bcaafe22c4dece61a7db4bb72ad26aff31b4,28567,1,lossless_jpeg_metadata_strip_preserve_orientation_v2,,,
datasets/corn-field-pest-v2/train/leaf_beetle_unknown/img_16ddf153cd49b7e492248b38.jpg,train,leaf_beetle_unknown,ccmt,CC BY 4.0,grp_5101fb34357edd4a1fbedc70,1ddf945d6e361992ab8e5f2acf1011f859762d7fb123fdf14613f94395579b2a,29915,1,lossless_jpeg_metadata_strip_preserve_orientation_v2,,,
datasets/corn-field-pest-v2/val/leaf_beetle_unknown/img_b82b36d1a08b8af87b23241a.jpg,val,leaf_beetle_unknown,ccmt,CC BY 4.0,grp_1c2dd5b41f927afe1cd3aa2e,f024b7d646fbd6d00458ebae12926efc9d7c24e61e301ed9e9b4833a5fa98521,27080,1,lossless_jpeg_metadata_strip_preserve_orientation_v2,,,
datasets/corn-field-pest-v2/train/grasshopper_unknown/img_a5ce8eb825959beedaa4cb42.jpg,train,grasshopper_unknown,ccmt,CC BY 4.0,grp_64d9c3a12dbfa3ba76b5698e,5267dc78e353f7acb0900c5b75395b35337bfb1765e5f36556d0779766879d87,42579,1,lossless_jpeg_metadata_strip_preserve_orientation_v2,,,
datasets/corn-field-pest-v2/train/healthy/img_f11fd67dfc94eed7e21c1ba8.jpg,train,healthy,ccmt,CC BY 4.0,grp_8e585a6b7fc2567fd1cffc8e,bdb8b7a4aa1bec4a97482b87e995909163b36a5af94bae03d8ff2635116d373c,43188,1,lossless_jpeg_metadata_strip_preserve_orientation_v2,,,
datasets/corn-field-pest-v2/train/grasshopper_unknown/img_4471ca5c4b243de8c99a2a59.jpg,train,grasshopper_unknown,ccmt,CC BY 4.0,grp_a5029d751f1b078f2891a56d,67a008c97885e8ca1d9b229bcf100e4e1a8ae6ac0c91e8a11658eb06eb5b2482,58036,1,lossless_jpeg_metadata_strip_preserve_orientation_v2,,,
datasets/corn-field-pest-v2/train/healthy/img_099a8db9be411c9dc429f1c0.jpg,train,healthy,ccmt,CC BY 4.0,grp_9d512521115e808f45b2b088,72260d3a989d06b1eee6f68749b1e7ca0179980b78063af620e28d6e4337ccb9,64318,1,lossless_jpeg_metadata_strip_preserve_orientation_v2,,,
datasets/corn-field-pest-v2/train/grasshopper_unknown/img_c491064abc4f9c453a9c59b3.jpg,train,grasshopper_unknown,ccmt,CC BY 4.0,grp_7dc4e4ca5b7270293802ebb8,e83ace2a69a2160d6fb54c28debd6814ef540f772722797145faae436121a6ed,31318,1,lossless_jpeg_metadata_strip_preserve_orientation_v2,,,
datasets/corn-field-pest-v2/train/leaf_beetle_unknown/img_f42124112b10a64d39d88723.jpg,train,leaf_beetle_unknown,ccmt,CC BY 4.0,grp_065fda181a1bbd881455e910,29f8639264b93244c8615b902f1ba741501b1f50a9f9b285b1f63c3c657f878f,27337,1,lossless_jpeg_metadata_strip_preserve_orientation_v2,,,
datasets/corn-field-pest-v2/train/leaf_beetle_unknown/img_173b41bf9829e52c2f5c42ba.jpg,train,leaf_beetle_unknown,ccmt,CC BY 4.0,grp_0a8f9a58565c5aca6ec43eaa,7dfff664717cc25b90cb0cea1add4bd661ef2d68ff7e0aed0f581ff4124d77db,21921,1,lossless_jpeg_metadata_strip_preserve_orientation_v2,,,
datasets/corn-field-pest-v2/train/grasshopper_unknown/img_832b2f53ff378ba09bf59508.jpg,train,grasshopper_unknown,ccmt,CC BY 4.0,grp_facc838d7177e41a38dd7895,aced6a0509afb7bcc8a30d9e25347eb207e056a9911e559fcc347b49a90c861c,36609,1,lossless_jpeg_metadata_strip_preserve_orientation_v2,,,
datasets/corn-field-pest-v2/train/leaf_beetle_unknown/img_b2c8f67e30e75525227eac15.jpg,train,leaf_beetle_unknown,ccmt,CC BY 4.0,grp_285e9c35e42ef616a1ad1597,8e0c01cd28372bbd11c67b6ea91ab2c534f41c2713b66a7c4053b882b4f310a1,25430,1,lossless_jpeg_metadata_strip_preserve_orientation_v2,,,
datasets/corn-field-pest-v2/val/leaf_beetle_unknown/img_de2337ba6ccc4a92319be9da.jpg,val,leaf_beetle_unknown,ccmt,CC BY 4.0,grp_9ce8e0ad7f98e0e2ebe5c786,b9d56b721da81743890a911c1a767032b514b991dc1d5703b1a590c21d0b9195,32207,1,lossless_jpeg_metadata_strip_preserve_orientation_v2,,,
datasets/corn-field-pest-v2/val/grasshopper_unknown/img_ee0f4790b8c045139cf5d18a.jpg,val,grasshopper_unknown,ccmt,CC BY 4.0,grp_0015c510b1db51420ce13a77,a8bc1598f569ab056455728681bc924963d88c15dd19040397a461b9243f5231,48958,1,lossless_jpeg_metadata_strip_preserve_orientation_v2,,,
datasets/corn-field-pest-v2/train/fall_armyworm/img_103ae8dff79bb2272927b916.jpg,train,fall_armyworm,tom2024,CC BY 4.0,grp_20f15e821688b63f82a59263,33a2d67ca2e21b97573c4255e83d111bc8c8f10a39d606f6f6aafb7362651155,7916,1,lossless_jpeg_metadata_strip_preserve_orientation_v2,,,
datasets/corn-field-pest-v2/train/fall_armyworm/img_b75b22b9a1ed99e51f6a023e.jpg,train,fall_armyworm,tom2024,CC BY 4.0,grp_1afe36e78f8f49c3292fb35b,11bf38489d9dd61a98da52809be22f6fc62218f3f1eaad2a5c9b1eff1007e64a,5052,1,lossless_jpeg_metadata_strip_preserve_orientation_v2,,,
datasets/corn-field-pest-v2/train/maize_aphid_unknown/img_62eb7ba9ae588d5d025bd2cd.jpg,train,maize_aphid_unknown,yeesi,CC BY 4.0,grp_ed471b353f4a6b148da3d189,d298cdf4a4a18d94adc9cf0df91c7a94b0a67d3efc5595216e67cf18fc35bab6,5458327,1,lossless_jpeg_metadata_strip_preserve_orientation_v2,,,
datasets/corn-field-pest-v2/train/grasshopper_unknown/img_b53edb3577254403cdc694fe.jpg,train,grasshopper_unknown,ccmt,CC BY 4.0,grp_d6aef604047ee276fc3ff27e,105e2deabf05a0163bef8dd64f6884bddb8faec70212e043ac91ad1028febe0e,33678,1,lossless_jpeg_metadata_strip_preserve_orientation_v2,,,
datasets/corn-field-pest-v2/train/fall_armyworm/img_e608cd204d2d81f257f47852.jpg,train,fall_armyworm,tom2024,CC BY 4.0,grp_ef7a5f61ad3066d7f22c35ed,2b9bc5e6f573e736be32925d474f8af34ec4efe94944c805d5c539fed45f79f3,4739,1,lossless_jpeg_metadata_strip_preserve_orientation_v2,,,
datasets/corn-field-pest-v2/train/leaf_beetle_unknown/img_60e52ac978727d9775b2a96e.jpg,train,leaf_beetle_unknown,ccmt,CC BY 4.0,grp_b04cdc6fe7766f32f22c8263,107bcf8f8d88cd19d245074aeacff7e0f4e4ff1c5ff1932f788e279c08feba89,24429,1,lossless_jpeg_metadata_strip_preserve_orientation_v2,,,
datasets/corn-field-pest-v2/train/grasshopper_unknown/img_50791fec799bcbdd532d2e88.jpg,train,grasshopper_unknown,ccmt,CC BY 4.0,grp_a8ca0c7f733875f410263280,87bf9194efcde4067fe80bbfacc55514ca3d92d4f14b19385834bd95991590b8,25048,1,lossless_jpeg_metadata_strip_preserve_orientation_v2,,,
datasets/corn-field-pest-v2/train/fall_armyworm/img_6578bfe29b6b9d66d0ab7516.jpg,train,fall_armyworm,tom2024,CC BY 4.0,grp_e00f039febe763c2f7071331,42707c554c633e927ea9bc4f874808a0267521f5ce49463a6f7335d569a77e06,7291,1,lossless_jpeg_metadata_strip_preserve_orientation_v2,,,
datasets/corn-field-pest-v2/train/maize_aphid_unknown/img_c62f330f7cfcf73ec5f7ab51.jpg,train,maize_aphid_unknown,yeesi,CC BY 4.0,grp_ed471b353f4a6b148da3d189,43fbc96caed9c59bf7c22f1aaecc2256043ff5792452598111dbf4766e95ca26,4687488,1,lossless_jpeg_metadata_strip_preserve_orientation_v2,,,
datasets/corn-field-pest-v2/train/fall_armyworm/img_f0cd5fb86391dbb74276514d.jpg,train,fall_armyworm,tom2024,CC BY 4.0,grp_faa31dff2c17ca53728b3c1f,c547a8672b25051e894b991287d18bbc9f0de51ec4c49e36280d6fc4ef406d9d,15420,1,lossless_jpeg_metadata_strip_preserve_orientation_v2,,,
datasets/corn-field-pest-v2/val/grasshopper_unknown/img_eccbc581ed8bb617abb4d236.jpg,val,grasshopper_unknown,ccmt,CC BY 4.0,grp_671ec721b006d1dbcad01c6e,d8c9a5d5501a41964c996f765b7393e2d36ed5fdf06d16ff4e0d3df7f9c7cd62,31324,1,lossless_jpeg_metadata_strip_preserve_orientation_v2,,,
datasets/corn-field-pest-v2/train/grasshopper_unknown/img_ef1bbfa25bdc4ca1f5891224.jpg,train,grasshopper_unknown,ccmt,CC BY 4.0,grp_3e0b3f915c5b903ba2b35edc,a814964584d949d8690e9d8beb13cefb1fe87a0857389a4228ca77f3b23d71ef,48687,1,lossless_jpeg_metadata_strip_preserve_orientation_v2,,,
datasets/corn-field-pest-v2/train/grasshopper_unknown/img_3d84e1385fc9a5c26361f098.jpg,train,grasshopper_unknown,ccmt,CC BY 4.0,grp_278a0bf1a749525e355b6ddf,2fd7ee708c42dee07e8468963f5c2fc7b7d350f3b8986df4b80ac604a620030b,52465,1,lossless_jpeg_metadata_strip_preserve_orientation_v2,,,
datasets/corn-field-pest-v2/train/leaf_beetle_unknown/img_e446169d7ea69874c2f94a3d.jpg,train,leaf_beetle_unknown,ccmt,CC BY 4.0,grp_6ce52f23aec3763219cc6cd8,28ec5640da5cbf4e003b5a8f5f45ee7ede9e79eed25209a15681c58567da9d74,29997,1,lossless_jpeg_metadata_strip_preserve_orientation_v2,,,
datasets/corn-field-pest-v2/val/healthy/img_e960dd64d3d476dbdb594a1e.jpg,val,healthy,tom2024,CC BY 4.0,grp_91c4ca3708b3b12f88726ecc,e08f420d5322489a54e6e7faa7575fcc2be4fca1704c554243b148f255bb5ecb,4498,1,lossless_jpeg_metadata_strip_preserve_orientation_v2,,,
datasets/corn-field-pest-v2/train/healthy/img_661c6635af1085f46110b17c.jpg,train,healthy,ccmt,CC BY 4.0,grp_7e89a26042f24ea86904c2e0,7d3ded7815c752c72820ee3207e46e5a7e48ffc50f3847fdfccc7553599072e9,35612,1,lossless_jpeg_metadata_strip_preserve_orientation_v2,,,
datasets/corn-field-pest-v2/val/fall_armyworm/img_7f46054740ce8cdb72af42da.jpg,val,fall_armyworm,tom2024,CC BY 4.0,grp_17d4feca41a30be4c7a48723,137228069f100f8d8458dfb1beda388ae461ceba548fb31c02b5f20bb57e2cfc,4452,1,lossless_jpeg_metadata_strip_preserve_orientation_v2,,,
datasets/corn-field-pest-v2/val/grasshopper_unknown/img_99eb04cbd605e2e5b4749bad.jpg,val,grasshopper_unknown,ccmt,CC BY 4.0,grp_4e3929916ef3a9f0e8bc9632,638faeb4e35b66b546a221adc07a63d83c2e8d3042887b4c451ea6071596e176,48329,1,lossless_jpeg_metadata_strip_preserve_orientation_v2,,,
datasets/corn-field-pest-v2/train/healthy/img_444beccf989fbe0c3c8b721e.jpg,train,healthy,tom2024,CC BY 4.0,grp_08cd101f558ec71f10477430,5b81957dbd44b42275e6db7d80dce6666353b7dbde8830b0524482870d8d260e,6884,1,lossless_jpeg_metadata_strip_preserve_orientation_v2,,,
datasets/corn-field-pest-v2/train/healthy/img_923daea295da62beaed2fad5.jpg,train,healthy,ccmt,CC BY 4.0,grp_f4bfba7d8924317319b52ed0,f0f99711459c6e969c9e0d8e95d41f8f4ad3bb328e1cf1c389ad36968e58535a,41598,1,lossless_jpeg_metadata_strip_preserve_orientation_v2,,,
datasets/corn-field-pest-v2/val/leaf_beetle_unknown/img_affd69203ea1edee4ab04cfc.jpg,val,leaf_beetle_unknown,ccmt,CC BY 4.0,grp_0f2fa072de66d512cfce4e43,801882cf494469a599e2b11ce45bc33f6742d4f93071974665aa13be5b087cc5,53179,1,lossless_jpeg_metadata_strip_preserve_orientation_v2,,,
datasets/corn-field-pest-v2/train/fall_armyworm/img_10919cdf5f60b982985fe5b3.jpg,train,fall_armyworm,tom2024,CC BY 4.0,grp_f8f7e57e18fe910f05a0315a,ab7bc6f6db5918da97d213fb925bb4289a0ed0aac98c68250d668ccd5235deef,2354,1,lossless_jpeg_metadata_strip_preserve_orientation_v2,,,
datasets/corn-field-pest-v2/train/fall_armyworm/img_0ebce2687e18b30b4f54ea3d.jpg,train,fall_armyworm,ccmt,CC BY 4.0,grp_55fa5814e20929bd2e2580d6,07f68a0da7c12f75ff39e173f3553cf20da48150fbc9a3f85d3896530ad213b7,42291,1,lossless_jpeg_metadata_strip_preserve_orientation_v2,,,
datasets/corn-field-pest-v2/train/grasshopper_unknown/img_eacb0281207f9e8d6a1f6061.jpg,train,grasshopper_unknown,ccmt,CC BY 4.0,grp_7a932e0b5ddb040c57af6140,6b07fce39f3cd758106b068418a7fa4a373e6cdba6cc2083aee1c9e7de5d4b77,39255,1,lossless_jpeg_metadata_strip_preserve_orientation_v2,,,
datasets/corn-field-pest-v2/train/leaf_beetle_unknown/img_4938ddf81bd42b7f36906646.jpg,train,leaf_beetle_unknown,ccmt,CC BY 4.0,grp_d06f8a413f997ea5db91ff6f,d8d3b7d4c33dd879b86c79a2e941bcfffbcaafcdae990445f2dbe4ee0aefaef5,34755,1,lossless_jpeg_metadata_strip_preserve_orientation_v2,,,
datasets/corn-field-pest-v2/train/fall_armyworm/img_54d524bea979b05b427ab38d.jpg,train,fall_armyworm,tom2024,CC BY 4.0,grp_94bac0b374c34d0a432bdde9,47aa66e937b037790e9a3ec39ac5ffade9794285821298123181977a826c7a18,11051,1,lossless_jpeg_metadata_strip_preserve_orientation_v2,,,
datasets/corn-field-pest-v2/train/grasshopper_unknown/img_1ad281fff3cbb801670a865e.jpg,train,grasshopper_unknown,ccmt,CC BY 4.0,grp_49696d4bcc8c65e904f14819,fcc933fa72a4cbfd9706a8c4086fb07f49df3c1212c88662f6bf077ee0b42046,31779,1,lossless_jpeg_metadata_strip_preserve_orientation_v2,,,
datasets/corn-field-pest-v2/train/healthy/img_57a9ad9269ed931f5079a07b.jpg,train,healthy,tom2024,CC BY 4.0,grp_21997fbf45e7ca15c9098de5,234fdf90b5f1a09b850466acb337377f1dc270243091552bf429c83bd7d29611,3751,1,lossless_jpeg_metadata_strip_preserve_orientation_v2,,,
datasets/corn-field-pest-v2/train/maize_aphid_unknown/img_016e4fe29c151aa7a4660da0.jpg,train,maize_aphid_unknown,yeesi,CC BY 4.0,grp_ed471b353f4a6b148da3d189,9db829682671eac4c0bf578ebf2c1efcc66be974ffd2a9b870c6ff6186b7c4d3,5488303,1,lossless_jpeg_metadata_strip_preserve_orientation_v2,,,
datasets/corn-field-pest-v2/train/grasshopper_unknown/img_681d78c02d78c233c89f1a2f.jpg,train,grasshopper_unknown,ccmt,CC BY 4.0,grp_b3bfdfade8ece84130aa3734,7ddd8f7dd9f7d016e24717584fbac9ab1da8a581b8ede63371ea325feb7be30e,43795,1,lossless_jpeg_metadata_strip_preserve_orientation_v2,,,
datasets/corn-field-pest-v2/train/leaf_beetle_unknown/img_316e43163b0305be53b6b909.jpg,train,leaf_beetle_unknown,ccmt,CC BY 4.0,grp_8d7f421bf5ad88cf01fa6c0c,c735af86cccb475916a1d9ad53f613e8429e866289f73c9976f93f4cb50b0bb4,29545,1,lossless_jpeg_metadata_strip_preserve_orientation_v2,,,
datasets/corn-field-pest-v2/train/leaf_beetle_unknown/img_c871e0e5f51bf1795121fd59.jpg,train,leaf_beetle_unknown,ccmt,CC BY 4.0,grp_2a21e29d921e8cbacd1a56bb,34b27070ffe41961714e9635ce50e0950790d1b20344f5f4c6e19b4090237589,33821,1,lossless_jpeg_metadata_strip_preserve_orientation_v2,,,
datasets/corn-field-pest-v2/train/grasshopper_unknown/img_20b72b64f32a608f14fd8c3b.jpg,train,grasshopper_unknown,ccmt,CC BY 4.0,grp_3db80ff1db4512a521d814c2,132f0df67ced143e46fb5d128162959e49617f181862364ddf666b8991228fa5,24488,1,lossless_jpeg_metadata_strip_preserve_orientation_v2,,,
datasets/corn-field-pest-v2/train/leaf_beetle_unknown/img_5633d44723a61eb978569214.jpg,train,leaf_beetle_unknown,ccmt,CC BY 4.0,grp_265e4acd6e58164a3af52ebd,46a83c1d5051edc1f123be2161c89235be979cd3ff926a200629d11eb9eea8f4,20864,1,lossless_jpeg_metadata_strip_preserve_orientation_v2,,,
datasets/corn-field-pest-v2/val/fall_armyworm/img_7ea681bbb33099d109b0c50e.jpg,val,fall_armyworm,ccmt,CC BY 4.0,grp_167b4a83177e1b38c6a2b41c,20071896cadb454f4534e6a6b6f6f5912249b5ccb16a10b15e131bcc0cefc865,41213,1,lossless_jpeg_metadata_strip_preserve_orientation_v2,,,
datasets/corn-field-pest-v2/train/grasshopper_unknown/img_29e7596aade3def3fe4ef9f2.jpg,train,grasshopper_unknown,ccmt,CC BY 4.0,grp_1571d67bfb4bdd9cad5a3a1e,139539999f86b963cfb766d138c9cbeef9bed4d8aa566dcb27ea14fa813a7636,38891,1,lossless_jpeg_metadata_strip_preserve_orientation_v2,,,
datasets/corn-field-pest-v2/train/healthy/img_8b60dbc0f3c94e15ddccb6e1.jpg,train,healthy,tom2024,CC BY 4.0,grp_3f34818fa86fc8397082a6dc,fbd649a89d5596102ff9125a2546df370d3f2338ba7238842ebf90e1dc39a384,2729,1,lossless_jpeg_metadata_strip_preserve_orientation_v2,,,
datasets/corn-field-pest-v2/val/healthy/img_9c6347913a7617b07d80b646.jpg,val,healthy,ccmt,CC BY 4.0,grp_13823d0e0577800b5d590bb7,660cc4a7c519a9851c7eeb006113cc71e40c9004605a259ce456ad187ecad912,41700,1,lossless_jpeg_metadata_strip_preserve_orientation_v2,,,
datasets/corn-field-pest-v2/val/leaf_beetle_unknown/img_f169685fb65aad3a280439eb.jpg,val,leaf_beetle_unknown,ccmt,CC BY 4.0,grp_367cae139a274fa566071a9e,ad68b8bbac08546fe7899b15f101d7c5fa90c6de8160c79cfa90b417a24cd843,30408,1,lossless_jpeg_metadata_strip_preserve_orientation_v2,,,
datasets/corn-field-pest-v2/train/leaf_beetle_unknown/img_f51084f9c62bd5effdb6161e.jpg,train,leaf_beetle_unknown,ccmt,CC BY 4.0,grp_10275c1668c77fb317231a1b,fd8d1ccd9809b8d795a38cea2417d3937f08b85a87cd44a016045321bf6bf0d9,24926,1,lossless_jpeg_metadata_strip_preserve_orientation_v2,,,
datasets/corn-field-pest-v2/train/grasshopper_unknown/img_b0373a9b9e4119bfd6a4d6f8.jpg,train,grasshopper_unknown,ccmt,CC BY 4.0,grp_5e5047203a4859036b7c1111,008320360bb5e91f9ff2cf062f81e0956d3c3ef443fba32cc51a2f400480409f,56715,1,lossless_jpeg_metadata_strip_preserve_orientation_v2,,,
datasets/corn-field-pest-v2/train/leaf_beetle_unknown/img_86bd6520248bf3c971320b73.jpg,train,leaf_beetle_unknown,ccmt,CC BY 4.0,grp_594915719844bccfb71d3d5c,230f360adc8b7c90c47a1f586b46b9674291063cc3eb0d8cc938b516c5fdd291,23845,1,lossless_jpeg_metadata_strip_preserve_orientation_v2,,,
datasets/corn-field-pest-v2/train/grasshopper_unknown/img_ccb9a12b02a7c92d1c4a4004.jpg,train,grasshopper_unknown,ccmt,CC BY 4.0,grp_3017fcbed2687802601cd2cd,c611f697845c9d6d2c1b69fe176831af64194ef3a7b094d4971a2db91a9b2202,32300,1,lossless_jpeg_metadata_strip_preserve_orientation_v2,,,
datasets/corn-field-pest-v2/train/healthy/img_3299e866d6b00c8f5cb8fc59.jpg,train,healthy,tom2024,CC BY 4.0,grp_b7bc0071aa6ff1cbeca5b510,6f64b48230e7d4d547d349e513d7b42cfa2ac48fe84a277dabb7d7003cf1007f,10991,1,lossless_jpeg_metadata_strip_preserve_orientation_v2,,,
datasets/corn-field-pest-v2/train/fall_armyworm/img_dbd262c50d73e3d5f9b7c55d.jpg,train,fall_armyworm,tom2024,CC BY 4.0,grp_b6e2c77d3dc5b567ae2349a5,6140dc06702fcd62467fc87c4779626a5d26f22e4e63f0714322ff02bbc731f0,4443,1,lossless_jpeg_metadata_strip_preserve_orientation_v2,,,
datasets/corn-field-pest-v2/train/fall_armyworm/img_2d4ece68311cc2ac706e97f3.jpg,train,fall_armyworm,ccmt,CC BY 4.0,grp_da03d4de7c0662e898fdb832,aae586544aa64ecab3afd5d0e018dbf2d2ff873eb4e2a24abbab8a8467273d43,65018,1,lossless_jpeg_metadata_strip_preserve_orientation_v2,,,
datasets/corn-field-pest-v2/train/leaf_beetle_unknown/img_74f73b707550b2aac630ca07.jpg,train,leaf_beetle_unknown,ccmt,CC BY 4.0,grp_89171aa839463be1aefdd92f,65d5c2f6a41925b24215da22036e4e112dad677330f53d98d476e88e26bfb071,30073,1,lossless_jpeg_metadata_strip_preserve_orientation_v2,,,
datasets/corn-field-pest-v2/val/fall_armyworm/img_9ea71e1cb5617821a7c9d1c3.jpg,val,fall_armyworm,tom2024,CC BY 4.0,grp_e6d536a2f650c644e8dff1ed,f84ee16933fd399ce6b993cfd6b121445322991b3b1a7598ef48bce9fdd11a36,4042,1,lossless_jpeg_metadata_strip_preserve_orientation_v2,,,
datasets/corn-field-pest-v2/train/fall_armyworm/img_8909705bc9f6f3570ba30e33.jpg,train,fall_armyworm,tom2024,CC BY 4.0,grp_589182cf118cf1cf8c4ae5f2,eb33e9ff913dd1639fbfea7facead0923a01c4be775802128de1c1b016f8c18f,5933,1,lossless_jpeg_metadata_strip_preserve_orientation_v2,,,
datasets/corn-field-pest-v2/val/healthy/img_fa32fbd837d28149fab0cb0e.jpg,val,healthy,tom2024,CC BY 4.0,grp_0a916de9a3f9d087361325a4,eda1548df97571d11db10535a1fc5a9876c547bd9cd8e672dee063a37b2969f2,10506,1,lossless_jpeg_metadata_strip_preserve_orientation_v2,,,
datasets/corn-field-pest-v2/train/maize_aphid_unknown/img_260144bfe61db4ea643550f3.jpg,train,maize_aphid_unknown,yeesi,CC BY 4.0,grp_ed471b353f4a6b148da3d189,6f85ea451c5e0d1d4db677c2edcf29173e8ad913aa054f10eba57e92bf86d000,5946493,1,lossless_jpeg_metadata_strip_preserve_orientation_v2,,,
datasets/corn-field-pest-v2/val/healthy/img_e785a9af485e0f1cbc823f92.jpg,val,healthy,tom2024,CC BY 4.0,grp_082ebad85426a191d89bee25,6e4a51640b75637080082844a47773559609d38419a4a255be4dcc5d7726c6e8,5171,1,lossless_jpeg_metadata_strip_preserve_orientation_v2,,,
datasets/corn-field-pest-v2/val/leaf_beetle_unknown/img_aee84417d6d2ccc1869fd067.jpg,val,leaf_beetle_unknown,ccmt,CC BY 4.0,grp_b8d142e31a882897009a7cd7,6027ae56acc492b373e5eee06fcee6b09397c88a35f45cf5acaff519daaa717a,23380,1,lossless_jpeg_metadata_strip_preserve_orientation_v2,,,
datasets/corn-field-pest-v2/val/leaf_beetle_unknown/img_95aa637525fbbddab83e9de7.jpg,val,leaf_beetle_unknown,ccmt,CC BY 4.0,grp_59b03f709d1c6a9ae8052781,9e483689b395e76705cfee5b1d4b2c2e66e0cd559d2de239f05333a0aa9a71d9,33387,1,lossless_jpeg_metadata_strip_preserve_orientation_v2,,,
datasets/corn-field-pest-v2/train/grasshopper_unknown/img_b2687e8c9ee7b35fe76179da.jpg,train,grasshopper_unknown,ccmt,CC BY 4.0,grp_3b59a65b5939cb3fc366bc0d,8f048a4065a7edfbbfb909f1446bdd0aabe2cae63d751c2906efbfa935557c63,30485,1,lossless_jpeg_metadata_strip_preserve_orientation_v2,,,
datasets/corn-field-pest-v2/train/healthy/img_f6e0d6cc7616bddaa44eecde.jpg,train,healthy,ccmt,CC BY 4.0,grp_889670276aae20a8602a1989,9a923a1a34dc3703a299f3cdcf5b4b63bfbb07dbd5d7e5f4691200eb8bfe6f41,41014,1,lossless_jpeg_metadata_strip_preserve_orientation_v2,,,
datasets/corn-field-pest-v2/val/fall_armyworm/img_692dcdc9e2a56c142fc9b56d.jpg,val,fall_armyworm,ccmt,CC BY 4.0,grp_f872d85e5ba389ef4c6860a2,c12906b3f4b1f0b1551bfecb357b8767aad72ab032a8384d58c1d7ba0a890b6b,40576,1,lossless_jpeg_metadata_strip_preserve_orientation_v2,,,
datasets/corn-field-pest-v2/val/leaf_beetle_unknown/img_055c0a67eea103b822d003e9.jpg,val,leaf_beetle_unknown,ccmt,CC BY 4.0,grp_a829cfa5cc7be16637d3448b,fbb8ed87f4ee527ed526b2ce59c2044789e5cdd8f7f625199e398450710c7f77,23875,1,lossless_jpeg_metadata_strip_preserve_orientation_v2,,,
datasets/corn-field-pest-v2/train/healthy/img_4f9af1e5891c40fe925d182a.jpg,train,healthy,ccmt,CC BY 4.0,grp_e069e1bf7fde587d63511dc7,0393d4ea6c40a3cb8cd3c4cff5fe949e44d3860ca36f9b90aa80123878201b2e,49689,1,lossless_jpeg_metadata_strip_preserve_orientation_v2,,,
datasets/corn-field-pest-v2/train/fall_armyworm/img_8333caddd556a0b33c22f37f.jpg,train,fall_armyworm,tom2024,CC BY 4.0,grp_8d7d1c18c1d0cca04ac3f61e,8b2d428bd3933a25394528b67356d0453b523e74c5c8cbc16f26f1fdbd92984d,20677,1,lossless_jpeg_metadata_strip_preserve_orientation_v2,,,
datasets/corn-field-pest-v2/train/healthy/img_6501f414e725e7b056ec5a69.jpg,train,healthy,tom2024,CC BY 4.0,grp_f40b8f068b3c887f661ef795,70b3622e27928adebadb61dccd5bee516cf7abee63b8ba114e8768d6171fd60b,14599,1,lossless_jpeg_metadata_strip_preserve_orientation_v2,,,
datasets/corn-field-pest-v2/train/leaf_beetle_unknown/img_d53875fece446f88e0224b90.jpg,train,leaf_beetle_unknown,ccmt,CC BY 4.0,grp_494f97b032bd3ae26ca943dc,e9efac5fc78c78f7dcd794a7c8c66b763078bb066874796d506a45cecd7d8308,49247,1,lossless_jpeg_metadata_strip_preserve_orientation_v2,,,
datasets/corn-field-pest-v2/train/leaf_beetle_unknown/img_9ae94c3f699e46f387e9426d.jpg,train,leaf_beetle_unknown,ccmt,CC BY 4.0,grp_27b74f995081b6f16c2399bb,72639948e96bf3e1c00a32cd537b8e88ed964f16a1c14023d18918a6e2015c97,23926,1,lossless_jpeg_metadata_strip_preserve_orientation_v2,,,
datasets/corn-field-pest-v2/train/leaf_beetle_unknown/img_05bf96f3aa42fe53ed2f16d6.jpg,train,leaf_beetle_unknown,ccmt,CC BY 4.0,grp_1385a7fbf6952d51dc77f49e,64d9be0e3a66e9b55ac27f3753bd2c50a3914854e7a087d5a33245ff8f935178,24328,1,lossless_jpeg_metadata_strip_preserve_orientation_v2,,,
datasets/corn-field-pest-v2/train/healthy/img_aefacd6b381a62852d31a39a.jpg,train,healthy,tom2024,CC BY 4.0,grp_4a759e628ed45d7aadcd6b97,8a456ce290fe221ebd73393931faba95ba0e66838780e4a850ec4fad5c580969,7139,1,lossless_jpeg_metadata_strip_preserve_orientation_v2,,,
datasets/corn-field-pest-v2/train/leaf_beetle_unknown/img_73da2f68f1c81d59d02f2f7d.jpg,train,leaf_beetle_unknown,ccmt,CC BY 4.0,grp_27b74f995081b6f16c2399bb,4e156e4cb8d746083a985ae0597eb724c855945d21d3312c63681ef7576bf291,31094,1,lossless_jpeg_metadata_strip_preserve_orientation_v2,,,
datasets/corn-field-pest-v2/val/grasshopper_unknown/img_9050f4162d2177b812630591.jpg,val,grasshopper_unknown,ccmt,CC BY 4.0,grp_659b1737fa1e3f0ad0ca12b3,380dd9c3d790f54b977651d9baf6fbf002a63a1f3cb9a26d01d5fa115bb27017,54251,1,lossless_jpeg_metadata_strip_preserve_orientation_v2,,,
datasets/corn-field-pest-v2/train/leaf_beetle_unknown/img_aa64505c58382e6cae43bed8.jpg,train,leaf_beetle_unknown,ccmt,CC BY 4.0,grp_423c784051e3b0157a368015,56eed2aee01e734c05028ea5bd74ed5e614140b5e15ad5037c4aa17dcd2c98f4,22441,1,lossless_jpeg_metadata_strip_preserve_orientation_v2,,,
datasets/corn-field-pest-v2/train/leaf_beetle_unknown/img_1d30f1ad949526156e563994.jpg,train,leaf_beetle_unknown,ccmt,CC BY 4.0,grp_7e43cab55fa3810757e4abe6,73b8e5ae8d743b65e3e633916cb781db45fb48297d6c3a844703432ebcc51d41,31470,1,lossless_jpeg_metadata_strip_preserve_orientation_v2,,,
datasets/corn-field-pest-v2/train/grasshopper_unknown/img_cb27407c35a633f7e6a7f308.jpg,train,grasshopper_unknown,ccmt,CC BY 4.0,grp_273a9b4a8269885894e731ae,fedb6999677c4d70b8a0902d0df05ef39b39623f6069a6fbfe61e34f343efd40,62282,1,lossless_jpeg_metadata_strip_preserve_orientation_v2,,,
datasets/corn-field-pest-v2/train/fall_armyworm/img_533f63d13ba6dfea628cb32f.jpg,train,fall_armyworm,tom2024,CC BY 4.0,grp_a8321005e4a42945f89ebba3,55121d0b04df9225f296550dcff2348bda739c9536f4075b7c9f7715f63c5356,7364,1,lossless_jpeg_metadata_strip_preserve_orientation_v2,,,
datasets/corn-field-pest-v2/val/leaf_beetle_unknown/img_2875aa3306d79b6bf946d2d5.jpg,val,leaf_beetle_unknown,ccmt,CC BY 4.0,grp_e6ecb4ee13d9bb8eab457c28,9cd148ce269dcaf6494b9a90ace7319673ee4f5d90d94e7383313cb13d2bd3af,26256,1,lossless_jpeg_metadata_strip_preserve_orientation_v2,,,
datasets/corn-field-pest-v2/train/grasshopper_unknown/img_4694d08b8f94313c20db9468.jpg,train,grasshopper_unknown,ccmt,CC BY 4.0,grp_08c8684c52735eae9ea487a7,fe890ed89256934f2e3b8fe47861ee162d9a8c27e24bd6544136bd72085d8671,54948,1,lossless_jpeg_metadata_strip_preserve_orientation_v2,,,
datasets/corn-field-pest-v2/train/leaf_beetle_unknown/img_c213e7fcccf8ef497da40882.jpg,train,leaf_beetle_unknown,ccmt,CC BY 4.0,grp_c7f79d1cd56d8e2023cd3188,42fbcedbe396c94cd75cff0dd479e81e620f76c3854ba3465165347091577daf,31926,1,lossless_jpeg_metadata_strip_preserve_orientation_v2,,,
datasets/corn-field-pest-v2/train/fall_armyworm/img_9493c24271ce2c50c38939ce.jpg,train,fall_armyworm,tom2024,CC BY 4.0,grp_990df37e21fb755d1032f825,ab3d761266e7659f630f5cc951a14cdc9f3ee0bae604420cb7783904e7beb8a8,1625,1,lossless_jpeg_metadata_strip_preserve_orientation_v2,,,
datasets/corn-field-pest-v2/train/healthy/img_0106a25006155c1186def5a9.jpg,train,healthy,tom2024,CC BY 4.0,grp_5d747f1e315c0c5c56e04291,9695998c068f72c5fb02a0074ba7129bd04bc443f5e0bef9f9cde5611e397c3f,1423,1,lossless_jpeg_metadata_strip_preserve_orientation_v2,,,
datasets/corn-field-pest-v2/train/healthy/img_b953ebc5dd225062e6f8e826.jpg,train,healthy,ccmt,CC BY 4.0,grp_a7942cd113101e1f68af8b02,33e4f4c97db9c350070bf71cb7bee26270050b0a650414ec56ea4008f91be993,65415,1,lossless_jpeg_metadata_strip_preserve_orientation_v2,,,
datasets/corn-field-pest-v2/train/leaf_beetle_unknown/img_ccf8ba858fb2604eefb802c9.jpg,train,leaf_beetle_unknown,ccmt,CC BY 4.0,grp_22cdb60580454a7b732fa66f,30b8241daa4395374548f1c756466d48b0e12fca99dca25d8628509ae2295aee,32856,1,lossless_jpeg_metadata_strip_preserve_orientation_v2,,,
datasets/corn-field-pest-v2/train/leaf_beetle_unknown/img_f8c50ded5b768bab5a1e2e12.jpg,train,leaf_beetle_unknown,ccmt,CC BY 4.0,grp_72c13445ba212571a17149c9,82de3df25f0a795fd63fd36eafbd3e74de2839e7a4cbad250fd6743989a1277e,23786,1,lossless_jpeg_metadata_strip_preserve_orientation_v2,,,
datasets/corn-field-pest-v2/train/grasshopper_unknown/img_a32134a2d9eb6b817c57c33b.jpg,train,grasshopper_unknown,ccmt,CC BY 4.0,grp_0bec0566fac3d992b5dff011,4caf5647dcb1776aa103c6350e572309ee37104cf8dbbb81f92b50df9e2ac98d,50412,1,lossless_jpeg_metadata_strip_preserve_orientation_v2,,,
datasets/corn-field-pest-v2/train/leaf_beetle_unknown/img_112fe04c426870049f67f2c2.jpg,train,leaf_beetle_unknown,ccmt,CC BY 4.0,grp_411485cd0aa4b2b664096462,d8083eb7eea749ce8b5d5f78dff30e01149eb3fee8fc870a246cc7188341d08a,15171,1,lossless_jpeg_metadata_strip_preserve_orientation_v2,,,
datasets/corn-field-pest-v2/train/grasshopper_unknown/img_cd4ebaa6f54187b7071f8db7.jpg,train,grasshopper_unknown,ccmt,CC BY 4.0,grp_a17df022bf7baaa98610e261,b1ecc17018b99bc752a256ccb79fb3da803196a561556944996f87db1f83f482,55394,1,lossless_jpeg_metadata_strip_preserve_orientation_v2,,,
datasets/corn-field-pest-v2/train/fall_armyworm/img_71cbfcdca83243a24faaa083.jpg,train,fall_armyworm,ccmt,CC BY 4.0,grp_5e7e8aa3f59259c3bbefed24,5afdf76be7f923e65ba3380b41a23c33ffa0b2eb5445764f8bfe2fda86a3c535,27196,1,lossless_jpeg_metadata_strip_preserve_orientation_v2,,,
datasets/corn-field-pest-v2/train/leaf_beetle_unknown/img_40d8daa5255a63a9b7f78e9e.jpg,train,leaf_beetle_unknown,ccmt,CC BY 4.0,grp_ae55d8ab5cdb8059014f1c57,5395e926faf5f3a1259fc68b76354069e344ee19d21d8429c0057114bbe1a584,21195,1,lossless_jpeg_metadata_strip_preserve_orientation_v2,,,
datasets/corn-field-pest-v2/train/grasshopper_unknown/img_94cf1c9dad3842ca8b03b302.jpg,train,grasshopper_unknown,ccmt,CC BY 4.0,grp_116e8b15ab269b5f8c1c0467,1e0f8612fc307e62b496a121add4060107e1fe6aab02d6993c8b0c0748c5b942,46349,1,lossless_jpeg_metadata_strip_preserve_orientation_v2,,,
datasets/corn-field-pest-v2/val/fall_armyworm/img_7e86a65bb2dcc2ce43b7dcd9.jpg,val,fall_armyworm,tom2024,CC BY 4.0,grp_3ff80185c499995178109392,9fbbd3846ac80ea6a1fa7daa225b8d3746cc52ec1b093513f1df4e1430183cae,12125,1,lossless_jpeg_metadata_strip_preserve_orientation_v2,,,
datasets/corn-field-pest-v2/train/leaf_beetle_unknown/img_70f3c0927f97cd852a52ad2e.jpg,train,leaf_beetle_unknown,ccmt,CC BY 4.0,grp_3d2db28532ef06eea0a60ee5,fae6bf61711bc768f51d4f5221a6005224dad3dcb5a577f8973951c61e44c7ff,46043,1,lossless_jpeg_metadata_strip_preserve_orientation_v2,,,
datasets/corn-field-pest-v2/train/healthy/img_d8ef69dbb71a388f7c047196.jpg,train,healthy,tom2024,CC BY 4.0,grp_91530f4984a6dbdfc68a9da8,d564de3e41a40754f096a98f5011acecfe2ee28320b94102f847c7339e4f74c3,10182,1,lossless_jpeg_metadata_strip_preserve_orientation_v2,,,
datasets/corn-field-pest-v2/train/grasshopper_unknown/img_a09b06e21858fdee9350a6fb.jpg,train,grasshopper_unknown,ccmt,CC BY 4.0,grp_6f81d126aac3cb59c58ca417,e19281a390c4f7046d1bbb74968531819b02d06e95c44813414272bd713fdd69,39618,1,lossless_jpeg_metadata_strip_preserve_orientation_v2,,,
datasets/corn-field-pest-v2/train/healthy/img_8c5ca348827b2af57b6cc441.jpg,train,healthy,tom2024,CC BY 4.0,grp_ccf11a0b064e001219d9f09b,c576e8b247f2676a1624f12b545fbd943e4e6e27bc2ec0d7330435fd875f9d78,3858,1,lossless_jpeg_metadata_strip_preserve_orientation_v2,,,
datasets/corn-field-pest-v2/train/grasshopper_unknown/img_d81a7793f02f5f5cec068961.jpg,train,grasshopper_unknown,ccmt,CC BY 4.0,grp_606259a99cbdc69e004827cc,1551b77fec9ffef2067063f1f10d30829c4993fc46f8bd548bd9a0b6527f040e,50383,1,lossless_jpeg_metadata_strip_preserve_orientation_v2,,,
datasets/corn-field-pest-v2/train/fall_armyworm/img_22f3ecb80618d9397a78a0fc.jpg,train,fall_armyworm,tom2024,CC BY 4.0,grp_c06b7785e2399866b20a6304,1722dcb4bbba8ae6c4d9103b948ce339ba6516289090dd41519d16875155366f,2747,1,lossless_jpeg_metadata_strip_preserve_orientation_v2,,,
datasets/corn-field-pest-v2/val/healthy/img_abb3e9dd8fd134d8ecaef56e.jpg,val,healthy,tom2024,CC BY 4.0,grp_39dad0202bb1cdbd1089f699,7324a52710a6ee9a25ea42524e50b1dbf4dc9bb148409a4c128d8db4c5e7965b,12299,1,lossless_jpeg_metadata_strip_preserve_orientation_v2,,,
datasets/corn-field-pest-v2/train/grasshopper_unknown/img_4138f425303562219ae692f9.jpg,train,grasshopper_unknown,ccmt,CC BY 4.0,grp_7877a68bea256defebd60f11,f2cd9b90700ff28941dc26f1472842080efc2d8ec1cb0e589c5295b2e85a7348,59120,1,lossless_jpeg_metadata_strip_preserve_orientation_v2,,,
datasets/corn-field-pest-v2/train/fall_armyworm/img_76dd12cb2e2889b347d26e25.jpg,train,fall_armyworm,ccmt,CC BY 4.0,grp_5be6c6722c8d5cb68ee8106c,e4e1a7a6a085094705bf04f2a38cfec13bef22d8d21a4463d8c4b44fc0043807,44812,1,lossless_jpeg_metadata_strip_preserve_orientation_v2,,,
datasets/corn-field-pest-v2/train/fall_armyworm/img_8b84c7c29e424c0bd2c44a26.jpg,train,fall_armyworm,ccmt,CC BY 4.0,grp_52b52d77900aee108af73b9c,7163275b7e2c84f4301894c992c49ae2c9b1eb97173c591b7feedd6dcb74dd99,53471,1,lossless_jpeg_metadata_strip_preserve_orientation_v2,,,
datasets/corn-field-pest-v2/train/fall_armyworm/img_8fd2aa7cb911890cdf9e56b1.jpg,train,fall_armyworm,ccmt,CC BY 4.0,grp_92225f85255c9006b85da24d,8030197ae702792a6acdea0b57ced2b30bbdb4b7c4805183fb49e7668f1a2cb1,41144,1,lossless_jpeg_metadata_strip_preserve_orientation_v2,,,
datasets/corn-field-pest-v2/train/fall_armyworm/img_c3bad2bd054663f554683d36.jpg,train,fall_armyworm,tom2024,CC BY 4.0,grp_a7443153fceaa04174aa07ef,daa85711f8be918e2906c7ca583c0ce4a13aec3c212410895dcf74a016049892,3963,1,lossless_jpeg_metadata_strip_preserve_orientation_v2,,,
datasets/corn-field-pest-v2/train/fall_armyworm/img_6e3013fa30b7ce7ae3631af9.jpg,train,fall_armyworm,tom2024,CC BY 4.0,grp_b52a43f11041a7afe0e5c3e5,7fccb2ec470995f875eedb05f0915bfb015aa8c38618d9a9e73e3bca9d8d5419,11956,1,lossless_jpeg_metadata_strip_preserve_orientation_v2,,,
datasets/corn-field-pest-v2/train/grasshopper_unknown/img_fe2153048f59247ba487dc7a.jpg,train,grasshopper_unknown,ccmt,CC BY 4.0,grp_2971c98808d78b8c153d3213,2234d9532de02210d1df499461101b4067d04a934da04e82d3116181da93488a,56864,1,lossless_jpeg_metadata_strip_preserve_orientation_v2,,,
datasets/corn-field-pest-v2/val/healthy/img_cfddac01443c550c8405499b.jpg,val,healthy,tom2024,CC BY 4.0,grp_5921cfae928640a203796a47,fc9f5bbe5f5b55f13d5a05969c0457809abec2f8b472f08ec913760bc9753bd6,7134,1,lossless_jpeg_metadata_strip_preserve_orientation_v2,,,
datasets/corn-field-pest-v2/train/healthy/img_fe585c69f7eecc4df45bd4bb.jpg,train,healthy,tom2024,CC BY 4.0,grp_4490bbb6868b52544b838b19,174b1c48ff20ca16b7d93c787a4228064c691f902686f589ce14005bda3306a2,10612,1,lossless_jpeg_metadata_strip_preserve_orientation_v2,,,
datasets/corn-field-pest-v2/train/healthy/img_354e572c78fc0d0699ca3dc2.jpg,train,healthy,tom2024,CC BY 4.0,grp_1868a51d6dcef8ad32500d5b,f4797b3537663abc75b99f76ab89b3d344067a5667ade7ddf142bec4a9a6b65c,3547,1,lossless_jpeg_metadata_strip_preserve_orientation_v2,,,
datasets/corn-field-pest-v2/train/grasshopper_unknown/img_1444453e977e0dcd2041a13b.jpg,train,grasshopper_unknown,ccmt,CC BY 4.0,grp_33d783b9eb2200966601a657,cd2852cb767382f8ef873778aa94d2540f691a086a3519e436a032986ae05750,37008,1,lossless_jpeg_metadata_strip_preserve_orientation_v2,,,
datasets/corn-field-pest-v2/train/fall_armyworm/img_de467d3e26f5507170209023.jpg,train,fall_armyworm,ccmt,CC BY 4.0,grp_ca05a0577a533e19cb31d6d1,cfba1debaaa882779e3989be6f007ebb1c1a2b2dcd5d33786cac25118f817aa1,39301,1,lossless_jpeg_metadata_strip_preserve_orientation_v2,,,
datasets/corn-field-pest-v2/val/leaf_beetle_unknown/img_9bd0f879612ba2219b6375ca.jpg,val,leaf_beetle_unknown,ccmt,CC BY 4.0,grp_d240ef114fe84ca630e6d775,d37db7bebe8a8c187f969776115d297f1a76a1b88411612bcb291447f553a1f8,25208,1,lossless_jpeg_metadata_strip_preserve_orientation_v2,,,
datasets/corn-field-pest-v2/train/leaf_beetle_unknown/img_62f982b42824eebef8509a26.jpg,train,leaf_beetle_unknown,ccmt,CC BY 4.0,grp_cc999f719fd9490304fe5fe4,cb1e6d008e77fd41e2951548e877f12692bb7a21b9a10192beacd5c92fbc6c17,31906,1,lossless_jpeg_metadata_strip_preserve_orientation_v2,,,
datasets/corn-field-pest-v2/val/fall_armyworm/img_1241cae021fa76b6eda0782e.jpg,val,fall_armyworm,tom2024,CC BY 4.0,grp_2d360e02e0d15fbcbf9d4b7d,dc4eb70bf70d22396d16d69266227c35abeeea780a0c1a5f9775b788fff66c25,13581,1,lossless_jpeg_metadata_strip_preserve_orientation_v2,,,
datasets/corn-field-pest-v2/train/leaf_beetle_unknown/img_ac9ade82e62a8d1d24423a83.jpg,train,leaf_beetle_unknown,ccmt,CC BY 4.0,grp_dbaa12cb823f1cf990031d22,5044d98d9c0f283dcbc373daeb532225d7b6f521b2142e1735384950dc0725fa,25539,1,lossless_jpeg_metadata_strip_preserve_orientation_v2,,,
datasets/corn-field-pest-v2/train/grasshopper_unknown/img_bfae3f39f6ec2ad765ddece0.jpg,train,grasshopper_unknown,ccmt,CC BY 4.0,grp_b8656525ebb1c9c0f0dfabd5,6dfccb98c55984a93966294e5647177837828cd52ee4e64ec73d3aca3e28ac23,55201,1,lossless_jpeg_metadata_strip_preserve_orientation_v2,,,
datasets/corn-field-pest-v2/train/leaf_beetle_unknown/img_e38ff490b0023cc68a19a4f6.jpg,train,leaf_beetle_unknown,ccmt,CC BY 4.0,grp_9ce57af69af8f4f5c9d5e7e5,35dac5e0169835df42f652e66a82eab51d416bb53491ccf1b3f767e6a93434a4,27866,1,lossless_jpeg_metadata_strip_preserve_orientation_v2,,,
datasets/corn-field-pest-v2/train/leaf_beetle_unknown/img_978f66fbb81f7264f8215c34.jpg,train,leaf_beetle_unknown,ccmt,CC BY 4.0,grp_435fa574e1e47372f968bc39,dfd61f3d3288fa8ce28315f2a81240871f9311a046827ff73547e58adb05791a,30073,1,lossless_jpeg_metadata_strip_preserve_orientation_v2,,,
datasets/corn-field-pest-v2/train/leaf_beetle_unknown/img_044bc614a4923418d7a293cb.jpg,train,leaf_beetle_unknown,ccmt,CC BY 4.0,grp_6a4773020a26cd295be98122,4a5ae0587122ff1f3c229fdc1f919c189ac0d16a465898b569d512f1c999b84b,19440,1,lossless_jpeg_metadata_strip_preserve_orientation_v2,,,
datasets/corn-field-pest-v2/train/leaf_beetle_unknown/img_e759f2790a28cd355b0165b3.jpg,train,leaf_beetle_unknown,ccmt,CC BY 4.0,grp_bb5876cfccec073fa320bc77,879e3f74c7cde6879d864421005dd474039dcd1ed28e2471d6f36a2ecf16f4d9,21555,1,lossless_jpeg_metadata_strip_preserve_orientation_v2,,,
datasets/corn-field-pest-v2/train/fall_armyworm/img_f165346836ad4352e52cef2c.jpg,train,fall_armyworm,ccmt,CC BY 4.0,grp_aeab5ee853b228aa1633f887,e0e23648cc7ee4d8bab7da1ebc112579b851f1d1a3e4cf531265d11f3d302b01,45781,1,lossless_jpeg_metadata_strip_preserve_orientation_v2,,,
datasets/corn-field-pest-v2/train/leaf_beetle_unknown/img_5d685042590781c10bd0a6db.jpg,train,leaf_beetle_unknown,ccmt,CC BY 4.0,grp_62effe494527033beb4b3dc7,7ad4acb5da761d22364b2da1f5d9ba3a53c1044c1a3880f361ea5f1050abfb52,31665,1,lossless_jpeg_metadata_strip_preserve_orientation_v2,,,
datasets/corn-field-pest-v2/train/grasshopper_unknown/img_186eae60ab1434caec9d5f71.jpg,train,grasshopper_unknown,ccmt,CC BY 4.0,grp_f6c58db10cfe928d80503563,bc95b3d803ef8c95defa35943b3001c7630073e5ff0e8ecd3a75727eccc54def,28683,1,lossless_jpeg_metadata_strip_preserve_orientation_v2,,,
datasets/corn-field-pest-v2/train/fall_armyworm/img_176a3dd8dcdce74765bd502e.jpg,train,fall_armyworm,ccmt,CC BY 4.0,grp_a7cfe6d11196164086a46bad,c0c300a194115e5a2e0b04a0650c51e7daf68e9db5e4680c77e3370fc15a8db1,40229,1,lossless_jpeg_metadata_strip_preserve_orientation_v2,,,
datasets/corn-field-pest-v2/train/healthy/img_c433147cb1da7c1aa6ae9acb.jpg,train,healthy,ccmt,CC BY 4.0,grp_c635873326e975c5638ea7c8,f5c5008a6e299c900504d2402ee1316e9628e4f748c735c3de6d3ae4c27c49ba,55246,1,lossless_jpeg_metadata_strip_preserve_orientation_v2,,,
datasets/corn-field-pest-v2/val/grasshopper_unknown/img_e3a5cd540cf9eb62ad61c08f.jpg,val,grasshopper_unknown,ccmt,CC BY 4.0,grp_3e0729c28ff96651b323ad84,de512121c31be36cf0384f95a6beb93c4f0ee58ac28cf321496c203ef8714b3d,23387,1,lossless_jpeg_metadata_strip_preserve_orientation_v2,,,
datasets/corn-field-pest-v2/train/fall_armyworm/img_2f864d0b89aeb08d5aee800c.jpg,train,fall_armyworm,tom2024,CC BY 4.0,grp_4cd36ae2a6626e3a5d8203fb,b776acf2e195481d9fd82e6c7ec6ba1a7e25b2a77333d225cfcfb59145cdb23b,4503,1,lossless_jpeg_metadata_strip_preserve_orientation_v2,,,
datasets/corn-field-pest-v2/train/healthy/img_5195430909686f793682ab77.jpg,train,healthy,tom2024,CC BY 4.0,grp_0c3546cda7e6be2e182c63ef,068d57b61c17886c4b8b8ebd0af337e0814a173cf5a708f5947bb9d044e8624e,6572,1,lossless_jpeg_metadata_strip_preserve_orientation_v2,,,
datasets/corn-field-pest-v2/train/grasshopper_unknown/img_cf8758d77960dac7f12c64b5.jpg,train,grasshopper_unknown,ccmt,CC BY 4.0,grp_6d3e6c2ad6ae78a218ac8028,3dd4580b868a120868cee7b7358f5a48e987e59b46567c3d445291f5d549532a,73589,1,lossless_jpeg_metadata_strip_preserve_orientation_v2,,,
datasets/corn-field-pest-v2/train/fall_armyworm/img_ca4e03f975b17c60903b929c.jpg,train,fall_armyworm,ccmt,CC BY 4.0,grp_9ca2ee0c304409dfb42d6d10,e05f2e906711cfccf14f24fd062c0e83e4cf9baa598aaf76bef9612af811aeac,51893,1,lossless_jpeg_metadata_strip_preserve_orientation_v2,,,
datasets/corn-field-pest-v2/train/fall_armyworm/img_3708d264c36e3083459c5976.jpg,train,fall_armyworm,ccmt,CC BY 4.0,grp_4c8dbcbef61bb99a635c6a2b,d429c447c92b75f1899b012e48c807fdef64aa69c3bddc87ca08e176b142d5aa,46108,1,lossless_jpeg_metadata_strip_preserve_orientation_v2,,,
datasets/corn-field-pest-v2/train/leaf_beetle_unknown/img_ee4f84f51bd25308d16d6481.jpg,train,leaf_beetle_unknown,ccmt,CC BY 4.0,grp_ace1190aa6db5c0e72f7b1aa,954820cd6faa30975b94170a9c846e4e1e86a1d879d31732fd07eab152e74f77,43208,1,lossless_jpeg_metadata_strip_preserve_orientation_v2,,,
datasets/corn-field-pest-v2/train/grasshopper_unknown/img_18d4b3a6f4858c3235736872.jpg,train,grasshopper_unknown,ccmt,CC BY 4.0,grp_d3bcc70d5b48900daad041d5,81ce4249f65cecb5448943faefa222b0d9427c927edaa30f5b5c129501fba08d,53735,1,lossless_jpeg_metadata_strip_preserve_orientation_v2,,,
datasets/corn-field-pest-v2/train/leaf_beetle_unknown/img_45828324a105e3ab68788766.jpg,train,leaf_beetle_unknown,ccmt,CC BY 4.0,grp_3b9d4bb645a9f51cd9b274db,7cb2cdda9e757d71ca97e51d00becc34fd12ef0b7646f82fb40cf3fa9b8ee4e4,34524,1,lossless_jpeg_metadata_strip_preserve_orientation_v2,,,
datasets/corn-field-pest-v2/train/healthy/img_afc93cc306ea4c437ad52276.jpg,train,healthy,tom2024,CC BY 4.0,grp_7ba4ceca38e4c81a295c5045,5c3b5180f199e798de4517b45366b19138f671a24c744fe5b492568629a0d162,8804,1,lossless_jpeg_metadata_strip_preserve_orientation_v2,,,
datasets/corn-field-pest-v2/train/leaf_beetle_unknown/img_762614daddccd07886c977ca.jpg,train,leaf_beetle_unknown,ccmt,CC BY 4.0,grp_9b9f5d71f14731cb2babcf84,b3a52130a08418ab69f1e2a61b02643eea1fe78ab8a287640b815bcf3da665f1,44566,1,lossless_jpeg_metadata_strip_preserve_orientation_v2,,,
datasets/corn-field-pest-v2/train/fall_armyworm/img_8d18625ec489033ecfae11df.jpg,train,fall_armyworm,tom2024,CC BY 4.0,grp_20f15e821688b63f82a59263,34081fa15746dbb074350853016b4e65252476945348f1e07d0308f5897cc65c,11492,1,lossless_jpeg_metadata_strip_preserve_orientation_v2,,,
datasets/corn-field-pest-v2/train/leaf_beetle_unknown/img_de5161e04931a8320dd46bac.jpg,train,leaf_beetle_unknown,ccmt,CC BY 4.0,grp_b4be2c1a29bb443b0f9e2372,3a3aac488baee5e95e78ca6bb28de255300f97dc4f39279ae07d8116e259ac70,41601,1,lossless_jpeg_metadata_strip_preserve_orientation_v2,,,
datasets/corn-field-pest-v2/train/leaf_beetle_unknown/img_4e326b28f96c40ff92dfbf04.jpg,train,leaf_beetle_unknown,ccmt,CC BY 4.0,grp_e40f136a203642c0846b05de,36640d92aead2d181909ca1c79ad822f571aa2012cf41057d58ff7d19d2262ee,28616,1,lossless_jpeg_metadata_strip_preserve_orientation_v2,,,
datasets/corn-field-pest-v2/train/leaf_beetle_unknown/img_54d3390756d5ea3a6ec035ca.jpg,train,leaf_beetle_unknown,ccmt,CC BY 4.0,grp_c90c4a9dec767b7468f5ca55,10c4421961974e5749ab6b45528251b0316e6575031c5bd24ff91fe2839b1071,33513,1,lossless_jpeg_metadata_strip_preserve_orientation_v2,,,
datasets/corn-field-pest-v2/train/grasshopper_unknown/img_34e97226ac4cbb06e4afa572.jpg,train,grasshopper_unknown,ccmt,CC BY 4.0,grp_24e96ff1bfd0b52a22ed26b1,2af029c8d429493892d1a0b76920a2508b27a3ca3e721b54d30b38f19ff92d79,46492,1,lossless_jpeg_metadata_strip_preserve_orientation_v2,,,
datasets/corn-field-pest-v2/val/maize_aphid_unknown/img_f5822b7972a1c16863074dff.jpg,val,maize_aphid_unknown,yeesi,CC BY 4.0,grp_15aecef2d21da232f3e3324d,0840071dc9b7a4975935ce40f970ca489f0bcebf1dbe4a502b78747e5998ad42,1866183,1,lossless_jpeg_metadata_strip_preserve_orientation_v2,,,
datasets/corn-field-pest-v2/train/leaf_beetle_unknown/img_3a14f3e5760f50bacdf8af38.jpg,train,leaf_beetle_unknown,ccmt,CC BY 4.0,grp_e709f9c3cb29759c7ff8caa7,cb66ab6cd1f1c498f4625ed2216116bf0e062926563ccf0757bb06e90a598e16,36833,1,lossless_jpeg_metadata_strip_preserve_orientation_v2,,,
datasets/corn-field-pest-v2/train/healthy/img_dd4fb11d30cb7d89df5b6f0d.jpg,train,healthy,tom2024,CC BY 4.0,grp_4490bbb6868b52544b838b19,f054041c7b059d9801d3851e5e043e0ada4ab914cd4bfe31d6781da2cdc4541c,8305,1,lossless_jpeg_metadata_strip_preserve_orientation_v2,,,
datasets/corn-field-pest-v2/train/leaf_beetle_unknown/img_c734233520fa7ca50b66b539.jpg,train,leaf_beetle_unknown,ccmt,CC BY 4.0,grp_3230cb8fdc77fb56e5e8a0f6,0e8e132a6155983656dc1c979977e5012f40860f2a25cbff51cceeb9041ace92,32300,1,lossless_jpeg_metadata_strip_preserve_orientation_v2,,,
datasets/corn-field-pest-v2/train/leaf_beetle_unknown/img_04c3ffce0b50d6d9ee7d9cd3.jpg,train,leaf_beetle_unknown,ccmt,CC BY 4.0,grp_3d757a135d72f4f5c4a8b7d2,94d6dc904c7ffc3e2a2bf7fa2b342eae3e10de0b18faec2c67329c4b99b25210,26317,1,lossless_jpeg_metadata_strip_preserve_orientation_v2,,,
datasets/corn-field-pest-v2/val/fall_armyworm/img_e4b6f5f5236200594dddbc9e.jpg,val,fall_armyworm,ccmt,CC BY 4.0,grp_918aed621a21ea7f3d8dbc5c,d6adf5e44a6cb2469b63fc9a46e3941f780eab43cdf2216e0ff670071711d918,47210,1,lossless_jpeg_metadata_strip_preserve_orientation_v2,,,
datasets/corn-field-pest-v2/train/leaf_beetle_unknown/img_646053b37274122bb7847bc8.jpg,train,leaf_beetle_unknown,ccmt,CC BY 4.0,grp_d5a6e5dd5e7f81d2a2806bed,1b13bea8b14e64bf6afad9b44a89413a3a996ba422f4dfc181626a287b8194f6,38106,1,lossless_jpeg_metadata_strip_preserve_orientation_v2,,,
datasets/corn-field-pest-v2/train/leaf_beetle_unknown/img_6efea8ba9b537e97d389120e.jpg,train,leaf_beetle_unknown,ccmt,CC BY 4.0,grp_d5fd85415c020d3d0676fedd,dee87beda036f75b6dc1d6d62a5e9fe9192b23ebd9ebe6a86ffaefbd03ffe27e,25202,1,lossless_jpeg_metadata_strip_preserve_orientation_v2,,,
datasets/corn-field-pest-v2/train/leaf_beetle_unknown/img_a30c27954f497c0275238227.jpg,train,leaf_beetle_unknown,ccmt,CC BY 4.0,grp_4387db750fadc4f7e9a051c8,8f6093b6dbdee3c5a2c999f9d348c312889557e71354e7dda546ad8f07f31632,27713,1,lossless_jpeg_metadata_strip_preserve_orientation_v2,,,
datasets/corn-field-pest-v2/train/leaf_beetle_unknown/img_49e9382a7a981398b52eeb5f.jpg,train,leaf_beetle_unknown,ccmt,CC BY 4.0,grp_e1186bc9532a11595cc4057d,879da17171c56acb0ad951f95b1ced94f5eb6407f60ba8b514d83a8beba00d4a,48433,1,lossless_jpeg_metadata_strip_preserve_orientation_v2,,,
datasets/corn-field-pest-v2/train/grasshopper_unknown/img_f5a083c30b2bfd2cc44feadd.jpg,train,grasshopper_unknown,ccmt,CC BY 4.0,grp_22da0b32db327f4d85449053,b0d9cc50058a4d3d62187f20eb27dada044aa7440af2cd4cd84569c345dfde60,23213,1,lossless_jpeg_metadata_strip_preserve_orientation_v2,,,
datasets/corn-field-pest-v2/train/fall_armyworm/img_eae1843afed91b6550796864.jpg,train,fall_armyworm,tom2024,CC BY 4.0,grp_2ff626dc0b9dfc4173950822,e3aa82bb1f2da16eb47edfd4c4a00cc2cb1b8c439826442da646ac21e3b6738c,7773,1,lossless_jpeg_metadata_strip_preserve_orientation_v2,,,
datasets/corn-field-pest-v2/train/fall_armyworm/img_525a7079add0c2026f23f4c3.jpg,train,fall_armyworm,tom2024,CC BY 4.0,grp_a56aa3337bc5f67aad03ae67,600e8f413107404a8366331a955c1dc0618b4067cb4409836c567db387a58fd0,11910,1,lossless_jpeg_metadata_strip_preserve_orientation_v2,,,
datasets/corn-field-pest-v2/train/fall_armyworm/img_e6b03e1e320b585d309304a4.jpg,train,fall_armyworm,tom2024,CC BY 4.0,grp_f0d27ed4fc64e108ebea328e,ad15a2366ec5e5d262c68816324e76831ff5736588934657816910e330efbdee,6179,1,lossless_jpeg_metadata_strip_preserve_orientation_v2,,,
datasets/corn-field-pest-v2/train/leaf_beetle_unknown/img_c2ceff29cb51c5836f5eda59.jpg,train,leaf_beetle_unknown,ccmt,CC BY 4.0,grp_955ab52c53e143b6f41b734b,e5284852ef32f2eb6487c48aaead1cf333e5c20ad1c00b5ed4f8d68732a34f4d,50440,1,lossless_jpeg_metadata_strip_preserve_orientation_v2,,,
datasets/corn-field-pest-v2/train/fall_armyworm/img_ae4eb50eaf94c8dd10675ea9.jpg,train,fall_armyworm,tom2024,CC BY 4.0,grp_e5364aaf068902d86294a1ef,6ef367f3452b62abdc92778f820bf195c279f3700d95eea3640f0bfdc7e290e4,7122,1,lossless_jpeg_metadata_strip_preserve_orientation_v2,,,
datasets/corn-field-pest-v2/val/fall_armyworm/img_9c0757107779679702fa9055.jpg,val,fall_armyworm,ccmt,CC BY 4.0,grp_bdebe305a2df8d3ec87dbb40,9ce05e393cf842aeb304d850119c5f670f9ca79c77d9452c2454f7134dda7ea1,52263,1,lossless_jpeg_metadata_strip_preserve_orientation_v2,,,
datasets/corn-field-pest-v2/train/leaf_beetle_unknown/img_9218342ecb2b6f057c44dffb.jpg,train,leaf_beetle_unknown,ccmt,CC BY 4.0,grp_2fb2cb80f1b55ed10a02864a,20632b73b45c9e7b7713212e9a274e16f1f98fc3a677d5d7e8d683b1d55d4b4f,32852,1,lossless_jpeg_metadata_strip_preserve_orientation_v2,,,
datasets/corn-field-pest-v2/train/leaf_beetle_unknown/img_f756c97690176e1e748bd3d3.jpg,train,leaf_beetle_unknown,ccmt,CC BY 4.0,grp_b81cf5fca98a74b7bcf2076a,dc93d110a9cc530839b5e52a8ec566f1851ca0e32418d0469d7aec8dcb7155de,28289,1,lossless_jpeg_metadata_strip_preserve_orientation_v2,,,
datasets/corn-field-pest-v2/val/leaf_beetle_unknown/img_54988ba10bcbad8f16432d65.jpg,val,leaf_beetle_unknown,ccmt,CC BY 4.0,grp_1683ec4a4838b90f625e16f7,4c606132c163ce0a131bc6438e8a8a4c34852df8ed421f630e3cac4747448115,33924,1,lossless_jpeg_metadata_strip_preserve_orientation_v2,,,
datasets/corn-field-pest-v2/val/leaf_beetle_unknown/img_cf54b4a882b4d6df66735d59.jpg,val,leaf_beetle_unknown,ccmt,CC BY 4.0,grp_62ed1904fafa01ad45a496a8,dca5098835a168cac426748a0c2be6f9f2bd937982ff7c7890b623bfc4506a9d,38268,1,lossless_jpeg_metadata_strip_preserve_orientation_v2,,,
datasets/corn-field-pest-v2/train/leaf_beetle_unknown/img_e4678353c147eb2c2fa3b02d.jpg,train,leaf_beetle_unknown,ccmt,CC BY 4.0,grp_7b390919d6f4f88f8aae4f93,917ad798c9f9c47cd42c2e8c018af8935bc8e22a56723c8ee638c335b86b120f,41931,1,lossless_jpeg_metadata_strip_preserve_orientation_v2,,,
datasets/corn-field-pest-v2/val/grasshopper_unknown/img_92ac6309f773cb786a3a3f61.jpg,val,grasshopper_unknown,ccmt,CC BY 4.0,grp_e1b8d121d83bf843f67b6f76,1a67df618a4cc0ff1d6bfe6f41b7619e7a89e9c605d6dd69a339c39d748cee66,41819,1,lossless_jpeg_metadata_strip_preserve_orientation_v2,,,
datasets/corn-field-pest-v2/train/grasshopper_unknown/img_a00608c4345a194d8e3baf7b.jpg,train,grasshopper_unknown,ccmt,CC BY 4.0,grp_955ed079939fd53c543c4ba9,84d3800ec54f3f61c517e6a544cbfc3c94bd0817e333a757778cb06155ed7662,58594,1,lossless_jpeg_metadata_strip_preserve_orientation_v2,,,
datasets/corn-field-pest-v2/train/grasshopper_unknown/img_ceb63b7dadaa8e806b4d330f.jpg,train,grasshopper_unknown,ccmt,CC BY 4.0,grp_507d4ce300da7b9d42a63500,ce505784dfbef5811b7b6761aa6606fd37827e774e2295c8a3bae2ecb79aea01,42903,1,lossless_jpeg_metadata_strip_preserve_orientation_v2,,,
datasets/corn-field-pest-v2/train/healthy/img_0e04f7a55469b03c10ba9179.jpg,train,healthy,ccmt,CC BY 4.0,grp_2d8f726d54acb031c851ea9e,0db8891e0e19d2729c99dbf9bd018db88268a09c111c152e5bb4111c1f2f9ac0,52535,1,lossless_jpeg_metadata_strip_preserve_orientation_v2,,,
datasets/corn-field-pest-v2/val/leaf_beetle_unknown/img_06625378ca904c82cdfe6313.jpg,val,leaf_beetle_unknown,ccmt,CC BY 4.0,grp_8cc1d8b367d36c8fa80c6ae4,79adbd9671f99b07370a1af28f1caf05bf2f85aa7877e76dfcf1cd4de91c034c,35629,1,lossless_jpeg_metadata_strip_preserve_orientation_v2,,,
datasets/corn-field-pest-v2/train/fall_armyworm/img_c4ea5de6b494bccf8e82ad6e.jpg,train,fall_armyworm,ccmt,CC BY 4.0,grp_8bfd20551329bed9e7def74d,278505e4bc7737bb7192610e2d5b036e70d3f74ba37ec5148a4ce28dc14b5d93,64364,1,lossless_jpeg_metadata_strip_preserve_orientation_v2,,,
datasets/corn-field-pest-v2/train/grasshopper_unknown/img_c9eb4a85716e4ae972dad262.jpg,train,grasshopper_unknown,ccmt,CC BY 4.0,grp_4c811429461e093819e9bfc0,759a4fc34451d66a1595a05ff2fcc95592ec87dbcd17f38e7cdf32c6333a7490,47242,1,lossless_jpeg_metadata_strip_preserve_orientation_v2,,,
datasets/corn-field-pest-v2/train/grasshopper_unknown/img_7f8f70baab46d2201a7b2b5f.jpg,train,grasshopper_unknown,ccmt,CC BY 4.0,grp_8fd61422bbf0378be504d9dd,0e353db05c4eff6308df19f8fae3b7b82c170899a0ebb7210e6e1ed9e5b91683,43472,1,lossless_jpeg_metadata_strip_preserve_orientation_v2,,,
datasets/corn-field-pest-v2/train/leaf_beetle_unknown/img_84a99dd99cb6ee4b9e4e31b5.jpg,train,leaf_beetle_unknown,ccmt,CC BY 4.0,grp_8a8042d64e2d599c8ce25703,793a3539421065554915d1721010dc48cc7f9cc3366907c778ee7ee287b58543,35986,1,lossless_jpeg_metadata_strip_preserve_orientation_v2,,,
datasets/corn-field-pest-v2/train/leaf_beetle_unknown/img_4fe6dd12b36b811dcd9171f1.jpg,train,leaf_beetle_unknown,ccmt,CC BY 4.0,grp_149f3203e33865e4cb3e0048,50623e888357588f64006780dca7618f9b4ab7b976172649809259c299800c99,32817,1,lossless_jpeg_metadata_strip_preserve_orientation_v2,,,
datasets/corn-field-pest-v2/train/leaf_beetle_unknown/img_f753ad38e395f7a58180e907.jpg,train,leaf_beetle_unknown,ccmt,CC BY 4.0,grp_eb0c05c5639d87bedee3c890,74efd554c99dc757c9ed8ebb531bd977104aa7400209ef207843e8082d74c546,31055,1,lossless_jpeg_metadata_strip_preserve_orientation_v2,,,
datasets/corn-field-pest-v2/train/fall_armyworm/img_0819f592c414baa6d6fc15ce.jpg,train,fall_armyworm,ccmt,CC BY 4.0,grp_af2e0ec9c086c2cd78812154,fbce82a790da1cf175b4e3eff1adbe9036d97a8e231276c2e629fe08433d63b4,56023,1,lossless_jpeg_metadata_strip_preserve_orientation_v2,,,
datasets/corn-field-pest-v2/train/leaf_beetle_unknown/img_c52b3649d5ad3b6b6284df53.jpg,train,leaf_beetle_unknown,ccmt,CC BY 4.0,grp_78b72e7bf58975ddff8c97ba,5efe02f80a76657f4df3bc47d13a375811760152e96efe4aeff93f0227eef54e,23449,1,lossless_jpeg_metadata_strip_preserve_orientation_v2,,,
datasets/corn-field-pest-v2/train/leaf_beetle_unknown/img_577a96b808eadb5f3ca6fab5.jpg,train,leaf_beetle_unknown,ccmt,CC BY 4.0,grp_ae778bc4b9aececf197d4c45,2582764bffb9cad6ce4c231224ff0c12e65e4d8ddfed0b82da71513ddef9c3b1,28091,1,lossless_jpeg_metadata_strip_preserve_orientation_v2,,,
datasets/corn-field-pest-v2/train/fall_armyworm/img_437cc65c4b3d43011d35af11.jpg,train,fall_armyworm,tom2024,CC BY 4.0,grp_d52344d3d0d24aa0d8192a9f,f616a521b59869c1ac0ae625ad59b4e802d242b75c14d6d668a096baad7a03a9,2020,1,lossless_jpeg_metadata_strip_preserve_orientation_v2,,,
datasets/corn-field-pest-v2/train/grasshopper_unknown/img_2092c17dd2d674d2d190633b.jpg,train,grasshopper_unknown,ccmt,CC BY 4.0,grp_ea56896b78ec90272a5219b7,7d6777ba9340824ffbfbbb5c3c4616a4655164105cc2dce995eec1b292af93c9,38719,1,lossless_jpeg_metadata_strip_preserve_orientation_v2,,,
datasets/corn-field-pest-v2/train/grasshopper_unknown/img_72bacf37e5676d0bde58dfc4.jpg,train,grasshopper_unknown,ccmt,CC BY 4.0,grp_a4a6b3bae27cc5a071fa0f11,1011b5876486e38ec26637427531218d5baa0e7a37df8f14a141f68fd0ff9cdb,69245,1,lossless_jpeg_metadata_strip_preserve_orientation_v2,,,
datasets/corn-field-pest-v2/train/leaf_beetle_unknown/img_1959e6dfabf31b8359f84235.jpg,train,leaf_beetle_unknown,ccmt,CC BY 4.0,grp_0bf85054c546b8f40d63d847,ffc1068d42de1df230f4b23f7fd6bfdb0e62322eee446ffbde09b53d7abfcbf2,40983,1,lossless_jpeg_metadata_strip_preserve_orientation_v2,,,
datasets/corn-field-pest-v2/train/maize_aphid_unknown/img_58783a80dd319ad14894b5da.jpg,train,maize_aphid_unknown,yeesi,CC BY 4.0,grp_e37eb7f71d9e27f224f6bd58,6a65c7d2103d0990a984b9f8914e8bbeb4efaa04134a3e70d89243bb39c8c42d,6702143,6,lossless_jpeg_metadata_strip_preserve_orientation_v2,,,
datasets/corn-field-pest-v2/val/leaf_beetle_unknown/img_8c1f064b464530b13b8a4d62.jpg,val,leaf_beetle_unknown,ccmt,CC BY 4.0,grp_f6593ae37859adc09669bbd4,724ef689240dda71582df38b135a4482d154e9589f6da9072ef201d39a6bdd22,47694,1,lossless_jpeg_metadata_strip_preserve_orientation_v2,,,
datasets/corn-field-pest-v2/train/fall_armyworm/img_993f5b1ee26b9c99dd013cf4.jpg,train,fall_armyworm,ccmt,CC BY 4.0,grp_5d860090a6fc36294a3549f5,1b754e97850897b87d3218b2bceb6051c2085ee8ee3e9a3c35c5f0729af6a087,40942,1,lossless_jpeg_metadata_strip_preserve_orientation_v2,,,
datasets/corn-field-pest-v2/train/healthy/img_d7e0ee6b55a420e2ab21f108.jpg,train,healthy,tom2024,CC BY 4.0,grp_a1d67e3f0441f1595cb90237,d6299713fcb1e9978049c9340d4f93c467437ad58646101f727415b2f366562a,7266,1,lossless_jpeg_metadata_strip_preserve_orientation_v2,,,
datasets/corn-field-pest-v2/train/leaf_beetle_unknown/img_926da320e41b49daf3aadf6e.jpg,train,leaf_beetle_unknown,ccmt,CC BY 4.0,grp_4e1f89bc127ed5121cc490e5,e7067263b4cc307dfba8b028d801dc3704c2565f60499c6c840811ef8a0f6364,36002,1,lossless_jpeg_metadata_strip_preserve_orientation_v2,,,
datasets/corn-field-pest-v2/train/fall_armyworm/img_701c22f49664642f62ac3cf5.jpg,train,fall_armyworm,tom2024,CC BY 4.0,grp_d0b8f89663671fca129bc76a,ef75ebd3e8a4d67c264842711efb2e296a30c93033801e02ebec3d918da09396,9774,1,lossless_jpeg_metadata_strip_preserve_orientation_v2,,,
datasets/corn-field-pest-v2/train/healthy/img_f96c7fadaa71af703510ba38.jpg,train,healthy,tom2024,CC BY 4.0,grp_db68710c211dfc9da8a9fd17,454b389c6f3b891ee72e365b1aef3a0fb5c30dea645d315eb011712182f5b07d,12941,1,lossless_jpeg_metadata_strip_preserve_orientation_v2,,,
datasets/corn-field-pest-v2/val/fall_armyworm/img_c80562f7dbe066949c6c2588.jpg,val,fall_armyworm,ccmt,CC BY 4.0,grp_8552836db31f8e0a48c54acb,cfed5f891f797a01f8ffee49ded4e0edadb00d5d39e310b5133f2b5d46f18c38,58689,1,lossless_jpeg_metadata_strip_preserve_orientation_v2,,,
datasets/corn-field-pest-v2/train/fall_armyworm/img_d25456d24ac05c12e90eb0df.jpg,train,fall_armyworm,tom2024,CC BY 4.0,grp_4d2b36d65a02d3af8ae16653,a7f4d0ce43b3876eae6ad744fbefe0a8ffb833f9e47004fe21f1467c1aa06a44,7239,1,lossless_jpeg_metadata_strip_preserve_orientation_v2,,,
datasets/corn-field-pest-v2/train/grasshopper_unknown/img_65a4e90641897bd9003cdfee.jpg,train,grasshopper_unknown,ccmt,CC BY 4.0,grp_7daa760a7b57fd89916ba365,d4a382e9db79500d72a29ea45318179288e15cf00764b8c95f45ffa663031786,47408,1,lossless_jpeg_metadata_strip_preserve_orientation_v2,,,
datasets/corn-field-pest-v2/train/leaf_beetle_unknown/img_689f0a4f35fa1243f140bca1.jpg,train,leaf_beetle_unknown,ccmt,CC BY 4.0,grp_bb0204454265110128d92205,3b8e47ade8359a3ccb2abe522f8c7d9e3e9e26405e5a5426aee899ce9c6a9d90,21159,1,lossless_jpeg_metadata_strip_preserve_orientation_v2,,,
datasets/corn-field-pest-v2/train/leaf_beetle_unknown/img_35b3879931b088a63d9c4305.jpg,train,leaf_beetle_unknown,ccmt,CC BY 4.0,grp_795afa2445442804a1635468,a078e5330508ff9c88672881270144eee9dac699f5c193861350f7b46dbb4747,35009,1,lossless_jpeg_metadata_strip_preserve_orientation_v2,,,
datasets/corn-field-pest-v2/val/grasshopper_unknown/img_210a2ea25b1b757a4d41d3bd.jpg,val,grasshopper_unknown,ccmt,CC BY 4.0,grp_3c7e0071dd7350ed164197d8,3f0a8379223aaedc41f515b17d1a1be80f06cc9dde6eddf3d6d19ecde41ce2cc,46075,1,lossless_jpeg_metadata_strip_preserve_orientation_v2,,,
datasets/corn-field-pest-v2/train/fall_armyworm/img_bdd3b69b707ddd48dc5d440b.jpg,train,fall_armyworm,tom2024,CC BY 4.0,grp_f449129010da68fb0f5ff1ce,dc5fccb98e31af5253fd7d0a2a93a091bb715823abf186cf1ab39ad91fe06820,8186,1,lossless_jpeg_metadata_strip_preserve_orientation_v2,,,
datasets/corn-field-pest-v2/train/grasshopper_unknown/img_cf91cb5b6fd54f25c6198f72.jpg,train,grasshopper_unknown,ccmt,CC BY 4.0,grp_56f976a15e08f6606440d131,8724070b6ed9e25038be31d769721145d22dce4570cd6fb90d734465ed5c2723,39427,1,lossless_jpeg_metadata_strip_preserve_orientation_v2,,,
datasets/corn-field-pest-v2/val/fall_armyworm/img_a2ffc62ed31f9504564cd248.jpg,val,fall_armyworm,ccmt,CC BY 4.0,grp_4aede5bca9b6aebf0ca539dc,9a04c36000f2abb48b4cd95990e5e2832abaa0e611c729838ef751e05ef0f85c,32317,1,lossless_jpeg_metadata_strip_preserve_orientation_v2,,,
datasets/corn-field-pest-v2/train/fall_armyworm/img_74de60393af5fb93541549c5.jpg,train,fall_armyworm,tom2024,CC BY 4.0,grp_8571564e63b60b43e00f5c7e,cfb76c0d1ef2a419d5f926fa781e94617645615b2cf54f09aedb2c0a959b0482,5054,1,lossless_jpeg_metadata_strip_preserve_orientation_v2,,,
datasets/corn-field-pest-v2/train/grasshopper_unknown/img_267c50e1231ed3fb4d2e311a.jpg,train,grasshopper_unknown,ccmt,CC BY 4.0,grp_51b1d8f5520989a57f2b6ddc,15ca9ed749fab29835cf8612b34cc544f3f7ef6f0b871472efa8f2d89fa35730,35294,1,lossless_jpeg_metadata_strip_preserve_orientation_v2,,,
datasets/corn-field-pest-v2/val/healthy/img_e3b2567e61c763505a0624e8.jpg,val,healthy,tom2024,CC BY 4.0,grp_86bcee88b9ad61d44635af86,ea71cd28eb26035ca72fae2417154e0a7deff18daa83ae6ee045977ba0c60a74,2059,1,lossless_jpeg_metadata_strip_preserve_orientation_v2,,,
datasets/corn-field-pest-v2/train/grasshopper_unknown/img_8e0c2f61f0259ab641daf602.jpg,train,grasshopper_unknown,ccmt,CC BY 4.0,grp_5f597170c21641d76db0d571,e88701e0de7eec548447238ced94f629763bbfce3024a84bc7f67e0ee973491c,32282,1,lossless_jpeg_metadata_strip_preserve_orientation_v2,,,
datasets/corn-field-pest-v2/val/grasshopper_unknown/img_f70b16c26565b21859b4fce9.jpg,val,grasshopper_unknown,ccmt,CC BY 4.0,grp_13fbfc1952debebaf27642ab,c21fdc808e73669792b83f723edea5812409252d87bb3e3a255df518a68d7be1,39591,1,lossless_jpeg_metadata_strip_preserve_orientation_v2,,,
datasets/corn-field-pest-v2/train/maize_aphid_unknown/img_212814cb7f5c9c40c5922be3.jpg,train,maize_aphid_unknown,yeesi,CC BY 4.0,grp_68127b3f6d8522bdeaede437,ffec18e1fff0a286e7eb8200062a1bfaaa0972bc6558e7a4dd9894fda0d86777,1846992,1,lossless_jpeg_metadata_strip_preserve_orientation_v2,,,
datasets/corn-field-pest-v2/train/fall_armyworm/img_9eb8bb39f987c9f2af958711.jpg,train,fall_armyworm,tom2024,CC BY 4.0,grp_26518c33ca4d68a721fafad7,dfa214c1b5e0f791a20dae7f3585776f25ae048fac6d89c03e33a8173d743082,6839,1,lossless_jpeg_metadata_strip_preserve_orientation_v2,,,
datasets/corn-field-pest-v2/train/fall_armyworm/img_9902ede320aa98b3b63ddf6e.jpg,train,fall_armyworm,ccmt,CC BY 4.0,grp_14134e660c67bfa5ea698272,995daef2f034ff5ddec70e008f3eb09d6294bf0a215885283499b59def9d33a4,23526,1,lossless_jpeg_metadata_strip_preserve_orientation_v2,,,
datasets/corn-field-pest-v2/val/healthy/img_630f0f0a3fd6b900ab4d06c9.jpg,val,healthy,ccmt,CC BY 4.0,grp_b894770491a42eb9cca235a3,e02b0bfca49c349962297ed4c63b380006f7f838013bed07f9f81edf6ee631ba,38227,1,lossless_jpeg_metadata_strip_preserve_orientation_v2,,,
datasets/corn-field-pest-v2/val/leaf_beetle_unknown/img_f55b7989f24786ad69c8cb91.jpg,val,leaf_beetle_unknown,ccmt,CC BY 4.0,grp_0ae9a31ac26a7bdeb7d6f3cf,d8b41e6d1c93e06e858317b87786409dd7f8475be07640074429efb263ac154a,40695,1,lossless_jpeg_metadata_strip_preserve_orientation_v2,,,
datasets/corn-field-pest-v2/train/healthy/img_87ea4f106e20682461c9c300.jpg,train,healthy,ccmt,CC BY 4.0,grp_5f2c5af4ffc5e29f302e85ef,d1b21541a584e7f07b10dcd3e7cfc51c478dff105f20e2ea70fe0580fb478d31,41332,1,lossless_jpeg_metadata_strip_preserve_orientation_v2,,,
datasets/corn-field-pest-v2/train/healthy/img_d0e94c8722f96fb295cdb40b.jpg,train,healthy,ccmt,CC BY 4.0,grp_ff89bdb92a11debb26b593d8,8551f19eb5f48c489a2d34746658ccd1aa77ddeaa855056041afd481d42dffb3,42622,1,lossless_jpeg_metadata_strip_preserve_orientation_v2,,,
datasets/corn-field-pest-v2/train/grasshopper_unknown/img_238ddd45b3505ef000437256.jpg,train,grasshopper_unknown,ccmt,CC BY 4.0,grp_a802b1470e948e75c006980e,7d909a1524a2f32b4db5205c15bf2b66b3ed7728fcb5195519e8308e079b54d3,33081,1,lossless_jpeg_metadata_strip_preserve_orientation_v2,,,
datasets/corn-field-pest-v2/train/healthy/img_8c2bf21b7b6a120cbbf3994a.jpg,train,healthy,tom2024,CC BY 4.0,grp_ee1f30855c3d89342468b16f,2727b74823a2e7a0a7890aa1a425861ad8f0c59bfe25dae07000946a95fc2d83,5147,1,lossless_jpeg_metadata_strip_preserve_orientation_v2,,,
datasets/corn-field-pest-v2/train/fall_armyworm/img_a5e0c9e8d6089928f0ae180a.jpg,train,fall_armyworm,tom2024,CC BY 4.0,grp_7f821830d1b198a5377e0d6d,2f9ed9dd3f54278e336cd4a1ac9ebc08a04545e6b66ccbcc3b4aa13d595addb0,4554,1,lossless_jpeg_metadata_strip_preserve_orientation_v2,,,
datasets/corn-field-pest-v2/train/fall_armyworm/img_25d367a9eb11979430484184.jpg,train,fall_armyworm,ccmt,CC BY 4.0,grp_d7208dc57b6024c1074ed4d8,af1285a43d657e567758c154f6bc12ef9f4107ee8c0e4975585b737cbb623435,44446,1,lossless_jpeg_metadata_strip_preserve_orientation_v2,,,
datasets/corn-field-pest-v2/train/grasshopper_unknown/img_8c48ffe159286c44e4cfb92d.jpg,train,grasshopper_unknown,ccmt,CC BY 4.0,grp_0635943a2276aa0c8eeceae5,35d7e2aa369ae37f49177e73e101892688cdab334dcda8b849c251f75987ff85,37605,1,lossless_jpeg_metadata_strip_preserve_orientation_v2,,,
datasets/corn-field-pest-v2/train/grasshopper_unknown/img_bed129ae513023d25451cb14.jpg,train,grasshopper_unknown,ccmt,CC BY 4.0,grp_4aab330f6cbf6dd3ced07b0b,bd1ee76e3019da4881e7382c58ca80da42abbcf90317fdc4178f18fca9c5ed28,39823,1,lossless_jpeg_metadata_strip_preserve_orientation_v2,,,
datasets/corn-field-pest-v2/train/leaf_beetle_unknown/img_799d1cbc478d2a18e3bd290b.jpg,train,leaf_beetle_unknown,ccmt,CC BY 4.0,grp_5e2e664ee6062abad1916f37,1e8ebbe40f250ed6b05eb1208eecef7c67a253ddd432a6b9df37c883b83b2a03,40883,1,lossless_jpeg_metadata_strip_preserve_orientation_v2,,,
datasets/corn-field-pest-v2/train/fall_armyworm/img_4aca4c98d5d167d174b7eeff.jpg,train,fall_armyworm,ccmt,CC BY 4.0,grp_7b9f13dba1d240a04c64ece3,973475ae499df13bcdd585d841543b8c03225c102b26c24a47449fa26af95b24,32915,1,lossless_jpeg_metadata_strip_preserve_orientation_v2,,,
datasets/corn-field-pest-v2/train/fall_armyworm/img_f84f287986a91fc3d87e4b4b.jpg,train,fall_armyworm,tom2024,CC BY 4.0,grp_52cd6ccf61f2de81a1dd67d5,479ee26a0a18ce8f0eafcb56cb50effa2a3bc29b13173162f1b59a51c95841ac,7536,1,lossless_jpeg_metadata_strip_preserve_orientation_v2,,,
datasets/corn-field-pest-v2/train/fall_armyworm/img_b0d54ba7fa2572cfa0eb0af2.jpg,train,fall_armyworm,tom2024,CC BY 4.0,grp_c40ca9489e3838ef820bc405,5c9d221a75002a63cf1178ef55f008859489e4de9288b43780244f86d82c554d,8126,1,lossless_jpeg_metadata_strip_preserve_orientation_v2,,,
datasets/corn-field-pest-v2/train/fall_armyworm/img_133c0c5412ae6575850a07a0.jpg,train,fall_armyworm,tom2024,CC BY 4.0,grp_dd590cc05e84da1a53165456,fef04a7f617dc0b1be0ec3663fac46e3fd58a95164d3785dc7dc6d9ca6a21fe6,8137,1,lossless_jpeg_metadata_strip_preserve_orientation_v2,,,
datasets/corn-field-pest-v2/val/fall_armyworm/img_3a46522a9e9675e487360124.jpg,val,fall_armyworm,ccmt,CC BY 4.0,grp_7c2a87eef46dcf0d1f829b1e,6884de38720ea6faac9d67a67bd830607b1d31a4b23582a407fef3624f4ad807,41619,1,lossless_jpeg_metadata_strip_preserve_orientation_v2,,,
datasets/corn-field-pest-v2/train/leaf_beetle_unknown/img_af5decde9a3dcfdc8ca3ec87.jpg,train,leaf_beetle_unknown,ccmt,CC BY 4.0,grp_0f05ce45349f55bd3b178e1d,0376600e1c9208b7ceae51c877fafccbc43992abacbc2fb5d4ed1d92360bd2a2,32537,1,lossless_jpeg_metadata_strip_preserve_orientation_v2,,,
datasets/corn-field-pest-v2/train/grasshopper_unknown/img_8e9a8eac853a404a6305922c.jpg,train,grasshopper_unknown,ccmt,CC BY 4.0,grp_7ba495c4baa7b9d8927b6dcd,d285bcc0d3ab82adc6c5506a0f12d563fafa0052a98fc7b0270046c099b2c006,48606,1,lossless_jpeg_metadata_strip_preserve_orientation_v2,,,
datasets/corn-field-pest-v2/train/leaf_beetle_unknown/img_b094c5ef0e9633e3cf977452.jpg,train,leaf_beetle_unknown,ccmt,CC BY 4.0,grp_6c39c4280990874d639a75a0,fadc6668792ede775d067e99e80be6eb1fb33b59d80bd7cb4f2e50f79bd7fbba,30395,1,lossless_jpeg_metadata_strip_preserve_orientation_v2,,,
datasets/corn-field-pest-v2/val/leaf_beetle_unknown/img_da894de217fa9107fd86602d.jpg,val,leaf_beetle_unknown,ccmt,CC BY 4.0,grp_5ed2588a455c17278c7e0194,1cae4576937ab3f756a06d7061851a95f321cadcdc959a0da538f6a2328709da,26769,1,lossless_jpeg_metadata_strip_preserve_orientation_v2,,,
datasets/corn-field-pest-v2/train/leaf_beetle_unknown/img_8aff17b24ecc13725c5460d0.jpg,train,leaf_beetle_unknown,ccmt,CC BY 4.0,grp_09ab0223c8db54da8a5e5856,45424315147c7915409823cf9132445978a7a2c35f1369fe5b5eea32a28d46e0,23130,1,lossless_jpeg_metadata_strip_preserve_orientation_v2,,,
datasets/corn-field-pest-v2/train/grasshopper_unknown/img_fa6931c2f71eb3a42e144db8.jpg,train,grasshopper_unknown,ccmt,CC BY 4.0,grp_bfec1e7a96d283a753239c73,44d53800f9358f06305892393486041259c85b2b027cad5d1db2c297e6880a46,65233,1,lossless_jpeg_metadata_strip_preserve_orientation_v2,,,
datasets/corn-field-pest-v2/train/leaf_beetle_unknown/img_8c9cd35d8d75d5f19923d269.jpg,train,leaf_beetle_unknown,ccmt,CC BY 4.0,grp_b313321050c4428dd7fd9c18,ed8e2edeef33e22390ee6c43122c53d5ca54eafa8ead7a6a915e257ae21520d8,32446,1,lossless_jpeg_metadata_strip_preserve_orientation_v2,,,
datasets/corn-field-pest-v2/val/leaf_beetle_unknown/img_fb46b2b3ffccb1afc0e2dac8.jpg,val,leaf_beetle_unknown,ccmt,CC BY 4.0,grp_4e0fe568a284074a49d066bf,e6143677711d1c7dbb935d3806606beb799168fa3c93b7ca7849997c8b6f7a8a,31059,1,lossless_jpeg_metadata_strip_preserve_orientation_v2,,,
datasets/corn-field-pest-v2/train/leaf_beetle_unknown/img_7038076a7572e756a96812b2.jpg,train,leaf_beetle_unknown,ccmt,CC BY 4.0,grp_1d597232cd455fa8fac1685d,65ace0f2125b7507310d7ac592541c332873e5ef518f954eac84593ce7c2770d,47964,1,lossless_jpeg_metadata_strip_preserve_orientation_v2,,,
datasets/corn-field-pest-v2/val/fall_armyworm/img_7056319040cd6173ff2ab8f5.jpg,val,fall_armyworm,ccmt,CC BY 4.0,grp_82f2a653125c29efccd06093,5839f8b10f9f55088003a13c1a71c12228572ef2794f845776b0993e426e5ee3,60470,1,lossless_jpeg_metadata_strip_preserve_orientation_v2,,,
datasets/corn-field-pest-v2/train/leaf_beetle_unknown/img_5cbf1416df2ae42e08e52e3b.jpg,train,leaf_beetle_unknown,ccmt,CC BY 4.0,grp_d91d2aa096205953bfcb2a62,e4e90861d5274e96c3e8b1c2c9682bcfd4246aabef5be5700ade4d98690589bb,31429,1,lossless_jpeg_metadata_strip_preserve_orientation_v2,,,
datasets/corn-field-pest-v2/val/leaf_beetle_unknown/img_69df0b50e2e7940e180bb11f.jpg,val,leaf_beetle_unknown,ccmt,CC BY 4.0,grp_3091b4ba5054855dca6f3fa9,ff90a9dac4d82057147769aef65864c17fabe09f4856bd82fc596a2466b75dfc,44381,1,lossless_jpeg_metadata_strip_preserve_orientation_v2,,,
datasets/corn-field-pest-v2/train/leaf_beetle_unknown/img_fbd443c463b2799998e282cb.jpg,train,leaf_beetle_unknown,ccmt,CC BY 4.0,grp_839ac6c3b971fa37c8404d3a,c6f0191bde1eca59361a7c06556466aebca7acc442cdeb8d83c51525826f1b0f,23879,1,lossless_jpeg_metadata_strip_preserve_orientation_v2,,,
datasets/corn-field-pest-v2/train/fall_armyworm/img_fe30f7dfc8bf590729b34750.jpg,train,fall_armyworm,tom2024,CC BY 4.0,grp_0b5df9d7bf0aef7f4bc64d15,7848de9781ec76a90cf568dc55d3feb39c0cf80b61e13b6df8cf6a3192e35194,7303,1,lossless_jpeg_metadata_strip_preserve_orientation_v2,,,
datasets/corn-field-pest-v2/train/leaf_beetle_unknown/img_063ada924b72d7fd41825db6.jpg,train,leaf_beetle_unknown,ccmt,CC BY 4.0,grp_f295aff37b97fd2171549790,99c6606f6474c0f28b58d23982a16c2f157dc015a3df66664fe077cd5ade7e4d,22204,1,lossless_jpeg_metadata_strip_preserve_orientation_v2,,,
datasets/corn-field-pest-v2/train/fall_armyworm/img_d69b4704ac27b54e04390f76.jpg,train,fall_armyworm,tom2024,CC BY 4.0,grp_0630ba37936662133fffb492,78bd5d057800f8f73a32bbd7c17e5efc5301b171db60951ef9fa093dbece9dd6,4098,1,lossless_jpeg_metadata_strip_preserve_orientation_v2,,,
datasets/corn-field-pest-v2/val/leaf_beetle_unknown/img_e97ef8a33ff67fe3cdba6f7e.jpg,val,leaf_beetle_unknown,ccmt,CC BY 4.0,grp_1307684febf40b1cf0c15904,c1ccd881acc0fb2e6b6ae34185390825cf3d7311b9996c673fd683bbc1a9fe62,26520,1,lossless_jpeg_metadata_strip_preserve_orientation_v2,,,
datasets/corn-field-pest-v2/train/leaf_beetle_unknown/img_7304df48aef19e1da62d0ef2.jpg,train,leaf_beetle_unknown,ccmt,CC BY 4.0,grp_5a3f542be145962d160b8f57,f4b9b37ffc1abeef9126df81b1a91eb0798eeedd38b2d27e6299f1d7f07da643,26828,1,lossless_jpeg_metadata_strip_preserve_orientation_v2,,,
datasets/corn-field-pest-v2/train/fall_armyworm/img_c13cb40ae1c2f540c896195d.jpg,train,fall_armyworm,tom2024,CC BY 4.0,grp_8e7cbced7580a011ba7bdb89,a0a4c3767c5698cd4422427d3919639517314cba675cdf1531ec97379ae59a64,13538,1,lossless_jpeg_metadata_strip_preserve_orientation_v2,,,
datasets/corn-field-pest-v2/train/leaf_beetle_unknown/img_62eb2cd8dc39e584bfa2f366.jpg,train,leaf_beetle_unknown,ccmt,CC BY 4.0,grp_c2544cfdec352bbe7d7f4b8e,f129aa4d45877095bbdc03b38505d31708f517c32ca68792213b96b41307a941,35097,1,lossless_jpeg_metadata_strip_preserve_orientation_v2,,,
datasets/corn-field-pest-v2/val/leaf_beetle_unknown/img_012f2d6363c5b106fa774947.jpg,val,leaf_beetle_unknown,ccmt,CC BY 4.0,grp_37d518043910838d76e974d9,bbefa335845f8f01c8a35259b1b0943a406bf9d9bf3cb9688d6d62ab6e65d0e2,25007,1,lossless_jpeg_metadata_strip_preserve_orientation_v2,,,
datasets/corn-field-pest-v2/train/healthy/img_c2290671e1a86bdca57cfdb7.jpg,train,healthy,tom2024,CC BY 4.0,grp_9fa5e1ea32212aa6a57d1e3f,97be6f6375b047ccf96dd4b598f284e335120bf377662d2d29680f4eca9b702a,4890,1,lossless_jpeg_metadata_strip_preserve_orientation_v2,,,
datasets/corn-field-pest-v2/train/leaf_beetle_unknown/img_c5b96d97653b9ed4e99be237.jpg,train,leaf_beetle_unknown,ccmt,CC BY 4.0,grp_78fc972be53dd9e3a8d0dda2,e7d84d0752136082147b2dd58559fb7cf05a00e446afb9309eb54f454ab060b9,25743,1,lossless_jpeg_metadata_strip_preserve_orientation_v2,,,
datasets/corn-field-pest-v2/train/fall_armyworm/img_079c3d81405722cd97a4645b.jpg,train,fall_armyworm,tom2024,CC BY 4.0,grp_21fe699c10ab579da66dbf0d,d0e451856d987bb946302b938cb4c6edea31e5533b1e7fdee0de4e0277f1dee3,8501,1,lossless_jpeg_metadata_strip_preserve_orientation_v2,,,
datasets/corn-field-pest-v2/train/leaf_beetle_unknown/img_d360c4fa92a66ad3ac709be3.jpg,train,leaf_beetle_unknown,ccmt,CC BY 4.0,grp_f0aa5cb7da916ab167cd18b1,275c83205bc744898bac6e162998772c8a8917c32e28cad7343bf8b70804aba8,34586,1,lossless_jpeg_metadata_strip_preserve_orientation_v2,,,
datasets/corn-field-pest-v2/val/leaf_beetle_unknown/img_6fcab469f770680ed4d4a38c.jpg,val,leaf_beetle_unknown,ccmt,CC BY 4.0,grp_e68a7d9caf8a2259d617cc2e,071a9196fee270dc1670fac758cd6f30d4c5fcd2c01f1a901b81234c360d86bb,35652,1,lossless_jpeg_metadata_strip_preserve_orientation_v2,,,
datasets/corn-field-pest-v2/train/fall_armyworm/img_532e63e332ef30182e93158f.jpg,train,fall_armyworm,ccmt,CC BY 4.0,grp_304aaca45a9719e5679b18f0,c6a989063ccf1aa50101ba7771a9913acdc99378cb907c770e9098d617918b9a,51684,1,lossless_jpeg_metadata_strip_preserve_orientation_v2,,,
datasets/corn-field-pest-v2/train/leaf_beetle_unknown/img_32e014ab0bf1ed6ab7362a69.jpg,train,leaf_beetle_unknown,ccmt,CC BY 4.0,grp_0be59d34699004690939de6b,ccc8127d6219c97172c171452700063b931ad72715c99d122dbe825b69f4c056,50712,1,lossless_jpeg_metadata_strip_preserve_orientation_v2,,,
datasets/corn-field-pest-v2/train/fall_armyworm/img_e417fe3cfdce55a57e644d07.jpg,train,fall_armyworm,ccmt,CC BY 4.0,grp_b2747719e47e67a5f6e56876,d3430f79c1d204c0b9e20d4578dc7614aebdd1a0f4e0c38384c611011c1b5455,40079,1,lossless_jpeg_metadata_strip_preserve_orientation_v2,,,
datasets/corn-field-pest-v2/train/fall_armyworm/img_7bc4c6e7f1cb869e7d3b1306.jpg,train,fall_armyworm,tom2024,CC BY 4.0,grp_6c14f30911c6b8bce7569ee2,f9e88f48e02d39eada3a03fb6191cf31be736a42d2a58eb551d0d0829d4a4755,10134,1,lossless_jpeg_metadata_strip_preserve_orientation_v2,,,
datasets/corn-field-pest-v2/train/healthy/img_e41bf34436223ca514107ca0.jpg,train,healthy,tom2024,CC BY 4.0,grp_7594b622cb762253ba0d5f19,4adbcfc8243f88ea0bcc2184f3cc5fccce5967b56d5dfd67f1bf39fc001e5b6a,3271,1,lossless_jpeg_metadata_strip_preserve_orientation_v2,,,
datasets/corn-field-pest-v2/val/healthy/img_a8406652ec074763ea28ad66.jpg,val,healthy,tom2024,CC BY 4.0,grp_91c4ca3708b3b12f88726ecc,744ac9821e54655c42a6a52b3c0b114b3c6bf636558d19968e801d42a93d55ac,9048,1,lossless_jpeg_metadata_strip_preserve_orientation_v2,,,
datasets/corn-field-pest-v2/val/leaf_beetle_unknown/img_b3ee237f6111d82f91656ffe.jpg,val,leaf_beetle_unknown,ccmt,CC BY 4.0,grp_429e8a806f6f82854dfa78ba,d58bf430df8d20ced98b4216526a8bea3abc97220a7643e62d43622f27d575f3,27695,1,lossless_jpeg_metadata_strip_preserve_orientation_v2,,,
datasets/corn-field-pest-v2/train/leaf_beetle_unknown/img_f682f75cdb34a4fdfda1dfea.jpg,train,leaf_beetle_unknown,ccmt,CC BY 4.0,grp_4eb0c820bb258b49e0b73363,b8a8ab41692a0d55359bcffbf7ac511373c5c2c5f4bc9adc38309d0419da28d8,39509,1,lossless_jpeg_metadata_strip_preserve_orientation_v2,,,
datasets/corn-field-pest-v2/train/leaf_beetle_unknown/img_1b87b3fcd3cbf38927ed9666.jpg,train,leaf_beetle_unknown,ccmt,CC BY 4.0,grp_1995025348c6dfc4dd83581e,d07a5404dafeef2d43cd3705dd1db0bd5537095b5bf6bc5803de243dd1b51338,31890,1,lossless_jpeg_metadata_strip_preserve_orientation_v2,,,
datasets/corn-field-pest-v2/train/healthy/img_8e520dd3488981fb2bd280ad.jpg,train,healthy,tom2024,CC BY 4.0,grp_1f53c0a6051d867937c6c6af,516695937f80f0723c240fb81d45552590aca8df855fa5de1b7dd6b27bc89bd6,16817,1,lossless_jpeg_metadata_strip_preserve_orientation_v2,,,
datasets/corn-field-pest-v2/train/leaf_beetle_unknown/img_98f6a0153acaf35ff84aa532.jpg,train,leaf_beetle_unknown,ccmt,CC BY 4.0,grp_042b31760cc976b8f20e799e,f741fbe8f42477c284750c07767c11c68c75aba06969e9718c2a17948a7b56da,23966,1,lossless_jpeg_metadata_strip_preserve_orientation_v2,,,
datasets/corn-field-pest-v2/train/maize_aphid_unknown/img_10ed325cbbe49b48836fdbda.jpg,train,maize_aphid_unknown,yeesi,CC BY 4.0,grp_f29ddf78d40f1505d1a47f44,1b3a77e6ca1dbace0f352a1b8894cc2cd9a05ba3c1e23aa664b405c7bc657727,4047045,1,lossless_jpeg_metadata_strip_preserve_orientation_v2,,,
datasets/corn-field-pest-v2/train/grasshopper_unknown/img_59785aac5e7c6966f7f3a5dc.jpg,train,grasshopper_unknown,ccmt,CC BY 4.0,grp_39aa7ffb1f048ca9acb6878d,7cd8100e449cc474a77e8a91678f0997fc1873f09be417a4d02796c020cf474e,25734,1,lossless_jpeg_metadata_strip_preserve_orientation_v2,,,
datasets/corn-field-pest-v2/val/fall_armyworm/img_85521f9a6a51d72e4c3f7c0c.jpg,val,fall_armyworm,tom2024,CC BY 4.0,grp_9531f7dddf35e990e702932d,e8a06b6ca6c188f4a802cfb193d4ea1d189eabe43e0206116fc6532c067876ca,8875,1,lossless_jpeg_metadata_strip_preserve_orientation_v2,,,
datasets/corn-field-pest-v2/train/leaf_beetle_unknown/img_f146ea5d8626f7e6220bf03a.jpg,train,leaf_beetle_unknown,ccmt,CC BY 4.0,grp_93263a093a0298da6c41fb29,2b51736e3cdd5cab8c5d2d55800c6ae0faee05a9062b437f52b72213cde4aacd,28515,1,lossless_jpeg_metadata_strip_preserve_orientation_v2,,,
datasets/corn-field-pest-v2/train/healthy/img_a93259589e98a3ab8b77b01a.jpg,train,healthy,tom2024,CC BY 4.0,grp_b2c9db2c25cddae0dcc40360,4c654a91ac62fffbbc9a3413480daacf097bf3f6284c38f53b1964994419c104,14362,1,lossless_jpeg_metadata_strip_preserve_orientation_v2,,,
datasets/corn-field-pest-v2/train/healthy/img_46d0644cdc2aa919ba2a4b56.jpg,train,healthy,tom2024,CC BY 4.0,grp_3277ec5bf98a7cd04b7d141b,9c3d97110dc5ef45eef993ed8f0b9b6c9c0b0430a482a0487e14743a0c28f970,38334,1,lossless_jpeg_metadata_strip_preserve_orientation_v2,,,
datasets/corn-field-pest-v2/val/fall_armyworm/img_7611a1bbc9b29e27beeb19e2.jpg,val,fall_armyworm,ccmt,CC BY 4.0,grp_40a228da7319c231326d8374,f1eaabd27bd4b40647077c5cae98ad93f9d567b1be3fa45ceed2b95a24d0fcf8,43063,1,lossless_jpeg_metadata_strip_preserve_orientation_v2,,,
datasets/corn-field-pest-v2/train/fall_armyworm/img_9ebb3042b6f4c84969585bea.jpg,train,fall_armyworm,tom2024,CC BY 4.0,grp_0bfb75500d7eba4990bef7de,724bae09f1d4a14f69634225762abbec8703af5932dc77647831792b190a783c,6352,1,lossless_jpeg_metadata_strip_preserve_orientation_v2,,,
datasets/corn-field-pest-v2/train/healthy/img_99b21b07ba26d0fa6da2f061.jpg,train,healthy,tom2024,CC BY 4.0,grp_6a22de073b96b7b61ebb866e,0886956a62b1dc7a1652acc326fade85b259de5893393a75fef2af2b0d0019e5,1383,1,lossless_jpeg_metadata_strip_preserve_orientation_v2,,,
datasets/corn-field-pest-v2/train/fall_armyworm/img_9e5e364d0b49cdf6a472bb8b.jpg,train,fall_armyworm,ccmt,CC BY 4.0,grp_9a53eed129375899f3c7667a,f59f24348d71f84e65e4aa87b216a17ee0d39b2c6ee1c8f796a1b81e8c400fc1,44795,1,lossless_jpeg_metadata_strip_preserve_orientation_v2,,,
datasets/corn-field-pest-v2/train/leaf_beetle_unknown/img_892c51acb9cbcfe8c4b0bfa3.jpg,train,leaf_beetle_unknown,ccmt,CC BY 4.0,grp_b0810214d980d475ed368a16,09663af51ac1ec5a611670b98ad2ff98cf582f4455dc85b0034c5b81572e7952,33349,1,lossless_jpeg_metadata_strip_preserve_orientation_v2,,,
datasets/corn-field-pest-v2/train/grasshopper_unknown/img_fb8c2654a4ebf943fbfedb23.jpg,train,grasshopper_unknown,ccmt,CC BY 4.0,grp_d017c001889c2f7202b07a6c,9b0a1c0886b288d5208905b6342c790be0faeff0bdac859887f45bea62fe0707,39601,1,lossless_jpeg_metadata_strip_preserve_orientation_v2,,,
datasets/corn-field-pest-v2/val/fall_armyworm/img_fdb8f4c822a5df188508c560.jpg,val,fall_armyworm,ccmt,CC BY 4.0,grp_1a87a30bdbf179e4f5eb2ada,9e85925277fac64d5573f8860d5b4df5194d0d243bc4839d7d33193477b06e26,55206,1,lossless_jpeg_metadata_strip_preserve_orientation_v2,,,
datasets/corn-field-pest-v2/val/grasshopper_unknown/img_51c5f7ba3043d244a23b1906.jpg,val,grasshopper_unknown,ccmt,CC BY 4.0,grp_d2fdd7ee18d19160618647f5,402b075e19ca9dda22d0bfb98eca97a0073443f252b1354a8ff670739a2b7498,29773,1,lossless_jpeg_metadata_strip_preserve_orientation_v2,,,
datasets/corn-field-pest-v2/train/fall_armyworm/img_7318509a7c0bdcf7460a586e.jpg,train,fall_armyworm,ccmt,CC BY 4.0,grp_64edfa7611ebb94ad6fc7606,567ee18164f8b494d41197be0d8c6c037438b49ea3319a7b51f7be0421bc82d5,43036,1,lossless_jpeg_metadata_strip_preserve_orientation_v2,,,
datasets/corn-field-pest-v2/val/fall_armyworm/img_8d3b24d1c43d069893cd8071.jpg,val,fall_armyworm,ccmt,CC BY 4.0,grp_9dcfe1463aed24e99adfea05,b7e7d79bdcd2eeee3f2d0cf0411b441b8a8a262ddeb6262b6e0df931d57df592,43336,1,lossless_jpeg_metadata_strip_preserve_orientation_v2,,,
datasets/corn-field-pest-v2/train/leaf_beetle_unknown/img_0cc1b9dea58b9ea099b0ffb7.jpg,train,leaf_beetle_unknown,ccmt,CC BY 4.0,grp_2e6b59d0b529c0a7c3fa8303,baf280ca4928737069c1cf89db72ca4097889b7f05647905fa616512cc487b7a,35807,1,lossless_jpeg_metadata_strip_preserve_orientation_v2,,,
datasets/corn-field-pest-v2/train/grasshopper_unknown/img_1cc286165de8ca6d0b91c385.jpg,train,grasshopper_unknown,ccmt,CC BY 4.0,grp_70f6ab2ece79cb6bf132c3e0,5335d5aad4d32f83670184090b91bbe1d4ff3a9cb3febbce59841b65b0f5c6fc,52399,1,lossless_jpeg_metadata_strip_preserve_orientation_v2,,,
datasets/corn-field-pest-v2/train/healthy/img_58fa3a510d0e7faf14d90cc7.jpg,train,healthy,ccmt,CC BY 4.0,grp_2913a8219c3981dd714a510e,a54cff60a3c6c19bfe1e6cc38a2881e6055ab7f4fc099f321909854121c18074,45914,1,lossless_jpeg_metadata_strip_preserve_orientation_v2,,,
datasets/corn-field-pest-v2/train/fall_armyworm/img_dfa0dcb76c2ee74a3344f230.jpg,train,fall_armyworm,ccmt,CC BY 4.0,grp_98d698d3d9da1a3e8303cfb2,479633ab016fe3da80f66c6e2579674ab8bd5e72529f23a065c785b3be81932f,53909,1,lossless_jpeg_metadata_strip_preserve_orientation_v2,,,
datasets/corn-field-pest-v2/train/leaf_beetle_unknown/img_5d8995fdecdcba44cdf5e17f.jpg,train,leaf_beetle_unknown,ccmt,CC BY 4.0,grp_f8b8a309dd9e99f34628d5cd,e5278f763e204742721caf63cb8efbceb5249071c915670df89101f242f02cf9,30989,1,lossless_jpeg_metadata_strip_preserve_orientation_v2,,,
datasets/corn-field-pest-v2/train/healthy/img_1b06b585fe67f51599c8b008.jpg,train,healthy,ccmt,CC BY 4.0,grp_b6475988f08333e5127cfe70,939d1ba04015354353027c3063b3b49e4db95dd2fe8e6f0c52deda0f375fbb39,44366,1,lossless_jpeg_metadata_strip_preserve_orientation_v2,,,
datasets/corn-field-pest-v2/train/leaf_beetle_unknown/img_4a109125fad9cfb8593ae6c4.jpg,train,leaf_beetle_unknown,ccmt,CC BY 4.0,grp_1116ca342301e5e3a7aafed6,7c1c47afbe3f21b672cc5721b11009c94c2f5ac7043e5365761cfd77dce680b8,33686,1,lossless_jpeg_metadata_strip_preserve_orientation_v2,,,
datasets/corn-field-pest-v2/train/healthy/img_27650fee0e9a54558a581748.jpg,train,healthy,tom2024,CC BY 4.0,grp_20ab34d23b50a722e3336b55,ad4e0a50c1b1e46cb18d79aee15e2dea7d483f2f6f518e70231f03e9867770fd,9350,1,lossless_jpeg_metadata_strip_preserve_orientation_v2,,,
datasets/corn-field-pest-v2/val/maize_aphid_unknown/img_530d9964549e20d50e506a8e.jpg,val,maize_aphid_unknown,yeesi,CC BY 4.0,grp_1a075beb064f54e8059f91fe,3371ba7be7f9840c93b3932b6214c1eae917bca03934626ea52940357ee43fde,1990108,1,lossless_jpeg_metadata_strip_preserve_orientation_v2,,,
datasets/corn-field-pest-v2/train/leaf_beetle_unknown/img_2ac7516eefea1ec98555491f.jpg,train,leaf_beetle_unknown,ccmt,CC BY 4.0,grp_a7e344109169f6a7eafeb3be,7070692a5de6326c739165e05e6ee8e80f259cc297ee8f779fed037552b50e76,31778,1,lossless_jpeg_metadata_strip_preserve_orientation_v2,,,
datasets/corn-field-pest-v2/val/grasshopper_unknown/img_9d2871189b71f8893d58d5ea.jpg,val,grasshopper_unknown,ccmt,CC BY 4.0,grp_a202a620980b215d70feefd1,b2a3fecd2fad8dc1dce97f250ecd31890f5c2060139b435ab01c62d2e035320b,34598,1,lossless_jpeg_metadata_strip_preserve_orientation_v2,,,
datasets/corn-field-pest-v2/train/leaf_beetle_unknown/img_90233b2a9729597a325da6de.jpg,train,leaf_beetle_unknown,ccmt,CC BY 4.0,grp_5169d14d551f1bd85a78c404,de7dcac45ee8001cac0e791abb09e5bcf13f01b4c349cb5654723dc4ad7d6058,23630,1,lossless_jpeg_metadata_strip_preserve_orientation_v2,,,
datasets/corn-field-pest-v2/train/fall_armyworm/img_c0a9669b38acac392cae9126.jpg,train,fall_armyworm,tom2024,CC BY 4.0,grp_006094a5be3d4d5e65f9f54d,f6a286fb16590b3ce9ebe0007f99aa1f5dd7b8db86c85ecb2a80425329a6d811,5544,1,lossless_jpeg_metadata_strip_preserve_orientation_v2,,,
datasets/corn-field-pest-v2/train/fall_armyworm/img_dc08f6f48c68c41ffdf89df5.jpg,train,fall_armyworm,tom2024,CC BY 4.0,grp_895aafa27d9f69bbc0565021,fee462fe9cb7e0704cfc4f6f67038b09fea044438566cb2cfc2c79f3d594c1b5,3496,1,lossless_jpeg_metadata_strip_preserve_orientation_v2,,,
datasets/corn-field-pest-v2/train/fall_armyworm/img_7314c835479fce80b0a0e537.jpg,train,fall_armyworm,ccmt,CC BY 4.0,grp_ce99f20f10a2f33ff20aa881,53f587535a202ab09885746306adbcedd7170e77c31939c44c378f1ada71d365,38606,1,lossless_jpeg_metadata_strip_preserve_orientation_v2,,,
datasets/corn-field-pest-v2/train/grasshopper_unknown/img_fdc529b7d2f6ffa87d5e114d.jpg,train,grasshopper_unknown,ccmt,CC BY 4.0,grp_849aae55b693832d3401f8fa,342859dfff407c065d338d46fc034a7316be2fe2fbd790a8f1872de5c1a9b4db,57524,1,lossless_jpeg_metadata_strip_preserve_orientation_v2,,,
datasets/corn-field-pest-v2/train/grasshopper_unknown/img_1bc31ac3963ea4c786ef1d40.jpg,train,grasshopper_unknown,ccmt,CC BY 4.0,grp_5c9d0972674079e62a935ec9,57d7b5124bf3070798d92de4cea444951b18d88c406505a1f05aa865c0e30f64,34431,1,lossless_jpeg_metadata_strip_preserve_orientation_v2,,,
datasets/corn-field-pest-v2/train/grasshopper_unknown/img_2080d993ab4b4180c913cf02.jpg,train,grasshopper_unknown,ccmt,CC BY 4.0,grp_ee412f7de7452d02db33b5f5,c0dafd5718cc23d9882c74adacf9e4c579f1901c4086fd0400f96a4de798f9e9,26806,1,lossless_jpeg_metadata_strip_preserve_orientation_v2,,,
datasets/corn-field-pest-v2/val/grasshopper_unknown/img_e332394b080fcb120dbe41e9.jpg,val,grasshopper_unknown,ccmt,CC BY 4.0,grp_f4cfbf5a3ba08ddb1983b2b1,b569161c61e99927aa6961c312586570c6e62dd134b02a8736653f757700c152,31351,1,lossless_jpeg_metadata_strip_preserve_orientation_v2,,,
datasets/corn-field-pest-v2/train/grasshopper_unknown/img_7c865cc23f3f8e66c245fcdc.jpg,train,grasshopper_unknown,ccmt,CC BY 4.0,grp_6c9396ba1367dca91a1286a8,b2258102d72bfef279e8ef428a549b23967d54e03e8c09d914c7c44583607637,22215,1,lossless_jpeg_metadata_strip_preserve_orientation_v2,,,
datasets/corn-field-pest-v2/train/fall_armyworm/img_cc581198a0bde355a6f3c686.jpg,train,fall_armyworm,tom2024,CC BY 4.0,grp_1afe36e78f8f49c3292fb35b,cd4ec9a14cb741e11a3d7ed7c921ef505c81df46b4fa9bfe7d7b38a0f28a1a18,8404,1,lossless_jpeg_metadata_strip_preserve_orientation_v2,,,
datasets/corn-field-pest-v2/train/grasshopper_unknown/img_448774fc8e3622e0d3889ea3.jpg,train,grasshopper_unknown,ccmt,CC BY 4.0,grp_b59b7b1cedd332eb618d615e,502d1a5f7696b05405d9e6237d23ce72cf6514bffc077526968f455205d94125,54832,1,lossless_jpeg_metadata_strip_preserve_orientation_v2,,,
datasets/corn-field-pest-v2/train/grasshopper_unknown/img_d623ae396508ac7553c38146.jpg,train,grasshopper_unknown,ccmt,CC BY 4.0,grp_6194111f4973f35028c0db4b,a7306dacd3120dd73bf1c835485f740443cd7e0ecef2d8d5e84e3bcba6198647,45473,1,lossless_jpeg_metadata_strip_preserve_orientation_v2,,,
datasets/corn-field-pest-v2/train/healthy/img_0f0f535663116c591cc188fd.jpg,train,healthy,tom2024,CC BY 4.0,grp_db68710c211dfc9da8a9fd17,22fb37a238e92c621862b2eed7ce913ec03e98f029245332c36d4f35e70059f8,5745,1,lossless_jpeg_metadata_strip_preserve_orientation_v2,,,
datasets/corn-field-pest-v2/train/fall_armyworm/img_00f832bab58c8c7ff9cbe97a.jpg,train,fall_armyworm,ccmt,CC BY 4.0,grp_03626ce5af764c750cf4ad0f,178e3ab22617a32e16ac5cc89493b58c07e1f7c649aca382f354f7393b9e195d,46977,1,lossless_jpeg_metadata_strip_preserve_orientation_v2,,,
datasets/corn-field-pest-v2/train/leaf_beetle_unknown/img_083fe45e3dfe5426baad9b1c.jpg,train,leaf_beetle_unknown,ccmt,CC BY 4.0,grp_1740ec769c064678989b5386,0fdc594c4c71b79bda8a82f65a71d5781108068a7f4e56f39ef82147b9590b25,50837,1,lossless_jpeg_metadata_strip_preserve_orientation_v2,,,
datasets/corn-field-pest-v2/train/grasshopper_unknown/img_0fc9677097346e7c882c472f.jpg,train,grasshopper_unknown,ccmt,CC BY 4.0,grp_2982ec5e95b032a46f933946,f47756e29facb97fdeb95cbc64cb82124beb6aa86316584dc9cd4eab96e34024,33273,1,lossless_jpeg_metadata_strip_preserve_orientation_v2,,,
datasets/corn-field-pest-v2/train/leaf_beetle_unknown/img_0ff32dadd503e5704c9bb5b3.jpg,train,leaf_beetle_unknown,ccmt,CC BY 4.0,grp_fc666f5ca6be4162ce7cd94f,cb2494724e576a576811d6739669a63e0a43dcec90ed34d16a19833ecfef1a31,32245,1,lossless_jpeg_metadata_strip_preserve_orientation_v2,,,
datasets/corn-field-pest-v2/train/fall_armyworm/img_0646fe4d26de3a93f3aac9b5.jpg,train,fall_armyworm,tom2024,CC BY 4.0,grp_a15f412823164859f459b696,0ccc1df1567dfb840fef14e56c8888a15f45d20566c3fb02ca2204676f19f24e,6077,1,lossless_jpeg_metadata_strip_preserve_orientation_v2,,,
datasets/corn-field-pest-v2/train/leaf_beetle_unknown/img_1c0141ee868845d4a845ae3b.jpg,train,leaf_beetle_unknown,ccmt,CC BY 4.0,grp_23142d8531834075695fcee7,4b24fe1a22288af2d4be67f13c7bfeda3878411f756df455b515fb4f7bd7d542,34240,1,lossless_jpeg_metadata_strip_preserve_orientation_v2,,,
datasets/corn-field-pest-v2/val/leaf_beetle_unknown/img_1277912ff93ef41cb157871e.jpg,val,leaf_beetle_unknown,ccmt,CC BY 4.0,grp_c9daa50bdd44103aa0c490cd,e50c4be0900c2c5cc2c0e6eb84a9f855da0bfc1e34a0a4494ee5574663aec39d,31862,1,lossless_jpeg_metadata_strip_preserve_orientation_v2,,,
datasets/corn-field-pest-v2/train/leaf_beetle_unknown/img_985269c81d1a9c21cd8e018a.jpg,train,leaf_beetle_unknown,ccmt,CC BY 4.0,grp_ffdb0553b4199f268384bef3,b4ef0a174ed45a07818d39b378b69e46674a67e5f2a08239c56498527eaf5c27,24256,1,lossless_jpeg_metadata_strip_preserve_orientation_v2,,,
datasets/corn-field-pest-v2/train/fall_armyworm/img_a16d5516242ab23655c79b33.jpg,train,fall_armyworm,tom2024,CC BY 4.0,grp_f0d27ed4fc64e108ebea328e,44d48b28face8767c2a31349e1878e7c80971f6c46a7a33abf8c458e022e7644,3999,1,lossless_jpeg_metadata_strip_preserve_orientation_v2,,,
datasets/corn-field-pest-v2/val/leaf_beetle_unknown/img_064fbfe52948414e980902ac.jpg,val,leaf_beetle_unknown,ccmt,CC BY 4.0,grp_5b6f6150e0b736e00f1f63bd,05c22ad3b0bc3ee3dd54feeb2b8055b3509984b4bccd1350ea1a8dc3c1e898b2,18028,1,lossless_jpeg_metadata_strip_preserve_orientation_v2,,,
datasets/corn-field-pest-v2/train/fall_armyworm/img_e82c8ca680b33dfb2a25d9fb.jpg,train,fall_armyworm,ccmt,CC BY 4.0,grp_b5dceaf3b398b7b5d33bc7c0,ffa7c7ead1e4ce2948cd385591df12e5a6ce4793d52525980e4a32b49fb6c42a,45337,1,lossless_jpeg_metadata_strip_preserve_orientation_v2,,,
datasets/corn-field-pest-v2/train/fall_armyworm/img_463306d6384c6627e423cd6e.jpg,train,fall_armyworm,tom2024,CC BY 4.0,grp_aab414f7f29ad4afdd4bf89f,96dfb0e39fa53dc9e949fa46efd1faf874e9743d7dc963f497fcd206e82abc2d,6245,1,lossless_jpeg_metadata_strip_preserve_orientation_v2,,,
datasets/corn-field-pest-v2/val/healthy/img_8762ee7f06e4dc3b33bdc430.jpg,val,healthy,ccmt,CC BY 4.0,grp_dfe5029c3c68f40617aa40db,4a926bd6afd81208513333ad475fef805157df3ecaa2fff5d64e133ca359cb1e,48482,1,lossless_jpeg_metadata_strip_preserve_orientation_v2,,,
datasets/corn-field-pest-v2/train/leaf_beetle_unknown/img_eb0f38e2870f4ffdf080def9.jpg,train,leaf_beetle_unknown,ccmt,CC BY 4.0,grp_36e154c78dca3201b10c31b9,5940116922927a193f83222b1217250dc0027f0e28ab8abbe29680aa125453ce,29729,1,lossless_jpeg_metadata_strip_preserve_orientation_v2,,,
datasets/corn-field-pest-v2/val/healthy/img_fee1cceb41fefda4372cd5e8.jpg,val,healthy,tom2024,CC BY 4.0,grp_4e639e57bdaa518083df6e44,314e1bb76788ba07aa41edc25fbd202f3937203501fa4f0aafd06381790ea03f,5993,1,lossless_jpeg_metadata_strip_preserve_orientation_v2,,,
datasets/corn-field-pest-v2/train/grasshopper_unknown/img_d13a470fcf5ff010c45d8787.jpg,train,grasshopper_unknown,ccmt,CC BY 4.0,grp_aaff08ca0697a615a3e845de,df77b46b6e9245a807a98249994edf3d64e173f575c0207de939de29103cbd51,31009,1,lossless_jpeg_metadata_strip_preserve_orientation_v2,,,
datasets/corn-field-pest-v2/val/leaf_beetle_unknown/img_60f798a8025ea1e8d061c0d7.jpg,val,leaf_beetle_unknown,ccmt,CC BY 4.0,grp_a79e643433d6093f31dafa5a,4228acbad4aaf6a27f95a87e5981a99332219caee4fd69acc031f951a1d22053,49743,1,lossless_jpeg_metadata_strip_preserve_orientation_v2,,,
datasets/corn-field-pest-v2/train/healthy/img_246eed9b80979d8f64f720c0.jpg,train,healthy,ccmt,CC BY 4.0,grp_bfd76bf625608281c87842d7,f53dafd86ae2c71dc874fbd452f927f52c4946f7f524603293037e5c3631570a,33519,1,lossless_jpeg_metadata_strip_preserve_orientation_v2,,,
datasets/corn-field-pest-v2/train/grasshopper_unknown/img_62cf89b522e8f00ea2e5ae00.jpg,train,grasshopper_unknown,ccmt,CC BY 4.0,grp_e51111b9fc53f6941e10b444,8dc388c91df515efe89d7bb86c95b40b8ca3ec16ed7b17215f59ed4f7f932e1b,43569,1,lossless_jpeg_metadata_strip_preserve_orientation_v2,,,
datasets/corn-field-pest-v2/train/leaf_beetle_unknown/img_a6be279848be0733da6c9d59.jpg,train,leaf_beetle_unknown,ccmt,CC BY 4.0,grp_f8f5899ae9d4ec17b87b355a,b4a8bfdfe81c7feb57bb946e0a335f5646f925a384449ea4da11a2ed7892a40b,30597,1,lossless_jpeg_metadata_strip_preserve_orientation_v2,,,
datasets/corn-field-pest-v2/train/healthy/img_d00b197e3775f504a0505614.jpg,train,healthy,tom2024,CC BY 4.0,grp_39e6760deb4020fe8b1f145c,b693ed72ffe7242393a32888e26641242f6251d934c09a55b12cfda772714590,9971,1,lossless_jpeg_metadata_strip_preserve_orientation_v2,,,
datasets/corn-field-pest-v2/train/fall_armyworm/img_288d6f94a7e55f263602ab4c.jpg,train,fall_armyworm,tom2024,CC BY 4.0,grp_33697041c6828d5363b1a637,6f732e1588672ffa6d84925e22fa85ce84cb6cfa620592769925f70f742cf06d,6466,1,lossless_jpeg_metadata_strip_preserve_orientation_v2,,,
datasets/corn-field-pest-v2/train/grasshopper_unknown/img_6d1fa7dc4dcee835ebb3436e.jpg,train,grasshopper_unknown,ccmt,CC BY 4.0,grp_4a516cb2055e5e7cdc5074d5,4b346268141012b95cd3f75d38fa4ffe6f9a4cb8491418e7d429035c92f3259b,39006,1,lossless_jpeg_metadata_strip_preserve_orientation_v2,,,
datasets/corn-field-pest-v2/train/grasshopper_unknown/img_046141e60f8f24f1c2eec292.jpg,train,grasshopper_unknown,ccmt,CC BY 4.0,grp_a21146a0f66a9d68b437d765,29e9182454dc768cef4dfe90f50ef3faae5ae3dd974d5caed698385db3343b7d,36520,1,lossless_jpeg_metadata_strip_preserve_orientation_v2,,,
datasets/corn-field-pest-v2/train/grasshopper_unknown/img_bba63d150f038e00635fdbcb.jpg,train,grasshopper_unknown,ccmt,CC BY 4.0,grp_dd94633fdc541b46ea1678b8,296efcce338541fc84e969cbdd22cbd90fb0e54b14190acb42efd0e022653a3c,39056,1,lossless_jpeg_metadata_strip_preserve_orientation_v2,,,
datasets/corn-field-pest-v2/train/leaf_beetle_unknown/img_d148e1a8a581aff23c7a1d0d.jpg,train,leaf_beetle_unknown,ccmt,CC BY 4.0,grp_336a1b1a11a47dccee98d618,e7247e690d7c189ee9e9a4adcdf9d62f2ebc8e06c71d1c7e1ee302ff8a3f0b20,31721,1,lossless_jpeg_metadata_strip_preserve_orientation_v2,,,
datasets/corn-field-pest-v2/val/fall_armyworm/img_aa9601ab7626b6b23956ce69.jpg,val,fall_armyworm,tom2024,CC BY 4.0,grp_179b3b98a151beca3839c754,c45833b6caf22ee43772fd163e47f164cd1896f023c13e7b5960d07c15ab072c,3145,1,lossless_jpeg_metadata_strip_preserve_orientation_v2,,,
datasets/corn-field-pest-v2/train/leaf_beetle_unknown/img_586f4ab1dbc47fb62436e55a.jpg,train,leaf_beetle_unknown,ccmt,CC BY 4.0,grp_0ca472c31859264becad557b,ec249e22049db72271a3b9d146e25286bf5fa1d0ae8fb9b5485e3d659c8f9128,38455,1,lossless_jpeg_metadata_strip_preserve_orientation_v2,,,
datasets/corn-field-pest-v2/train/grasshopper_unknown/img_4aa0f433a0da646ce8acf0cd.jpg,train,grasshopper_unknown,ccmt,CC BY 4.0,grp_9815471fd3b2b927e9eeb62e,aadd2f4b4ab72f477b06d04c2c70336d7eaca71a635d285f831cdf7d8bb5cf77,35376,1,lossless_jpeg_metadata_strip_preserve_orientation_v2,,,
datasets/corn-field-pest-v2/train/leaf_beetle_unknown/img_7cf992c06ef7ac25ddf40524.jpg,train,leaf_beetle_unknown,ccmt,CC BY 4.0,grp_416ec1e1f2b57ea77be8a186,93ac9978d6df0cf95cd9f909d50a7f73f1bc935c5f817da7983483defc4b144e,32890,1,lossless_jpeg_metadata_strip_preserve_orientation_v2,,,
datasets/corn-field-pest-v2/train/grasshopper_unknown/img_12727770421b5ddbf7f1ecae.jpg,train,grasshopper_unknown,ccmt,CC BY 4.0,grp_4c768af60f6a2a19ec13ef11,5207bb5593275aedad797638ecdc11e7c9502925cf371f87bbf8451fb6c016b0,36360,1,lossless_jpeg_metadata_strip_preserve_orientation_v2,,,
datasets/corn-field-pest-v2/train/healthy/img_b9e70f0095b88c547a21cff3.jpg,train,healthy,tom2024,CC BY 4.0,grp_ac84dfc2fbc02e5fd49b4aac,aba7df0bd381079764e738dd4d30c2b28046b576b56eb7dcbe1c80edf25e97ad,4250,1,lossless_jpeg_metadata_strip_preserve_orientation_v2,,,
datasets/corn-field-pest-v2/train/fall_armyworm/img_c56c7385f4eb7a674d9f1828.jpg,train,fall_armyworm,ccmt,CC BY 4.0,grp_926cf42eb6bcc5e2cc555594,8d6c96811ffc149b99183f6ca88aaf3667468eae041216d1389ed149adef1d36,45951,1,lossless_jpeg_metadata_strip_preserve_orientation_v2,,,
datasets/corn-field-pest-v2/train/healthy/img_13d223705e64734d2559a0b0.jpg,train,healthy,ccmt,CC BY 4.0,grp_20b7f1038e1e350f15ad2d53,1a22e9c20417daafe497f8919c903436171b45daf4594166d08f59bbb20f09d9,41328,1,lossless_jpeg_metadata_strip_preserve_orientation_v2,,,
datasets/corn-field-pest-v2/val/grasshopper_unknown/img_a1622a2928c7e96bc03ee657.jpg,val,grasshopper_unknown,ccmt,CC BY 4.0,grp_56f29ce808153a8867582bf9,8463a153939611b82e1767c6d0bd8e4cbb647ca2dc67bd26e28e1ef2226fa7b8,29259,1,lossless_jpeg_metadata_strip_preserve_orientation_v2,,,
datasets/corn-field-pest-v2/train/fall_armyworm/img_8f99b3c9c3d21c93f0020a55.jpg,train,fall_armyworm,tom2024,CC BY 4.0,grp_c5ce883fd0c53221e3835255,f03ae3d23d5efe35233cea321066c38b093703f969c8728af51bb5f7528bdbb7,6784,1,lossless_jpeg_metadata_strip_preserve_orientation_v2,,,
datasets/corn-field-pest-v2/train/fall_armyworm/img_b400c200bf945a4560aaa9dc.jpg,train,fall_armyworm,tom2024,CC BY 4.0,grp_060101ab82fd5814b5ca47d0,862e527178816e54eeefd4768f80a3bb3121bec871c35b528287b22a36a9ba53,1824,1,lossless_jpeg_metadata_strip_preserve_orientation_v2,,,
datasets/corn-field-pest-v2/val/fall_armyworm/img_0ab5623697d7ecfbb7f47120.jpg,val,fall_armyworm,tom2024,CC BY 4.0,grp_35909757f29e1ceafb950d84,649b14d18bb9b73e9058dcdbe782f7a2859f9e8b9fdd61e362bd8a476a606871,6432,1,lossless_jpeg_metadata_strip_preserve_orientation_v2,,,
datasets/corn-field-pest-v2/train/fall_armyworm/img_7057ceb11c3a37f7d66868a7.jpg,train,fall_armyworm,ccmt,CC BY 4.0,grp_154c9c1250c9380659c2fcb5,dd5f8494f4df0088ba09e574337c44bd49f638b3460070ad5409c2bd19da0991,49686,1,lossless_jpeg_metadata_strip_preserve_orientation_v2,,,
datasets/corn-field-pest-v2/train/grasshopper_unknown/img_0dbb643652397c0a8b35ad03.jpg,train,grasshopper_unknown,ccmt,CC BY 4.0,grp_c820fb6ca807bdb5447e731e,fec4e7c4abd459b3bfb7e58f30d7ae16f0e4e2c8eaba3ab2f3d223a40850dd1b,45941,1,lossless_jpeg_metadata_strip_preserve_orientation_v2,,,
datasets/corn-field-pest-v2/train/fall_armyworm/img_7fb39662cd2ac821381b78b4.jpg,train,fall_armyworm,tom2024,CC BY 4.0,grp_a3dd94a08f723946259d29c1,5e8c4e97508050430eeb331fece567841b44d65088f24e48617bccd4977913c9,17675,1,lossless_jpeg_metadata_strip_preserve_orientation_v2,,,
datasets/corn-field-pest-v2/val/grasshopper_unknown/img_de3d512e64f19f68ffbce16e.jpg,val,grasshopper_unknown,ccmt,CC BY 4.0,grp_29019d0bcdda6a6327b217c0,142a1e314344d31f6e0bc3398c3fdc6aff05aec9b0d3b4862e485a412a4e1046,40821,1,lossless_jpeg_metadata_strip_preserve_orientation_v2,,,
datasets/corn-field-pest-v2/train/leaf_beetle_unknown/img_30f99db1e92ed247468f8521.jpg,train,leaf_beetle_unknown,ccmt,CC BY 4.0,grp_9d8a994e2c900833d3c80899,16301914f76c0791873d5c75698a15795e90585cac3bb55dbac657ee9aa98c9f,34152,1,lossless_jpeg_metadata_strip_preserve_orientation_v2,,,
datasets/corn-field-pest-v2/val/fall_armyworm/img_58856f0a9218122b84160748.jpg,val,fall_armyworm,ccmt,CC BY 4.0,grp_3fa322dbd5d667365266a3e5,f5ee2bc480528298cdd004937101c569851113b8736d8ab123217cfd467f591f,65281,1,lossless_jpeg_metadata_strip_preserve_orientation_v2,,,
datasets/corn-field-pest-v2/val/fall_armyworm/img_eb2d8403577aa8866d5b68d5.jpg,val,fall_armyworm,ccmt,CC BY 4.0,grp_61cad32427e13376b68f3517,09bb012a5bc1c69cd75cb748a651e7bf9b94d42361ba248762d8e7d29b2e23f9,48533,1,lossless_jpeg_metadata_strip_preserve_orientation_v2,,,
datasets/corn-field-pest-v2/train/fall_armyworm/img_0c2b9b5ab51d1dc32f42ceeb.jpg,train,fall_armyworm,tom2024,CC BY 4.0,grp_33697041c6828d5363b1a637,8597ccdca68af98c0d6c94472d82904748b47bf11bba954c67081b6f636fbdbf,2220,1,lossless_jpeg_metadata_strip_preserve_orientation_v2,,,
datasets/corn-field-pest-v2/train/leaf_beetle_unknown/img_eeb8d0ae827a913aa42be3bb.jpg,train,leaf_beetle_unknown,ccmt,CC BY 4.0,grp_3aa3a107fe76bc97b270b0ed,93007ad5a5a43d14e4974040654e608926494d0de4de7dd3d4cb346eadd764b9,28229,1,lossless_jpeg_metadata_strip_preserve_orientation_v2,,,
datasets/corn-field-pest-v2/train/leaf_beetle_unknown/img_e408615c0c448ede4ad7ab24.jpg,train,leaf_beetle_unknown,ccmt,CC BY 4.0,grp_08fea8957bdd557dd53459f4,a80256c2e0a0067e11b5542c661f3de2d947759dc0c3482141476458d963e6e1,39621,1,lossless_jpeg_metadata_strip_preserve_orientation_v2,,,
datasets/corn-field-pest-v2/train/fall_armyworm/img_4ec70b19a99d0ba36f3011b1.jpg,train,fall_armyworm,ccmt,CC BY 4.0,grp_a1eef86167d60fb73f1273ef,abd46fd5c456dac32db1bca43151a347fd4cce441774cb5bee6cc73404231e84,59085,1,lossless_jpeg_metadata_strip_preserve_orientation_v2,,,
datasets/corn-field-pest-v2/val/healthy/img_977f108ca1435ed584aa22fd.jpg,val,healthy,ccmt,CC BY 4.0,grp_9856b7f5d91ffa0ad4c8b48d,e5a1acfc610a1a1bdbfededd62dbd57eede7197e242a9e195f0469d14133ba1c,44096,1,lossless_jpeg_metadata_strip_preserve_orientation_v2,,,
datasets/corn-field-pest-v2/train/healthy/img_ab02b363337d66721793a11c.jpg,train,healthy,ccmt,CC BY 4.0,grp_e25ce3fe1c92f49dc29207cf,3b80cafc3bd240f07119ec2f426819be04658ca67ef8371e943a4756ad74a794,65386,1,lossless_jpeg_metadata_strip_preserve_orientation_v2,,,
datasets/corn-field-pest-v2/train/grasshopper_unknown/img_4fa109d235b59ac4906ca3f8.jpg,train,grasshopper_unknown,ccmt,CC BY 4.0,grp_c35a90191842e928ac51e1a6,ccf1b38566130bca099579883811a4a75888e4cfa3cc2a846333509528cec74b,56764,1,lossless_jpeg_metadata_strip_preserve_orientation_v2,,,
datasets/corn-field-pest-v2/train/maize_aphid_unknown/img_c2b5875d7de5ab047a944009.jpg,train,maize_aphid_unknown,yeesi,CC BY 4.0,grp_c868b4d8ef23ec34bfbe6703,63aea1f3fd2d4919ac0326a20d593197cd21601d07a2626ee487b0ca46e45133,4842800,1,lossless_jpeg_metadata_strip_preserve_orientation_v2,,,
datasets/corn-field-pest-v2/train/fall_armyworm/img_b931d80796dd98f4e00bdf52.jpg,train,fall_armyworm,tom2024,CC BY 4.0,grp_9916f6e9cfd088374de2cd8b,9fc25f64a73ae5489158a8c91fc01badb92fee11223485afea3b99cb8ae73c28,6753,1,lossless_jpeg_metadata_strip_preserve_orientation_v2,,,
datasets/corn-field-pest-v2/train/healthy/img_fd8f37c3a5fe90f9d9f5c7de.jpg,train,healthy,tom2024,CC BY 4.0,grp_9fa5e1ea32212aa6a57d1e3f,8929497b16c5b9a8e0cf682aff56b55215cb25b04b64739f1f108ebba661e3dd,5437,1,lossless_jpeg_metadata_strip_preserve_orientation_v2,,,
datasets/corn-field-pest-v2/train/leaf_beetle_unknown/img_cdf9aa266d12fa2e6fc28ef1.jpg,train,leaf_beetle_unknown,ccmt,CC BY 4.0,grp_17f769e499b3739d14469770,104024007e25d54e0918558dcd8599d8d6f0c6bea44d8f63427f3a02686f6e51,32295,1,lossless_jpeg_metadata_strip_preserve_orientation_v2,,,
datasets/corn-field-pest-v2/train/grasshopper_unknown/img_af2b7a38cc996a5178ed01ba.jpg,train,grasshopper_unknown,ccmt,CC BY 4.0,grp_74a375c7715a8e8c15fc4c6e,f5230425499caee90caaca2b7f34e776321daba859b042f7385489549f060e53,43521,1,lossless_jpeg_metadata_strip_preserve_orientation_v2,,,
datasets/corn-field-pest-v2/train/fall_armyworm/img_cf627752e447410b85439b23.jpg,train,fall_armyworm,tom2024,CC BY 4.0,grp_3dd1a70a66f1902316e1706b,e4c5f4ab2909a3bafdc1cde240da332785c9de308deab6a87f70ea213f9b5c75,2879,1,lossless_jpeg_metadata_strip_preserve_orientation_v2,,,
datasets/corn-field-pest-v2/train/leaf_beetle_unknown/img_f89dfe5474164778d0303c57.jpg,train,leaf_beetle_unknown,ccmt,CC BY 4.0,grp_d41e7bc465cbc7d0f544e8b3,fb0633622cf9a8a6d4ef94c1c5814857878bd6a96a64f6f318ab56fd7655ad08,19822,1,lossless_jpeg_metadata_strip_preserve_orientation_v2,,,
datasets/corn-field-pest-v2/train/leaf_beetle_unknown/img_41a11fd6b50f10da5b7ee321.jpg,train,leaf_beetle_unknown,ccmt,CC BY 4.0,grp_27b74f995081b6f16c2399bb,8c1f6b7455ae7fb5cda558995ac4f92c0d45c0d50cfc6b48daca3f39bd1e77d6,49867,1,lossless_jpeg_metadata_strip_preserve_orientation_v2,,,
datasets/corn-field-pest-v2/val/healthy/img_a2de852949efbc1940c12011.jpg,val,healthy,ccmt,CC BY 4.0,grp_1dc48830267381792b8d67fa,004ddf31b14fae828cd496ae9740b2a10203e5886ae1a232f75783509adea5aa,35403,1,lossless_jpeg_metadata_strip_preserve_orientation_v2,,,
datasets/corn-field-pest-v2/train/healthy/img_637d6c39360f7b626ece7419.jpg,train,healthy,ccmt,CC BY 4.0,grp_408a0e73c107355d4b2cf6d9,7e8ab2efca4e0d05039254f90b54d5d14a03b17c2f5edab3b1b3c2da85aa623a,55662,1,lossless_jpeg_metadata_strip_preserve_orientation_v2,,,
datasets/corn-field-pest-v2/train/fall_armyworm/img_6ee53833567bd83024719908.jpg,train,fall_armyworm,tom2024,CC BY 4.0,grp_fe6225159934e539cdadf4a0,1a281645e367fd8a011a61f9d64bc538d21f77b793fc05f8064cfdcba17a4dbb,6639,1,lossless_jpeg_metadata_strip_preserve_orientation_v2,,,
datasets/corn-field-pest-v2/train/leaf_beetle_unknown/img_30a11a3c95c921c5d5a6696c.jpg,train,leaf_beetle_unknown,ccmt,CC BY 4.0,grp_2fdcd598fc1e963a53f8455a,f7de2d51d7b168d823cd6f5ef5d9dba8cd01136d11b415a3f57262601e711c91,17665,1,lossless_jpeg_metadata_strip_preserve_orientation_v2,,,
datasets/corn-field-pest-v2/train/leaf_beetle_unknown/img_898c909b09759b651bb1f6ed.jpg,train,leaf_beetle_unknown,ccmt,CC BY 4.0,grp_e100f523929c674148cde8f1,cdb9d599ddf1591c318340d0434c228a3ea1369471965a1e5cf501d3b79cbcca,23785,1,lossless_jpeg_metadata_strip_preserve_orientation_v2,,,
datasets/corn-field-pest-v2/train/leaf_beetle_unknown/img_27e494b1abc5e68af11b8c7f.jpg,train,leaf_beetle_unknown,ccmt,CC BY 4.0,grp_12302a87e91c24b22cff4e86,5a8164b1107e6ba4e12e010ad0a0354bd6d60c574d7b5bb1272cfcb072a23989,52038,1,lossless_jpeg_metadata_strip_preserve_orientation_v2,,,
datasets/corn-field-pest-v2/train/fall_armyworm/img_e07338dffb89b4dee0c44f42.jpg,train,fall_armyworm,tom2024,CC BY 4.0,grp_0ed5d21f8f06de9fbb9471e8,280e2895eba5574b5c0c3f40b94c33d207caf2887a7965fe15750fae51fa6a39,5859,1,lossless_jpeg_metadata_strip_preserve_orientation_v2,,,
datasets/corn-field-pest-v2/train/grasshopper_unknown/img_785be280b708218bec8424f8.jpg,train,grasshopper_unknown,ccmt,CC BY 4.0,grp_aef69a2ba50303e477a8b066,160b0eee98a256a4a85c8b16c8a3be654be92165f980489fd61123f550f9cd88,39106,1,lossless_jpeg_metadata_strip_preserve_orientation_v2,,,
datasets/corn-field-pest-v2/train/fall_armyworm/img_a28e9dc9d41c44b6c7e8b0de.jpg,train,fall_armyworm,tom2024,CC BY 4.0,grp_6ef0ea50dac745021f743cc0,9c6c9a3b2be8b12abed8d127abe6d5b33f4ce3628248139db28f0d10a890ece7,6995,1,lossless_jpeg_metadata_strip_preserve_orientation_v2,,,
datasets/corn-field-pest-v2/train/leaf_beetle_unknown/img_20988500056ddb1d9cc4e255.jpg,train,leaf_beetle_unknown,ccmt,CC BY 4.0,grp_46012f982a86c8867c4e0f8d,072fa7bad1c0579917785d8c88be6ee85a2348a06ac4979cb3db5021eb07741e,30934,1,lossless_jpeg_metadata_strip_preserve_orientation_v2,,,
datasets/corn-field-pest-v2/train/healthy/img_c9e8200f38bf81226c8639bc.jpg,train,healthy,tom2024,CC BY 4.0,grp_4490bbb6868b52544b838b19,8a72358cc2b3fd64399605c8f45d1d93a57a116f7883493a7a71426c032c8d70,6087,1,lossless_jpeg_metadata_strip_preserve_orientation_v2,,,
datasets/corn-field-pest-v2/val/healthy/img_8fc051eb48f8913e984213ea.jpg,val,healthy,tom2024,CC BY 4.0,grp_86bcee88b9ad61d44635af86,7564c0c2a06786fd1ef5c1b48f075a24955b33c9201c065129c147f7925f5242,2588,1,lossless_jpeg_metadata_strip_preserve_orientation_v2,,,
datasets/corn-field-pest-v2/train/fall_armyworm/img_19afbc35248e96b35f3378fc.jpg,train,fall_armyworm,ccmt,CC BY 4.0,grp_e1210a6c29a804d39303bd30,b5aefdabc57ee2d3ad1407d8957bff8b6d3824f6cef40ca73a77341ad3956d38,40102,1,lossless_jpeg_metadata_strip_preserve_orientation_v2,,,
datasets/corn-field-pest-v2/train/grasshopper_unknown/img_4861752106b51c3c4179938c.jpg,train,grasshopper_unknown,ccmt,CC BY 4.0,grp_56f976a15e08f6606440d131,44b02d64c85599bc2cbb4371d9ea72c16e11f6bd09432fe953678b47c2460d96,39585,1,lossless_jpeg_metadata_strip_preserve_orientation_v2,,,
datasets/corn-field-pest-v2/train/healthy/img_5066bd6278f95f2642f330c3.jpg,train,healthy,tom2024,CC BY 4.0,grp_4a759e628ed45d7aadcd6b97,37b99b31c82d2d224e70e6ee046d9f19a98d20c691b418ad42de2b9e9b9f3c84,8052,1,lossless_jpeg_metadata_strip_preserve_orientation_v2,,,
datasets/corn-field-pest-v2/train/grasshopper_unknown/img_a37d43444d9179d89cc81ef8.jpg,train,grasshopper_unknown,ccmt,CC BY 4.0,grp_5380d3f6640400b2ed96ba9e,3d99fc44c14c8d1cef289a5d20842e0ff983ea02936a738f3b05b63b98242b47,81428,1,lossless_jpeg_metadata_strip_preserve_orientation_v2,,,
datasets/corn-field-pest-v2/val/grasshopper_unknown/img_63adb6c5b392443c93cc7cf0.jpg,val,grasshopper_unknown,ccmt,CC BY 4.0,grp_073d30cf95fd6187a943dce6,06889b7476bd4b29354f21e2cef145870ae40fdce30ef5a2fd84e999ac27f95b,65228,1,lossless_jpeg_metadata_strip_preserve_orientation_v2,,,
datasets/corn-field-pest-v2/train/maize_aphid_unknown/img_388a1c17ad4f83fd4469e801.jpg,train,maize_aphid_unknown,yeesi,CC BY 4.0,grp_f29ddf78d40f1505d1a47f44,55997bbd6cd271b6b68ae37a67cd13de509fe6cd72c429ac6836f72a5ab535d5,4421538,1,lossless_jpeg_metadata_strip_preserve_orientation_v2,,,
datasets/corn-field-pest-v2/val/fall_armyworm/img_fe63e6f180dbad9d18aeb9a2.jpg,val,fall_armyworm,ccmt,CC BY 4.0,grp_1b7a487a17b5960d49f01741,dcb941296ce6ab5b95a449b584d87492aeb115f887860243d8dfd71a5c30642c,33372,1,lossless_jpeg_metadata_strip_preserve_orientation_v2,,,
datasets/corn-field-pest-v2/val/leaf_beetle_unknown/img_02ac537e81e26ac6885cbfb2.jpg,val,leaf_beetle_unknown,ccmt,CC BY 4.0,grp_a763b1b8af9fd071ad198832,a7540ba8e47ff29b06dbb263aa5056880e3a253ee038d70103e7a9415a7e2b19,46266,1,lossless_jpeg_metadata_strip_preserve_orientation_v2,,,
datasets/corn-field-pest-v2/train/fall_armyworm/img_741b22efe20c1522babc0e51.jpg,train,fall_armyworm,ccmt,CC BY 4.0,grp_03c39d85d18b2c39e3a067cb,4359b74aab1978b724ff597e6d5fcf660c024d537156bf986f6c49a3755e0efc,45979,1,lossless_jpeg_metadata_strip_preserve_orientation_v2,,,
datasets/corn-field-pest-v2/train/fall_armyworm/img_413ec98259cb493b01989ae1.jpg,train,fall_armyworm,ccmt,CC BY 4.0,grp_5126117aabe13afe25a88c59,8ab1679f357df1763b9b252d1304e185786c5a609f5df17d509b8f46ca79530e,48706,1,lossless_jpeg_metadata_strip_preserve_orientation_v2,,,
datasets/corn-field-pest-v2/train/leaf_beetle_unknown/img_3afa4bb70ddcb6f6facc2d09.jpg,train,leaf_beetle_unknown,ccmt,CC BY 4.0,grp_efadd9e32d82493b63ba0bee,60c3804691cf23142dbed3ca28745fdd3e5d0b6a3fc6d4512c49bacb6001ec6f,29076,1,lossless_jpeg_metadata_strip_preserve_orientation_v2,,,
datasets/corn-field-pest-v2/train/healthy/img_ee56e186d179fd3e5dc17c73.jpg,train,healthy,tom2024,CC BY 4.0,grp_661b4dfe46f4b659551775f4,93d2c868ab874a1f5d00e5ed4b1c3956e7caeee678ee2e35ea01314b6419eb7d,6036,1,lossless_jpeg_metadata_strip_preserve_orientation_v2,,,
datasets/corn-field-pest-v2/train/fall_armyworm/img_2223310242c22445c0007569.jpg,train,fall_armyworm,tom2024,CC BY 4.0,grp_e17ccdac3f7fcfef2cb21320,3577c26c17089383a8d9a0ebe639911bf4827758ddd47db3dd8b37d0fb3b6bee,4924,1,lossless_jpeg_metadata_strip_preserve_orientation_v2,,,
datasets/corn-field-pest-v2/val/leaf_beetle_unknown/img_3f469f370ea3138f4764ffb1.jpg,val,leaf_beetle_unknown,ccmt,CC BY 4.0,grp_2f1d00d7275427500cbb1412,4b622716c8fa36266d7a1e78fec7e456629cbab45a621598038c446cfe0d44a9,32841,1,lossless_jpeg_metadata_strip_preserve_orientation_v2,,,
datasets/corn-field-pest-v2/train/fall_armyworm/img_15baf0de962fac94ac640bb1.jpg,train,fall_armyworm,tom2024,CC BY 4.0,grp_7e52828bbd337cae22a7e24d,988568352a7d8067095b24e201d571b02544b43a7d64e41db00260f039bfd52b,3310,1,lossless_jpeg_metadata_strip_preserve_orientation_v2,,,
datasets/corn-field-pest-v2/val/leaf_beetle_unknown/img_51b59fdd263f324d4ff3cafb.jpg,val,leaf_beetle_unknown,ccmt,CC BY 4.0,grp_f334f9052a0bd6fcb3261833,7bcbc7c5a414c870c212f160c78ef89c3547c72ea7edf5895de27037f99942c4,28803,1,lossless_jpeg_metadata_strip_preserve_orientation_v2,,,
datasets/corn-field-pest-v2/train/leaf_beetle_unknown/img_a8c99dfa628ba490ec2f1579.jpg,train,leaf_beetle_unknown,ccmt,CC BY 4.0,grp_9111dc94877333dffdcb1e83,2789de857961ebfc2489647e8b80c8bc400e6fe880c1c20428c3102dd9427f5a,41781,1,lossless_jpeg_metadata_strip_preserve_orientation_v2,,,
datasets/corn-field-pest-v2/val/maize_aphid_unknown/img_5469d0cc626b1d41a6e42be9.jpg,val,maize_aphid_unknown,yeesi,CC BY 4.0,grp_1a075beb064f54e8059f91fe,95ea16e226002725ba3c230a86e227d098610c25d6aee818caf19f8aedd25268,1765041,1,lossless_jpeg_metadata_strip_preserve_orientation_v2,,,
datasets/corn-field-pest-v2/train/leaf_beetle_unknown/img_9996f34a9e228becd5b6a76c.jpg,train,leaf_beetle_unknown,ccmt,CC BY 4.0,grp_133847402715d07d30399625,61fdabe29fb20a2834e8a5ad000699c60eaf87c05f00c1bd3423d9eb672c5217,25288,1,lossless_jpeg_metadata_strip_preserve_orientation_v2,,,
datasets/corn-field-pest-v2/train/leaf_beetle_unknown/img_0f83f99c3c58ede5becc0744.jpg,train,leaf_beetle_unknown,ccmt,CC BY 4.0,grp_33cac21f5d029e70b3d7c804,792d6235d3c42d787c8fffb72aefcb10ee7a917e3a361404ecd855b57c7a615b,26088,1,lossless_jpeg_metadata_strip_preserve_orientation_v2,,,
datasets/corn-field-pest-v2/train/leaf_beetle_unknown/img_081abd84cf5baa89acc58196.jpg,train,leaf_beetle_unknown,ccmt,CC BY 4.0,grp_9ce0a192af5e6048251ed120,f44c8d579d3eb6442c8887fc278feb59dda4c640be7c02a3fb538c04309058a5,36714,1,lossless_jpeg_metadata_strip_preserve_orientation_v2,,,
datasets/corn-field-pest-v2/train/fall_armyworm/img_372aaaa36038f9e51c928763.jpg,train,fall_armyworm,ccmt,CC BY 4.0,grp_739991460d19a5ae7c99c9b1,2a7330ebde0ee16905f18e2d3381e7f5d4d63748c5ece2c9fde4b38c128887e2,42669,1,lossless_jpeg_metadata_strip_preserve_orientation_v2,,,
datasets/corn-field-pest-v2/train/healthy/img_6282d5b32cc12a157e7ffa3b.jpg,train,healthy,tom2024,CC BY 4.0,grp_c12bdadd5b517696c533839c,923c85de418298fb1dd08a32482b68c152c9ed9a51aa95db097bd5b44ab5e6e2,15692,1,lossless_jpeg_metadata_strip_preserve_orientation_v2,,,
datasets/corn-field-pest-v2/train/leaf_beetle_unknown/img_3f19c27881f4b2c5f1add444.jpg,train,leaf_beetle_unknown,ccmt,CC BY 4.0,grp_2ffef08049651b9ce3bfb34c,8ed898ac6ce1ff82d9cccc28e5198d104333a1e78b42303f4e1ac59af3160e87,24397,1,lossless_jpeg_metadata_strip_preserve_orientation_v2,,,
datasets/corn-field-pest-v2/train/healthy/img_5d777b3e41c93d3d93f9525d.jpg,train,healthy,ccmt,CC BY 4.0,grp_8add1592fd01567869f667e1,f8904cc9d1e218de2b1fc53269e3cfa7371682ffee99876309f900173299131e,43974,1,lossless_jpeg_metadata_strip_preserve_orientation_v2,,,
datasets/corn-field-pest-v2/train/leaf_beetle_unknown/img_151a3e2863bf14b4310cbc69.jpg,train,leaf_beetle_unknown,ccmt,CC BY 4.0,grp_1b42041e36b293feefa64f1b,3f4e16bd0923f5aea954392542788af36bc413a9fc9d02a7d2b514932e0d01be,32251,1,lossless_jpeg_metadata_strip_preserve_orientation_v2,,,
datasets/corn-field-pest-v2/train/leaf_beetle_unknown/img_35f9123abd02664c36cb8c85.jpg,train,leaf_beetle_unknown,ccmt,CC BY 4.0,grp_7fe0ea56d23903ce21ac822b,68f658c61239b10bc0b283c25d20312e52b7d0d9ed20b57f1c66f756c5f06952,42972,1,lossless_jpeg_metadata_strip_preserve_orientation_v2,,,
datasets/corn-field-pest-v2/val/fall_armyworm/img_2c4908392a2979be85c57c2f.jpg,val,fall_armyworm,ccmt,CC BY 4.0,grp_9de92a5ce370a8db7cdeb10a,be709cf4b88d0802f0462c0e1e89830de7918b34ad07fa5b5108a43d545e09ca,49195,1,lossless_jpeg_metadata_strip_preserve_orientation_v2,,,
datasets/corn-field-pest-v2/train/grasshopper_unknown/img_54e8f2e03898c444a59d69b6.jpg,train,grasshopper_unknown,ccmt,CC BY 4.0,grp_8ad07d5954f5b0e948d8fab8,798f3ee3cf2442dd71b5141327b4ec6d4c624faf3a3b846d0a10a665ce5d5a8f,37872,1,lossless_jpeg_metadata_strip_preserve_orientation_v2,,,
datasets/corn-field-pest-v2/train/grasshopper_unknown/img_c9c46644871f6b79b81855cc.jpg,train,grasshopper_unknown,ccmt,CC BY 4.0,grp_79c86ec58f207f6e4bb8112a,e00263ba753d29340d80d35fa6a33987fca41cde3fbf13442a50bcf8aab6daa0,61337,1,lossless_jpeg_metadata_strip_preserve_orientation_v2,,,
datasets/corn-field-pest-v2/train/fall_armyworm/img_13a66098fb82dd47c210a255.jpg,train,fall_armyworm,tom2024,CC BY 4.0,grp_d722065dfdea228b389ecefa,1005b3477e97ed6a524d860689ebaf9e550080e20ef3d1e43182df1aee3ee778,5941,1,lossless_jpeg_metadata_strip_preserve_orientation_v2,,,
datasets/corn-field-pest-v2/train/healthy/img_87923cad20b5de39b426fc9e.jpg,train,healthy,tom2024,CC BY 4.0,grp_40fc7c173df26dd83eda28ff,daa902050cdedb25b48695c625dbf0cae0b83b29ee9a4649096fd0781457a957,2221,1,lossless_jpeg_metadata_strip_preserve_orientation_v2,,,
datasets/corn-field-pest-v2/train/leaf_beetle_unknown/img_8a33a0d0a8c7a6ad8b0fe63c.jpg,train,leaf_beetle_unknown,ccmt,CC BY 4.0,grp_c02270d46c8c7cd62a8206f0,eeeb94ca11ce9093e05f29e0dba8ec049f296e39925c10bc3a4a56ecb1684a33,21887,1,lossless_jpeg_metadata_strip_preserve_orientation_v2,,,
datasets/corn-field-pest-v2/train/fall_armyworm/img_3dc5967178fea5346c852313.jpg,train,fall_armyworm,tom2024,CC BY 4.0,grp_6c14f30911c6b8bce7569ee2,518ef603a2cedf8d5ac38171e195c6d526cb9548d68d804796b79432d37b206b,4176,1,lossless_jpeg_metadata_strip_preserve_orientation_v2,,,
datasets/corn-field-pest-v2/train/healthy/img_d2ebbd73cbe7418c11244e37.jpg,train,healthy,tom2024,CC BY 4.0,grp_a68436de47433db384b32dbb,44eddffaca33575edcf6d2637ae83dde0c547130e9c64d01332c27a0eb907288,14208,1,lossless_jpeg_metadata_strip_preserve_orientation_v2,,,
datasets/corn-field-pest-v2/train/fall_armyworm/img_ab6a7c6f308541ea51315d87.jpg,train,fall_armyworm,tom2024,CC BY 4.0,grp_7e52828bbd337cae22a7e24d,d83fa5fe8bac11709c54352244b18f176ba2bff2392dfe62424e1c140e8529a0,3349,1,lossless_jpeg_metadata_strip_preserve_orientation_v2,,,
datasets/corn-field-pest-v2/train/healthy/img_5a7ca354a274481bdaff455c.jpg,train,healthy,tom2024,CC BY 4.0,grp_6df23df48794d141eca8ec52,219f491057a86bb96d070f361d5ccb110e2a7e8c7f9aa8809355cfa0c09b1c29,25948,1,lossless_jpeg_metadata_strip_preserve_orientation_v2,,,
datasets/corn-field-pest-v2/train/fall_armyworm/img_864243260df7a140ec059198.jpg,train,fall_armyworm,ccmt,CC BY 4.0,grp_af1e7a6898057c45fd91d86a,f843cfbebd2d2b678fd370b1f8148f748adfa63d7af1efd9b6aedee06c45c140,30253,1,lossless_jpeg_metadata_strip_preserve_orientation_v2,,,
datasets/corn-field-pest-v2/train/fall_armyworm/img_627003f862db7abc1c415668.jpg,train,fall_armyworm,tom2024,CC BY 4.0,grp_92fa00b741d509c5c0e6025e,9991a762fde4f4453c3f384c377ff866af232b77d080324396fd9a308a52499a,3401,1,lossless_jpeg_metadata_strip_preserve_orientation_v2,,,
datasets/corn-field-pest-v2/train/maize_aphid_unknown/img_b5a0d078595d0335eb498b16.jpg,train,maize_aphid_unknown,yeesi,CC BY 4.0,grp_f29ddf78d40f1505d1a47f44,5035435d7df4b6eef03795d6b9f431e4f57e80304d7dfb8d70990c2910483b36,4695498,1,lossless_jpeg_metadata_strip_preserve_orientation_v2,,,
datasets/corn-field-pest-v2/train/leaf_beetle_unknown/img_2e1c7e53d72731f875f66026.jpg,train,leaf_beetle_unknown,ccmt,CC BY 4.0,grp_5944a61603fb930db3e993d0,6729722af380d43ae406ced268deeb3aaa85ed314f92b82fa668722b6e46390d,28943,1,lossless_jpeg_metadata_strip_preserve_orientation_v2,,,
datasets/corn-field-pest-v2/train/fall_armyworm/img_470acb9c22826c8c39413505.jpg,train,fall_armyworm,ccmt,CC BY 4.0,grp_8566eff07f5473f29d6cc8fe,abb98219d7ff1337343ddb22cf8f65a572503d188ecf14b3dc78a8c6ecbd6d64,35796,1,lossless_jpeg_metadata_strip_preserve_orientation_v2,,,
datasets/corn-field-pest-v2/train/healthy/img_2f528ec9f472a815577346a4.jpg,train,healthy,tom2024,CC BY 4.0,grp_91530f4984a6dbdfc68a9da8,a3d855c9a296b264939914b289b7bb4c9a150020e5a3ab5f1011541b74702d0d,7245,1,lossless_jpeg_metadata_strip_preserve_orientation_v2,,,
datasets/corn-field-pest-v2/train/grasshopper_unknown/img_b9605ccdc9597ae91c9eec98.jpg,train,grasshopper_unknown,ccmt,CC BY 4.0,grp_6b2aa3d3b0781c76791bfa72,32911da4fd01569e42292b9a105c3e4143ab0400e4432045c16b5cc71f200319,40281,1,lossless_jpeg_metadata_strip_preserve_orientation_v2,,,
datasets/corn-field-pest-v2/val/leaf_beetle_unknown/img_78bdfb043012353da873110a.jpg,val,leaf_beetle_unknown,ccmt,CC BY 4.0,grp_77f5e3a3393bfc3908c78c5f,f1e52f06df2fa646f29c00ebe4993720eed4c171a696aea9761f17dd205981bf,29529,1,lossless_jpeg_metadata_strip_preserve_orientation_v2,,,
datasets/corn-field-pest-v2/train/healthy/img_60038899610b0608bae9ee52.jpg,train,healthy,ccmt,CC BY 4.0,grp_954a7c387254db0b2eb507c0,565cc66c8abf117fb2b3943ea1fbdb27df484efbe2190da9758e8f6dc9de3800,33359,1,lossless_jpeg_metadata_strip_preserve_orientation_v2,,,
datasets/corn-field-pest-v2/val/healthy/img_6436322392c09a102dce0a37.jpg,val,healthy,tom2024,CC BY 4.0,grp_1612684d4c8d7c648105b504,f48e5cf44f989320c3446224ffc13d01c6e570bd5302a0bf09c7e1b30e185afb,7721,1,lossless_jpeg_metadata_strip_preserve_orientation_v2,,,
datasets/corn-field-pest-v2/train/leaf_beetle_unknown/img_ccafbfd05fbeb2f80205c4ec.jpg,train,leaf_beetle_unknown,ccmt,CC BY 4.0,grp_dd620c407417a5b7a17bfd78,5cf6d43acbf48e8c72f74c68fc81333ea06266d6cb007910aa6f81bb78cd9d5a,37558,1,lossless_jpeg_metadata_strip_preserve_orientation_v2,,,
datasets/corn-field-pest-v2/train/healthy/img_52dc9d9dcb05fcae345a7330.jpg,train,healthy,tom2024,CC BY 4.0,grp_db68710c211dfc9da8a9fd17,63078960ec6defe0fa734d5104419b651eb58e1495abe3ad498da05ad26c59ed,8437,1,lossless_jpeg_metadata_strip_preserve_orientation_v2,,,
datasets/corn-field-pest-v2/val/fall_armyworm/img_19bebae05298cea1b3bdee22.jpg,val,fall_armyworm,tom2024,CC BY 4.0,grp_b19f0af4abc05d18cadee00f,07048f627dec93c61f2e31db4f7de6d2c677996e99c3a222562970797ae76baf,4274,1,lossless_jpeg_metadata_strip_preserve_orientation_v2,,,
datasets/corn-field-pest-v2/train/healthy/img_97601a969a6b0af01d3ea1ad.jpg,train,healthy,tom2024,CC BY 4.0,grp_cb21a004ba0b27272e3625f2,ca6f0770a41cc3a2de033ee5a3dc1c02b2d3771ca562738bb867e1ebb8bc4241,12246,1,lossless_jpeg_metadata_strip_preserve_orientation_v2,,,
datasets/corn-field-pest-v2/train/healthy/img_408b79ea9cf975000a039c35.jpg,train,healthy,ccmt,CC BY 4.0,grp_70808cdf6f94ba0c78ae745f,f23884d84a5bd170c3a8ed2aeed6ff920ae064c1416562a0479b3ddeab62b48e,42459,1,lossless_jpeg_metadata_strip_preserve_orientation_v2,,,
datasets/corn-field-pest-v2/train/leaf_beetle_unknown/img_9132503e17e8c196cb71612a.jpg,train,leaf_beetle_unknown,ccmt,CC BY 4.0,grp_9074988a6489c72b1f6723ce,646e3363b41ffbc205ae1d96f14ab26cc62de80aca0928d257c9673ec7ad47ec,27595,1,lossless_jpeg_metadata_strip_preserve_orientation_v2,,,
datasets/corn-field-pest-v2/val/leaf_beetle_unknown/img_e0d846f0f0a706ae2b21f1c5.jpg,val,leaf_beetle_unknown,ccmt,CC BY 4.0,grp_ac6c6f7f5702de7eed835c30,224eeced76897cacc78651d02a3417c7c33a3d52fe429c4db2e22c22fedf2f60,41940,1,lossless_jpeg_metadata_strip_preserve_orientation_v2,,,
datasets/corn-field-pest-v2/train/leaf_beetle_unknown/img_dffda1ad7432a1a6becd4c28.jpg,train,leaf_beetle_unknown,ccmt,CC BY 4.0,grp_357be06a4b90b18452e0c02d,6f555376b069edd615d69aa76b34287c9e69292042a6691bc655cb09c6523153,32907,1,lossless_jpeg_metadata_strip_preserve_orientation_v2,,,
datasets/corn-field-pest-v2/train/healthy/img_40f11786b610f685ad848d81.jpg,train,healthy,ccmt,CC BY 4.0,grp_3757b3bb81201b38db0f384c,acc5f6ef47d392f182f412fe309469e399d8c991efa4066ae768cb9737afab91,48391,1,lossless_jpeg_metadata_strip_preserve_orientation_v2,,,
datasets/corn-field-pest-v2/train/healthy/img_957400e6771f09b838798a30.jpg,train,healthy,tom2024,CC BY 4.0,grp_12044073f5e32c77deac3db1,7790a88f129f0d744d66ab9c9f744808334444060f1b086a6300cf98c343e2c1,1890,1,lossless_jpeg_metadata_strip_preserve_orientation_v2,,,
datasets/corn-field-pest-v2/train/leaf_beetle_unknown/img_d7a1b17f912c0d671003e5fb.jpg,train,leaf_beetle_unknown,ccmt,CC BY 4.0,grp_2153f7d95612da78b9e6f7d7,fdd6c5f6f6a766546fa4bc28632cf818ecf2a544f4e21520778ae5a400761b7b,29614,1,lossless_jpeg_metadata_strip_preserve_orientation_v2,,,
datasets/corn-field-pest-v2/train/leaf_beetle_unknown/img_4d9bd8443882ed8132d81eca.jpg,train,leaf_beetle_unknown,ccmt,CC BY 4.0,grp_2cd8dc859a73201589e87140,7f784e791fbd0ce03d02acace3d83dedf08f54d9c30d4487bb6617e962f8031c,33892,1,lossless_jpeg_metadata_strip_preserve_orientation_v2,,,
datasets/corn-field-pest-v2/val/healthy/img_b8608294810684a31a8e2046.jpg,val,healthy,ccmt,CC BY 4.0,grp_70d19faf7035c82a199446fe,eb844943cf5ac83b43769ab4b606061d0ad1642b80d4a1fb55849f7de5e45487,53124,1,lossless_jpeg_metadata_strip_preserve_orientation_v2,,,
datasets/corn-field-pest-v2/train/leaf_beetle_unknown/img_1f57e434ac43ef2395d49c28.jpg,train,leaf_beetle_unknown,ccmt,CC BY 4.0,grp_8fc8514f045c56fa836e99e4,d25c696916f415bbd66602ee5b5c0738485b3b72c467178ba229f58904761a37,45900,1,lossless_jpeg_metadata_strip_preserve_orientation_v2,,,
datasets/corn-field-pest-v2/val/leaf_beetle_unknown/img_089b222a07e2b5277f2029f1.jpg,val,leaf_beetle_unknown,ccmt,CC BY 4.0,grp_d7c0116f2c981ba681885043,11d7b1b1d5f3907bc26334a4d6983c02dda2a6825ae4144234167283acf6e933,33405,1,lossless_jpeg_metadata_strip_preserve_orientation_v2,,,
datasets/corn-field-pest-v2/train/grasshopper_unknown/img_63863fa0c19ce3ca2a4cb21a.jpg,train,grasshopper_unknown,ccmt,CC BY 4.0,grp_bc68a7ea6b9dad111a45cf60,6029ebb73289752ffadce367de0c1a89748ba4cf7d9efc592312d44e3cfdde64,82269,1,lossless_jpeg_metadata_strip_preserve_orientation_v2,,,
datasets/corn-field-pest-v2/train/leaf_beetle_unknown/img_8a77164163a4b25c58c91d74.jpg,train,leaf_beetle_unknown,ccmt,CC BY 4.0,grp_32964a53ba02c634f3898686,91d30e0a8b5fe326fc018d4142bea53c55d2b05048c2f9ff30cbe9547d0bcfb5,26126,1,lossless_jpeg_metadata_strip_preserve_orientation_v2,,,
datasets/corn-field-pest-v2/train/leaf_beetle_unknown/img_74288dcf0a274bca043cd082.jpg,train,leaf_beetle_unknown,ccmt,CC BY 4.0,grp_3947c1fa8521573a17a91a89,a97cc3404afa915ee6f2caad3aefa10da2f7c10abcba35d22f3538910830ec11,40285,1,lossless_jpeg_metadata_strip_preserve_orientation_v2,,,
datasets/corn-field-pest-v2/train/leaf_beetle_unknown/img_3b50bee4228f445ce15e6654.jpg,train,leaf_beetle_unknown,ccmt,CC BY 4.0,grp_cf7042b9e7254d0eb0b8f986,700847d380785ae311c53d0333cd8d27252dabd308c462a8d114e651e6b2fdc7,29330,1,lossless_jpeg_metadata_strip_preserve_orientation_v2,,,
datasets/corn-field-pest-v2/train/leaf_beetle_unknown/img_9519e5169ea9b7892e4deac3.jpg,train,leaf_beetle_unknown,ccmt,CC BY 4.0,grp_ab01a7193177794a915024c3,69daa17c5e83c100b88ba88101ff0e5542826fd66b32ff31e91b9d80c68a3a9f,30093,1,lossless_jpeg_metadata_strip_preserve_orientation_v2,,,
datasets/corn-field-pest-v2/train/grasshopper_unknown/img_2f0a86e5653dbc695737dd23.jpg,train,grasshopper_unknown,ccmt,CC BY 4.0,grp_7cc73a67eaaa0b54f807e021,54b17156e300d35d339f81cbe0f4baf155599ac3563b6f8c460c680be7525d33,28289,1,lossless_jpeg_metadata_strip_preserve_orientation_v2,,,
datasets/corn-field-pest-v2/val/fall_armyworm/img_b928f61bc5167025f51c8cf3.jpg,val,fall_armyworm,tom2024,CC BY 4.0,grp_2de161fcc1a5b08d084b6417,c7209545a71f9125f479fc06c49c14785873ee7241acb30be7e82f415ef15f9c,4992,1,lossless_jpeg_metadata_strip_preserve_orientation_v2,,,
datasets/corn-field-pest-v2/train/grasshopper_unknown/img_b6af974a374cec113de51af5.jpg,train,grasshopper_unknown,ccmt,CC BY 4.0,grp_c2756ef625fd9066ae8f200e,94d33b483ff9e43232880e5d237ecf23afafa7c56bbb13e681af668fca416eb8,25899,1,lossless_jpeg_metadata_strip_preserve_orientation_v2,,,
datasets/corn-field-pest-v2/train/fall_armyworm/img_3c39b4b42b4dc2696e4f62d8.jpg,train,fall_armyworm,ccmt,CC BY 4.0,grp_af8b767118fc5a56cbbce622,ffd8b320899f3abd35da7bcdc9b1fc262069d80534bdcbacf84eb8a18c9d7514,41212,1,lossless_jpeg_metadata_strip_preserve_orientation_v2,,,
datasets/corn-field-pest-v2/train/healthy/img_48c3879f9860b5992d7b48cc.jpg,train,healthy,ccmt,CC BY 4.0,grp_dafe70ccfd3dfd32c7c68068,514ceb770d107b4fa5ff1617d3dfe4807fe166f381abd1afbb49d09c1ee1139e,36823,1,lossless_jpeg_metadata_strip_preserve_orientation_v2,,,
datasets/corn-field-pest-v2/train/leaf_beetle_unknown/img_13d8d52a6bdbeebbece6199a.jpg,train,leaf_beetle_unknown,ccmt,CC BY 4.0,grp_668add0b87991817bd04ee0f,974a4d3616dd81e83030100b2074707ff267d7fa78e1b6119aa0dc4ee86df09b,33614,1,lossless_jpeg_metadata_strip_preserve_orientation_v2,,,
datasets/corn-field-pest-v2/train/maize_aphid_unknown/img_c5374a35cd3bc6b07d3ef889.jpg,train,maize_aphid_unknown,yeesi,CC BY 4.0,grp_ed471b353f4a6b148da3d189,81b63dfe6045a5dc0778aa4c6cdb09a3a978b71b40d1b9f8a7649869fe150b1d,4743526,1,lossless_jpeg_metadata_strip_preserve_orientation_v2,,,
datasets/corn-field-pest-v2/val/healthy/img_11b564f0800d419b76f65d6e.jpg,val,healthy,tom2024,CC BY 4.0,grp_f3ea245b9e020401ea6b3cf3,723a8ecc1fd71edad5dd510ecb02675dd23ab10daa6c5e4eab83d2622d755bb1,13457,1,lossless_jpeg_metadata_strip_preserve_orientation_v2,,,
datasets/corn-field-pest-v2/train/fall_armyworm/img_1ccea250f25ec78bafc07297.jpg,train,fall_armyworm,tom2024,CC BY 4.0,grp_7b7c8deb450c32538e6d4676,402b12a1916c138679774e3baf723387927325e503a535b2cbb712217b6fddd0,2970,1,lossless_jpeg_metadata_strip_preserve_orientation_v2,,,
datasets/corn-field-pest-v2/train/fall_armyworm/img_ae30fc3f7cd080d1f210fee1.jpg,train,fall_armyworm,tom2024,CC BY 4.0,grp_7445d53f5fda5ae911d54ab7,afbccfafa0bf675fbe68412bbd81ed351b767b3403974f6bd46a82c5fe40270c,3756,1,lossless_jpeg_metadata_strip_preserve_orientation_v2,,,
datasets/corn-field-pest-v2/train/grasshopper_unknown/img_c8bd3b51491dcc34eafb1f26.jpg,train,grasshopper_unknown,ccmt,CC BY 4.0,grp_2ecd8dbe669762f693ea02d1,38578b116031f804d0dd8762a4eeb7667191a7b5926971ab76aa942a5d668ec8,46675,1,lossless_jpeg_metadata_strip_preserve_orientation_v2,,,
datasets/corn-field-pest-v2/train/grasshopper_unknown/img_ddee80c3b3823d05c9653058.jpg,train,grasshopper_unknown,ccmt,CC BY 4.0,grp_34e3b85bc2de80135341aa1f,c935017710c03989e862c07ca46c8b77be15345cfcdfc5c835cbf1a9589c0956,49277,1,lossless_jpeg_metadata_strip_preserve_orientation_v2,,,
datasets/corn-field-pest-v2/train/healthy/img_4c3a83e0119ff40678e48055.jpg,train,healthy,tom2024,CC BY 4.0,grp_1b66e2c01d30b06ce8be19cf,953fb306919cf77040d9c50567b89ee61857aff50f7de4d724242c12e489303f,11389,1,lossless_jpeg_metadata_strip_preserve_orientation_v2,,,
datasets/corn-field-pest-v2/train/fall_armyworm/img_b9fd716fa2301a7f1b9989c5.jpg,train,fall_armyworm,tom2024,CC BY 4.0,grp_92fa00b741d509c5c0e6025e,9d1b101b25ff51ed241f3b3028a4938c3b6bc1932fe4c8938ea114aee5f0b5cc,3702,1,lossless_jpeg_metadata_strip_preserve_orientation_v2,,,
datasets/corn-field-pest-v2/train/leaf_beetle_unknown/img_3f6f20181af307cbd1c7daa6.jpg,train,leaf_beetle_unknown,ccmt,CC BY 4.0,grp_11bbb81ace0258b2c28f7aef,856fb6a164aa2309029ba7430faaceec20840936d88282787bbe440c8c14c5a7,30778,1,lossless_jpeg_metadata_strip_preserve_orientation_v2,,,
datasets/corn-field-pest-v2/val/leaf_beetle_unknown/img_4d68d67fb77f2eff5508d25d.jpg,val,leaf_beetle_unknown,ccmt,CC BY 4.0,grp_a4e35a97dfdb85149f79b034,e1dd73be8ff23f7f785e2f7ceb287ce65f90b2c2624852a6fec3d120b76d5d61,52108,1,lossless_jpeg_metadata_strip_preserve_orientation_v2,,,
datasets/corn-field-pest-v2/train/healthy/img_14a7c79354a2ac6a8cb92758.jpg,train,healthy,ccmt,CC BY 4.0,grp_bb5567d0e436bb166c9d18c3,ee603bb776a8e312e7653e2a4a2ae3f4284ff569593cbc0ba0a53316e30391b0,69633,1,lossless_jpeg_metadata_strip_preserve_orientation_v2,,,
datasets/corn-field-pest-v2/train/fall_armyworm/img_d11e1fbea09573f1c82e2816.jpg,train,fall_armyworm,ccmt,CC BY 4.0,grp_6ab5c82016e98c2c304deeaa,9fbdb46738ddc10471aa20ded7e249d95160fb3a95a54b314082a0a04316b92e,51673,1,lossless_jpeg_metadata_strip_preserve_orientation_v2,,,
datasets/corn-field-pest-v2/train/grasshopper_unknown/img_a0d18f5a783fc1b26d1a6739.jpg,train,grasshopper_unknown,ccmt,CC BY 4.0,grp_1aa7093fba22c1b04ba2e74c,393e9bf8513f39616b06ab020dfb11ef328f5f9684d9866cd48e436f77d648d5,24624,1,lossless_jpeg_metadata_strip_preserve_orientation_v2,,,
datasets/corn-field-pest-v2/train/leaf_beetle_unknown/img_96881d5dbcdc6ed9d77ae09a.jpg,train,leaf_beetle_unknown,ccmt,CC BY 4.0,grp_38e290a5c51aa2eb1b2ab479,18ca39f52126d45238e49e6ac118b9b162e4a033119907743e163297cb2ad257,29340,1,lossless_jpeg_metadata_strip_preserve_orientation_v2,,,
datasets/corn-field-pest-v2/train/healthy/img_1781ee9db7c8969faca3d73a.jpg,train,healthy,tom2024,CC BY 4.0,grp_b25de0026650c28e490b9cd6,f10d86f194d4563634675e6500c06c55a6ab16a8b6b90784b9779ffb11c21f93,10670,1,lossless_jpeg_metadata_strip_preserve_orientation_v2,,,
datasets/corn-field-pest-v2/train/leaf_beetle_unknown/img_e941f238c20ab3721d263e3a.jpg,train,leaf_beetle_unknown,ccmt,CC BY 4.0,grp_a1316e8d08be5e28bb6a6018,e9ddb4550bc20cdfdf85aae9aeed7f64a9e74431500d70e8dd0643bb4c74eef9,56652,1,lossless_jpeg_metadata_strip_preserve_orientation_v2,,,
datasets/corn-field-pest-v2/val/healthy/img_b93192ea6d0389c5b928c9ea.jpg,val,healthy,tom2024,CC BY 4.0,grp_5777cf8c9a4943001d83dad7,b696a52cf7e2586e50ba09fdd048650958d401bab3e5e504663326e65332f190,2214,1,lossless_jpeg_metadata_strip_preserve_orientation_v2,,,
datasets/corn-field-pest-v2/train/grasshopper_unknown/img_98d78c433d89d9be9d25e311.jpg,train,grasshopper_unknown,ccmt,CC BY 4.0,grp_6f82f4114d009a838b116f1f,54191ead7e626c64da1d2da266286b139dec28b902babd44acf75e1989163f83,28374,1,lossless_jpeg_metadata_strip_preserve_orientation_v2,,,
datasets/corn-field-pest-v2/train/fall_armyworm/img_3cac63f7b4f966ed3edd5d60.jpg,train,fall_armyworm,tom2024,CC BY 4.0,grp_da2701e4e31d4321af4c0e1f,7994fa1b204389daf75a617206275867c1aeb8450da88302457f0c00beea25e8,6074,1,lossless_jpeg_metadata_strip_preserve_orientation_v2,,,
datasets/corn-field-pest-v2/train/leaf_beetle_unknown/img_280bb9d6e8cc68ea5bb0ffa4.jpg,train,leaf_beetle_unknown,ccmt,CC BY 4.0,grp_b7b60e62ef4626b078b0d6d5,bef51295d14397c24e07f6f0f755270f35d997f8898559c90f473276f84ecc44,21116,1,lossless_jpeg_metadata_strip_preserve_orientation_v2,,,
datasets/corn-field-pest-v2/train/healthy/img_d25a0711aa9d2f8e6d88980f.jpg,train,healthy,tom2024,CC BY 4.0,grp_434dfd51d732b19519017cf9,c280f3d43d6aaf38913f458ba3b47cda8a6da012206a88985385ec3a9bf44cc5,4733,1,lossless_jpeg_metadata_strip_preserve_orientation_v2,,,
datasets/corn-field-pest-v2/train/healthy/img_ccdb5c28fcdd5b1a65b2c8cf.jpg,train,healthy,tom2024,CC BY 4.0,grp_7ba4ceca38e4c81a295c5045,43ef5d2426e6cf1666b80962f6a23cbacb6b09f8432fc6e91ab421293e1f8d45,8418,1,lossless_jpeg_metadata_strip_preserve_orientation_v2,,,
datasets/corn-field-pest-v2/train/leaf_beetle_unknown/img_ae4bd525e116e5966c94928e.jpg,train,leaf_beetle_unknown,ccmt,CC BY 4.0,grp_7bd2100cdb8af84db39865b7,9cc97f958fce1e55b03264a9f7c1a4d48c1491c0e5ac5b887bd6ea5639b41f52,27539,1,lossless_jpeg_metadata_strip_preserve_orientation_v2,,,
datasets/corn-field-pest-v2/train/leaf_beetle_unknown/img_ae56e43c3920f892d116da71.jpg,train,leaf_beetle_unknown,ccmt,CC BY 4.0,grp_7f80162654b4d4392c61bcad,437307acd5fd03cddf7e90ae05ccdfe40a369115b73b50cd4d9af4fae81a7b69,52175,1,lossless_jpeg_metadata_strip_preserve_orientation_v2,,,
datasets/corn-field-pest-v2/train/grasshopper_unknown/img_92b1c17f0ca4819f14a290de.jpg,train,grasshopper_unknown,ccmt,CC BY 4.0,grp_96d386aa4b08f47817880f90,b8c43ddb99b42b7fa8c01d190f5f6daa442e060149afe961dad37a7741c607af,51526,1,lossless_jpeg_metadata_strip_preserve_orientation_v2,,,
datasets/corn-field-pest-v2/train/grasshopper_unknown/img_769c05bbf690a36f22e2f1a9.jpg,train,grasshopper_unknown,ccmt,CC BY 4.0,grp_96d20c36ce44859baed4e0e3,9a24ec064fe9a681bf82cacfbe38719787b78d202f825e81e4947ec73f5f783e,25301,1,lossless_jpeg_metadata_strip_preserve_orientation_v2,,,
datasets/corn-field-pest-v2/train/leaf_beetle_unknown/img_02161fede67056b5ceac136a.jpg,train,leaf_beetle_unknown,ccmt,CC BY 4.0,grp_cec01b662284949320c1a7fc,f7e817845d16a817240389210dc008927efc200d52097bd7d666d8aa00bf4b92,27999,1,lossless_jpeg_metadata_strip_preserve_orientation_v2,,,
datasets/corn-field-pest-v2/train/healthy/img_18f2648ee6bdcb96750f0a1d.jpg,train,healthy,ccmt,CC BY 4.0,grp_43272d3a288ce8ee98df19a8,f035c3a6297b067e00f8e3bf3ce2d537471ae75ca7e8df2605724129a151ebef,38883,1,lossless_jpeg_metadata_strip_preserve_orientation_v2,,,
datasets/corn-field-pest-v2/val/grasshopper_unknown/img_840b9a16cfb1205680697df4.jpg,val,grasshopper_unknown,ccmt,CC BY 4.0,grp_96f66bafe7867bf3f4e12b4a,46338deb2bb7acbc02bc2f8a8a3daf0f6f7ef468e8fe3d4e7aaed750c6b32662,41172,1,lossless_jpeg_metadata_strip_preserve_orientation_v2,,,
datasets/corn-field-pest-v2/val/grasshopper_unknown/img_d172faa6919c2b6e261d690d.jpg,val,grasshopper_unknown,ccmt,CC BY 4.0,grp_8cb6719514b5ac42a0a743ad,b2caacc887944ab6de86e16eece6bb2bdc49619429924149cb90ca34b33be891,32789,1,lossless_jpeg_metadata_strip_preserve_orientation_v2,,,
datasets/corn-field-pest-v2/val/leaf_beetle_unknown/img_e163b4fa4b5faac6e909353e.jpg,val,leaf_beetle_unknown,ccmt,CC BY 4.0,grp_c629141bba650d101e9cf91f,303bc342435fa76669731742d87a64e4d627da0c18474499991401597320a0d8,28531,1,lossless_jpeg_metadata_strip_preserve_orientation_v2,,,
datasets/corn-field-pest-v2/val/grasshopper_unknown/img_4b2f8cef6de0f6f94179cba2.jpg,val,grasshopper_unknown,ccmt,CC BY 4.0,grp_ecd245ed436ab1220da179fc,0974042d3551be534f8585c970497eb5d9870a37594ce0f108fc11c0b23bb192,57220,1,lossless_jpeg_metadata_strip_preserve_orientation_v2,,,
datasets/corn-field-pest-v2/train/fall_armyworm/img_0ff30990294f92760761ee30.jpg,train,fall_armyworm,tom2024,CC BY 4.0,grp_dd2d59449566a7271cbe4e43,384a089d29e31d566122d1956dc6f1c7c5f68c38e58197aa4bb78a45b199bb91,5129,1,lossless_jpeg_metadata_strip_preserve_orientation_v2,,,
datasets/corn-field-pest-v2/train/leaf_beetle_unknown/img_c0912dd554fb5da5519485b7.jpg,train,leaf_beetle_unknown,ccmt,CC BY 4.0,grp_337fccda952d0d5f61175614,97fa63f3c97297744cd698a44ab3abd17370fceaa404b66150b279bdc27ffd79,48466,1,lossless_jpeg_metadata_strip_preserve_orientation_v2,,,
datasets/corn-field-pest-v2/train/fall_armyworm/img_856ba2071c8695bc389a31fd.jpg,train,fall_armyworm,ccmt,CC BY 4.0,grp_02576035a65cc90eaf700a8a,7399968df4d274770038ccdaef4059af359860d720da26bf083699bbc5415a03,50614,1,lossless_jpeg_metadata_strip_preserve_orientation_v2,,,
datasets/corn-field-pest-v2/train/leaf_beetle_unknown/img_eb8d7db83d10ff08c20b353c.jpg,train,leaf_beetle_unknown,ccmt,CC BY 4.0,grp_e7a91c7f3a3b7422fa2269e0,6410fdfc9975266f74923f0e1cc0ef273f4cee4eec4936f0a0af0610ab4fa65f,31853,1,lossless_jpeg_metadata_strip_preserve_orientation_v2,,,
datasets/corn-field-pest-v2/train/fall_armyworm/img_f7a630992a119b13ed27c68a.jpg,train,fall_armyworm,tom2024,CC BY 4.0,grp_aac1f7ffd4a2694ba4c56f6a,10afe83c34304015749587f726bb125f96b90d7950f6b14b2556bd1811a60214,2467,1,lossless_jpeg_metadata_strip_preserve_orientation_v2,,,
datasets/corn-field-pest-v2/train/grasshopper_unknown/img_034b433350354cb9b3d5f988.jpg,train,grasshopper_unknown,ccmt,CC BY 4.0,grp_5d753069dfe273394c444842,163d2ee2945d0bd7c0b8ef79b21b3d53a259b60db47a3bc80f1db2ddd52068b4,33931,1,lossless_jpeg_metadata_strip_preserve_orientation_v2,,,
datasets/corn-field-pest-v2/val/fall_armyworm/img_f4201cfdafa6b755293bd983.jpg,val,fall_armyworm,tom2024,CC BY 4.0,grp_d0828bba61c1edd13e20e431,a611a929bf3873c974b2785e8e480913d5541a895cfd0b16eb643ae12f3e3d33,15604,1,lossless_jpeg_metadata_strip_preserve_orientation_v2,,,
datasets/corn-field-pest-v2/train/leaf_beetle_unknown/img_98838f4b67b5288101853d3e.jpg,train,leaf_beetle_unknown,ccmt,CC BY 4.0,grp_d70a12bc8d33d3ad259a47aa,d56b0fce3b952de4067fc4790f5aab439ebc047b4f803dc538f4f22bdaa109ef,22366,1,lossless_jpeg_metadata_strip_preserve_orientation_v2,,,
datasets/corn-field-pest-v2/train/fall_armyworm/img_13c249fb2fe42e02599e909c.jpg,train,fall_armyworm,tom2024,CC BY 4.0,grp_c1134c4cb96457a53b08902a,06788afe9859ab630c2b8bd00ccc6b4c6258ca3c168ac68be8d046f9dd1c4931,5791,1,lossless_jpeg_metadata_strip_preserve_orientation_v2,,,
datasets/corn-field-pest-v2/train/leaf_beetle_unknown/img_9acd79493b69c943d3056f97.jpg,train,leaf_beetle_unknown,ccmt,CC BY 4.0,grp_c012ca5339f46331dad10ab6,dd918ae45a1eff9cb9b31af4e7e82a8d2ddb6c386205df066c720face71f2799,49779,1,lossless_jpeg_metadata_strip_preserve_orientation_v2,,,
datasets/corn-field-pest-v2/train/grasshopper_unknown/img_addbabab3c01bb598bb9502a.jpg,train,grasshopper_unknown,ccmt,CC BY 4.0,grp_ec042306fd16a66f07c309b2,e63d9c8ffe4d3bb452c9f147b9ef5bc82561b86d1d35a4dd9fc4a364cb6851f3,66144,1,lossless_jpeg_metadata_strip_preserve_orientation_v2,,,
datasets/corn-field-pest-v2/train/leaf_beetle_unknown/img_54ac50527c6ce4fc3bf9879b.jpg,train,leaf_beetle_unknown,ccmt,CC BY 4.0,grp_0be63ef01b9db2608031fe3b,8a185b02d1fb2bea6aa7c83b859861b87a41e8a6ea5c420f592d3ef58be5e673,23124,1,lossless_jpeg_metadata_strip_preserve_orientation_v2,,,
datasets/corn-field-pest-v2/train/grasshopper_unknown/img_e23265f0dc330e6b3a585713.jpg,train,grasshopper_unknown,ccmt,CC BY 4.0,grp_b045283118a47a6cb231bad5,a222a342cc421a17cda5682a38eb56a18f4de51d4962594c724fad05354f4924,40298,1,lossless_jpeg_metadata_strip_preserve_orientation_v2,,,
datasets/corn-field-pest-v2/val/leaf_beetle_unknown/img_4d21d2804072b84c1d36b99a.jpg,val,leaf_beetle_unknown,ccmt,CC BY 4.0,grp_7a7f811bc93e0dc1630529ba,966c94862c4e977a6c988f018a39eab92804ddfe106c5037430b401da588dd1b,39143,1,lossless_jpeg_metadata_strip_preserve_orientation_v2,,,
datasets/corn-field-pest-v2/train/healthy/img_f17746af0991727d935f7a34.jpg,train,healthy,tom2024,CC BY 4.0,grp_20ab34d23b50a722e3336b55,b77ac3830788a33bda5546774c00df3d30580e85c0be2041eea350774baafe6a,8037,1,lossless_jpeg_metadata_strip_preserve_orientation_v2,,,
datasets/corn-field-pest-v2/train/healthy/img_e9d392688c532f5a4dc2e599.jpg,train,healthy,tom2024,CC BY 4.0,grp_7ba4ceca38e4c81a295c5045,76757a160985eeaa67b1165574fcf50996c198b8b7e78b24287b5f9502a00c84,6204,1,lossless_jpeg_metadata_strip_preserve_orientation_v2,,,
datasets/corn-field-pest-v2/train/fall_armyworm/img_3c76b6e55c904e29777ce27a.jpg,train,fall_armyworm,tom2024,CC BY 4.0,grp_23da95c087e9dfb3f30bffc3,3edf37a768a131e61bb7568b38ba7e8cf843fbc65ee860c714b7da723d33f2fb,2513,1,lossless_jpeg_metadata_strip_preserve_orientation_v2,,,
datasets/corn-field-pest-v2/train/grasshopper_unknown/img_41bd1a5ae6607d0bdd85726d.jpg,train,grasshopper_unknown,ccmt,CC BY 4.0,grp_14d3f1367ae737a341436697,177a32ea01ba0c1684081aba5697a267ca354cca60291270b8e1b27694c825f3,35507,1,lossless_jpeg_metadata_strip_preserve_orientation_v2,,,
datasets/corn-field-pest-v2/train/leaf_beetle_unknown/img_8ad1539c92d575d0336de3f3.jpg,train,leaf_beetle_unknown,ccmt,CC BY 4.0,grp_a66836f512fdd1a76e5253b1,88460bef6a06df4a6a6601b381b9e0bf520a995dd9f83c6400a153243632208b,39596,1,lossless_jpeg_metadata_strip_preserve_orientation_v2,,,
datasets/corn-field-pest-v2/train/fall_armyworm/img_0dd22f7f5b1f6142f76a434a.jpg,train,fall_armyworm,tom2024,CC BY 4.0,grp_0ae1bae36acede8eae38c78f,ea713c0c4b5b54f89d1e71ad6c328739788dbc73aeab7243571a5b425c9d89e0,7577,1,lossless_jpeg_metadata_strip_preserve_orientation_v2,,,
datasets/corn-field-pest-v2/train/fall_armyworm/img_efecf461789f1127379a13ac.jpg,train,fall_armyworm,ccmt,CC BY 4.0,grp_65bdc9fda57659ee44020406,33fd030c6eac23c2110521b5279b27a871c4a3fdb7581ea24c9e9dbb0b778c73,35381,1,lossless_jpeg_metadata_strip_preserve_orientation_v2,,,
datasets/corn-field-pest-v2/train/grasshopper_unknown/img_945cc2879b2a26e8ad5ddf50.jpg,train,grasshopper_unknown,ccmt,CC BY 4.0,grp_0455c7ea9c8bdcbd4a785ad7,8fba369d8b3abadaef7d1887fda2a018b961c8f90981d96c17c47d9e1932f395,54634,1,lossless_jpeg_metadata_strip_preserve_orientation_v2,,,
datasets/corn-field-pest-v2/val/leaf_beetle_unknown/img_123f5e0c53ecbb052a50e820.jpg,val,leaf_beetle_unknown,ccmt,CC BY 4.0,grp_b37698b092c07679c8f7cb06,9d9bc8f6ffa07d74b004ad7a37e366bfb3cc2750b130f783b047d62224fbf9db,37089,1,lossless_jpeg_metadata_strip_preserve_orientation_v2,,,
datasets/corn-field-pest-v2/train/healthy/img_a8af8178adcfa627a49b667e.jpg,train,healthy,ccmt,CC BY 4.0,grp_1946652e6f7a00ab37baf9aa,3b3468560ca84744530efdf8c657e61bc2f3ab1ca4caf065cb1ed3c10b1fbf16,43809,1,lossless_jpeg_metadata_strip_preserve_orientation_v2,,,
datasets/corn-field-pest-v2/train/healthy/img_8b56ca945d21de42099900ed.jpg,train,healthy,tom2024,CC BY 4.0,grp_12b5bba4637b54ffb4c96c45,73cf77ba61676a5f100c5d9760cf22c11436f448379d666fc302a925a775e14b,4650,1,lossless_jpeg_metadata_strip_preserve_orientation_v2,,,
datasets/corn-field-pest-v2/train/leaf_beetle_unknown/img_98fb25d29d64c1d54cbba360.jpg,train,leaf_beetle_unknown,ccmt,CC BY 4.0,grp_9bbdb138e98cf43671e35093,ed854d85eac6f4db23a643adffef1391f2adf4efd3986013e1c1975110426aa4,19451,1,lossless_jpeg_metadata_strip_preserve_orientation_v2,,,
datasets/corn-field-pest-v2/train/leaf_beetle_unknown/img_94d894bd775393341bffd9fb.jpg,train,leaf_beetle_unknown,ccmt,CC BY 4.0,grp_1fa732a5913f0a62dbcd571f,1671da47d688e197fb3edd5fa12475490f16d0d64abc61ce478e4377805bf30f,26673,1,lossless_jpeg_metadata_strip_preserve_orientation_v2,,,
datasets/corn-field-pest-v2/val/grasshopper_unknown/img_dd840e8ffd9a34b5b1ddbee1.jpg,val,grasshopper_unknown,ccmt,CC BY 4.0,grp_26b0b35f315793f1f97829b0,8a9d95909149bed00633f352e27b85d3de829cc44d94ee9b849d628457eccaaf,44721,1,lossless_jpeg_metadata_strip_preserve_orientation_v2,,,
datasets/corn-field-pest-v2/train/leaf_beetle_unknown/img_391f64167b74f9ac11937e59.jpg,train,leaf_beetle_unknown,ccmt,CC BY 4.0,grp_3db0af18e2542aa7d97ee39f,be9e6f1c379dc0a815916a526ef04c0ba0815b2529dc2e4bd34473c2479ea59a,24905,1,lossless_jpeg_metadata_strip_preserve_orientation_v2,,,
datasets/corn-field-pest-v2/train/grasshopper_unknown/img_a4f18cc84dbd6afce4113c82.jpg,train,grasshopper_unknown,ccmt,CC BY 4.0,grp_3f838958711c75997256daf5,5547dce644fd24bb7a5ef3e39ebc81a0b954fb093cd273aa7899395eb7dcd290,55158,1,lossless_jpeg_metadata_strip_preserve_orientation_v2,,,
datasets/corn-field-pest-v2/val/grasshopper_unknown/img_275d8abc2ed4970b18e75dd0.jpg,val,grasshopper_unknown,ccmt,CC BY 4.0,grp_9712a31f136fa26cb21bfbca,39d1425128fa29102c9a64af02cf12a54bbac72549163ae7fc1b7ada048e713d,30332,1,lossless_jpeg_metadata_strip_preserve_orientation_v2,,,
datasets/corn-field-pest-v2/val/leaf_beetle_unknown/img_bb31a0a586c42bdb5e24cd78.jpg,val,leaf_beetle_unknown,ccmt,CC BY 4.0,grp_dd2428251e0157912267414b,5c32fd681a59e603577da1c43d448e809a2e614dd5641eb5be6bf7ee4db2e7ac,44848,1,lossless_jpeg_metadata_strip_preserve_orientation_v2,,,
datasets/corn-field-pest-v2/train/fall_armyworm/img_41aa819392de5bf1d84ee01e.jpg,train,fall_armyworm,ccmt,CC BY 4.0,grp_6afe67352189b8dde7cd502f,793dffacd701ebce62448c3df890cabe0a69d411cf851b3dc1de323c92677cb0,53094,1,lossless_jpeg_metadata_strip_preserve_orientation_v2,,,
datasets/corn-field-pest-v2/train/grasshopper_unknown/img_bd3b268e2935f786d0acd6c3.jpg,train,grasshopper_unknown,ccmt,CC BY 4.0,grp_8cb2dd195fb2f1406734d1f7,54c87c9d49e0221c488e2d9b19e3d1e692907b4c864588834e16af065480d4b4,72029,1,lossless_jpeg_metadata_strip_preserve_orientation_v2,,,
datasets/corn-field-pest-v2/val/fall_armyworm/img_485a12703ba05485219051d6.jpg,val,fall_armyworm,ccmt,CC BY 4.0,grp_2cc37e5b8ea93a972cba1d4e,1314624f47a08f734d2e3e4527638169e381d5c22b5e0dd208d8075294b0f67f,51180,1,lossless_jpeg_metadata_strip_preserve_orientation_v2,,,
datasets/corn-field-pest-v2/val/leaf_beetle_unknown/img_996cf4764e69b62a0169e01f.jpg,val,leaf_beetle_unknown,ccmt,CC BY 4.0,grp_657b95f235ea59cc2160788a,9636e33fe25ef85ac1dca8d75a46470bb8e4d465e5460136b45bfa15ddc9b4e7,27791,1,lossless_jpeg_metadata_strip_preserve_orientation_v2,,,
datasets/corn-field-pest-v2/train/leaf_beetle_unknown/img_f7a075e651b18720ad4dae1b.jpg,train,leaf_beetle_unknown,ccmt,CC BY 4.0,grp_41636bccd101cef757fd0d76,6bf441b3deda6752efbf87ca8a127c55aebb106e4ff61a0a3c5f6ff324c960da,21723,1,lossless_jpeg_metadata_strip_preserve_orientation_v2,,,
datasets/corn-field-pest-v2/train/leaf_beetle_unknown/img_ffa4b6ff496c30eb8467d63e.jpg,train,leaf_beetle_unknown,ccmt,CC BY 4.0,grp_70614e1177e51b25c2df3941,0ce2a02dd2435f9c07e19358b593f9ad40949d385e2ea4495ecb04f412d5e9d9,33602,1,lossless_jpeg_metadata_strip_preserve_orientation_v2,,,
datasets/corn-field-pest-v2/train/fall_armyworm/img_8f2bc7e508cfe0cd9588375d.jpg,train,fall_armyworm,tom2024,CC BY 4.0,grp_a4bfe09af5e2b69de1f6bf62,82113f839d73de48c1060a247cdccff7593f46ccc378a9b2bc5fc2d35beb2960,2040,1,lossless_jpeg_metadata_strip_preserve_orientation_v2,,,
datasets/corn-field-pest-v2/train/grasshopper_unknown/img_54dab0068c68f92a939473bc.jpg,train,grasshopper_unknown,ccmt,CC BY 4.0,grp_b3761144637147414c819f78,a11bfb7e7c0c44325f99ee2e436b1f852f847d8124b793d5eb36ce08c4876aa9,50462,1,lossless_jpeg_metadata_strip_preserve_orientation_v2,,,
datasets/corn-field-pest-v2/train/fall_armyworm/img_31b7554e1a9874bf87490de1.jpg,train,fall_armyworm,tom2024,CC BY 4.0,grp_7b7c8deb450c32538e6d4676,7b097c2354dc1b267138c0aeb70e6289fed2a71bbf527c580b8e07cb1ec33b32,5500,1,lossless_jpeg_metadata_strip_preserve_orientation_v2,,,
datasets/corn-field-pest-v2/train/fall_armyworm/img_f6298536c8295583f07f3d3d.jpg,train,fall_armyworm,tom2024,CC BY 4.0,grp_365c4ce507d6377ef8b212ac,c13e6bbe5af0e13e221ef5f1e6824c4e5ddef703d4aa5e0f1f1aacc516f810c6,8757,1,lossless_jpeg_metadata_strip_preserve_orientation_v2,,,
datasets/corn-field-pest-v2/train/leaf_beetle_unknown/img_7864fd520dd02f23babe92af.jpg,train,leaf_beetle_unknown,ccmt,CC BY 4.0,grp_f8a82520f9ceb61896455e07,e43d35bbf7334e892e0462d36f22ef7a6a7850f0e5451acea1b9a5e939c60150,42633,1,lossless_jpeg_metadata_strip_preserve_orientation_v2,,,
datasets/corn-field-pest-v2/val/grasshopper_unknown/img_5c174ff593fef9010f9bec4e.jpg,val,grasshopper_unknown,ccmt,CC BY 4.0,grp_ab562ee3824e6035c579372f,54566c33736b6ec1b322d1d8be51f8a33f04c02090db6bd08a34e5b4dce80009,44898,1,lossless_jpeg_metadata_strip_preserve_orientation_v2,,,
datasets/corn-field-pest-v2/train/leaf_beetle_unknown/img_924d95cc5ff06f562f8abb1a.jpg,train,leaf_beetle_unknown,ccmt,CC BY 4.0,grp_834aa82bfa6fd0d293f58a2b,e4ff431f31f91cc258344f85fafe100fd8e91a427d6adab0016db392da3c7927,34821,1,lossless_jpeg_metadata_strip_preserve_orientation_v2,,,
datasets/corn-field-pest-v2/train/fall_armyworm/img_8d6dd74a11cc7f10fa0fad64.jpg,train,fall_armyworm,ccmt,CC BY 4.0,grp_e01b9cc502644b148659be52,a452fe995c53ea25ee7120c0fcce8ee851bad7befb16ebf10047169af9ef5685,53779,1,lossless_jpeg_metadata_strip_preserve_orientation_v2,,,
datasets/corn-field-pest-v2/val/grasshopper_unknown/img_fdda0c52a2ecf0a1b2d943ae.jpg,val,grasshopper_unknown,ccmt,CC BY 4.0,grp_3e62edc79a2f09bb2c9eaf3d,045e27ecec5045a68b8f2a8abcb8c095dbb23236c4a4fb7e12212abec35b34f2,61570,1,lossless_jpeg_metadata_strip_preserve_orientation_v2,,,
datasets/corn-field-pest-v2/train/fall_armyworm/img_a20a7328ad1d0ac3bde2e23e.jpg,train,fall_armyworm,ccmt,CC BY 4.0,grp_085c54e03ba2c55c8bc94b26,9fde41d4967d83ea0379df524e1aab6fd872e7fd999154f890323b2b1ba97173,46101,1,lossless_jpeg_metadata_strip_preserve_orientation_v2,,,
datasets/corn-field-pest-v2/train/fall_armyworm/img_6f4809a42b4a6b05f00a10ec.jpg,train,fall_armyworm,tom2024,CC BY 4.0,grp_b37a5d24f094f553f93e1571,c157d22c8d0f6d4e4da195502dac85acf102eec3141eeac122560269fb4a0ca2,4115,1,lossless_jpeg_metadata_strip_preserve_orientation_v2,,,
datasets/corn-field-pest-v2/train/grasshopper_unknown/img_9594c1ef20ae5a4232fabf82.jpg,train,grasshopper_unknown,ccmt,CC BY 4.0,grp_54355618f1941e68169022c6,37b2f959ca65c1f02dd17a0d75496dd685d2a020bb86f89a82afa2acf4f6e1ef,24693,1,lossless_jpeg_metadata_strip_preserve_orientation_v2,,,
datasets/corn-field-pest-v2/val/leaf_beetle_unknown/img_907a833496771e0203254c0f.jpg,val,leaf_beetle_unknown,ccmt,CC BY 4.0,grp_eb90c2382b318ef98fe14c2f,fc706e0d41d2cf0b11b92bc89207a9f909c8e38db22224a663d588ac1e8bc774,39981,1,lossless_jpeg_metadata_strip_preserve_orientation_v2,,,
datasets/corn-field-pest-v2/train/healthy/img_dd198afbddbdb8717ff07bca.jpg,train,healthy,tom2024,CC BY 4.0,grp_ee1f30855c3d89342468b16f,eee0a62d601e332199bc8f0a73253cf796373bd245f3b188c4edd993e2217d75,8855,1,lossless_jpeg_metadata_strip_preserve_orientation_v2,,,
datasets/corn-field-pest-v2/train/fall_armyworm/img_f864982dce82a0be957bcb69.jpg,train,fall_armyworm,tom2024,CC BY 4.0,grp_2de06a23056ebea8a6f20f67,786b272a0800651a6f6a0e87589bf63b8bc6b1b15ba5adafefd28807c3c60954,3774,1,lossless_jpeg_metadata_strip_preserve_orientation_v2,,,
datasets/corn-field-pest-v2/train/leaf_beetle_unknown/img_06f6aa02f1e2b83cd7f4563c.jpg,train,leaf_beetle_unknown,ccmt,CC BY 4.0,grp_5db43d28d1872cd3b0b2447a,8a85ce2df3a79056fc98a973f11b79b6ec96fcc6aaefe4045963e24d457fb2b1,29601,1,lossless_jpeg_metadata_strip_preserve_orientation_v2,,,
datasets/corn-field-pest-v2/val/fall_armyworm/img_a4e3353014cdfc23d0db8519.jpg,val,fall_armyworm,tom2024,CC BY 4.0,grp_e4ea983a495ecb88f0f29339,1d53a0e7efb36f421313336a0958459bc592a193733689e0c363b899d1c9828c,8635,1,lossless_jpeg_metadata_strip_preserve_orientation_v2,,,
datasets/corn-field-pest-v2/train/healthy/img_e39642ebcdee92e7198e3f4a.jpg,train,healthy,ccmt,CC BY 4.0,grp_128ea83dbfc14b817ea759cd,ac464e79a70002d5632043f80921ddcd6c93dd73ae06364819c4fdf5194b7b5f,49339,1,lossless_jpeg_metadata_strip_preserve_orientation_v2,,,
datasets/corn-field-pest-v2/train/healthy/img_c1a35b83b6bb0404ea29a59b.jpg,train,healthy,tom2024,CC BY 4.0,grp_990331be1e4d294d93a7c7e3,73c00ad26f51b1534c7f65d87751123208f05e279373ed35be4d2a6f4bddd16e,5616,1,lossless_jpeg_metadata_strip_preserve_orientation_v2,,,
datasets/corn-field-pest-v2/train/grasshopper_unknown/img_ae1255dd493b90cce7276bc0.jpg,train,grasshopper_unknown,ccmt,CC BY 4.0,grp_f1565fba898c116e8375bd1f,ae8d628f16893be28ace66f9e1be3c420ff9be7f2e98b14b06b7ad3385993c8a,58961,1,lossless_jpeg_metadata_strip_preserve_orientation_v2,,,
datasets/corn-field-pest-v2/val/leaf_beetle_unknown/img_5a9c2fd83b6e91241f03539b.jpg,val,leaf_beetle_unknown,ccmt,CC BY 4.0,grp_e07d2070878c3a4d3703f131,b454c077dd43e40d60435c77885bae3149868414f51263ba4e46a5b13653df89,45925,1,lossless_jpeg_metadata_strip_preserve_orientation_v2,,,
datasets/corn-field-pest-v2/val/fall_armyworm/img_a2689884fab13fbbc5c0b5ad.jpg,val,fall_armyworm,tom2024,CC BY 4.0,grp_a64be4a868d00599187967a2,e64f45f803e0af85b0f90d0a5efdc7faa50c16c49623ab46a20c25c8d1cecdde,2687,1,lossless_jpeg_metadata_strip_preserve_orientation_v2,,,
datasets/corn-field-pest-v2/train/leaf_beetle_unknown/img_ea10e36f1a4ee6212a8e5cc5.jpg,train,leaf_beetle_unknown,ccmt,CC BY 4.0,grp_72a2b2d3a38de690f8456cc8,0cbcbdc979c543bff5b586c2a3171e2123d21e532f79f793204bf62cbe5dd1f0,30950,1,lossless_jpeg_metadata_strip_preserve_orientation_v2,,,
datasets/corn-field-pest-v2/train/leaf_beetle_unknown/img_3d7edcc703411d492a00f6cf.jpg,train,leaf_beetle_unknown,ccmt,CC BY 4.0,grp_aa2d1d3443c09358e9abe748,0e0af93cb044adc52f87f4f563e9c46a04fbfdf14062ccb4445e679387b012f8,42625,1,lossless_jpeg_metadata_strip_preserve_orientation_v2,,,
datasets/corn-field-pest-v2/val/grasshopper_unknown/img_04fb9504f284d5d9fa4d4784.jpg,val,grasshopper_unknown,ccmt,CC BY 4.0,grp_bcec39b43167d29878bb872e,d18992339b733af4b37a58ec78e368eb4f9bb5eec37bb5dfc50e109d7c849eb9,29431,1,lossless_jpeg_metadata_strip_preserve_orientation_v2,,,
datasets/corn-field-pest-v2/train/leaf_beetle_unknown/img_01d82b257cdbeaab42ac8b32.jpg,train,leaf_beetle_unknown,ccmt,CC BY 4.0,grp_07393b74fcd03734e0fb1d46,ac9eb1234d703b8382e9d5444bf0d23902ce2dd247d8ce1984c58ab76acbd0a4,19983,1,lossless_jpeg_metadata_strip_preserve_orientation_v2,,,
datasets/corn-field-pest-v2/train/fall_armyworm/img_b7fbf4e61f5b5fd8414cd092.jpg,train,fall_armyworm,tom2024,CC BY 4.0,grp_87dfda6f058348f6d7cc4dfd,9043b56eeabe253b54e9aa869d500ee340db3fde05cf6748e7eff5a998a61f57,4319,1,lossless_jpeg_metadata_strip_preserve_orientation_v2,,,
datasets/corn-field-pest-v2/val/healthy/img_667b3684f2c546ab0698abf3.jpg,val,healthy,ccmt,CC BY 4.0,grp_1c61fd6efa41b4922d82ff33,2bc27bd9c9c4da0c65882114a8ac5d2d59ec4dbbeb82ebe2f9ab4b8ea4cf87f8,52495,1,lossless_jpeg_metadata_strip_preserve_orientation_v2,,,
datasets/corn-field-pest-v2/train/healthy/img_dab144f63683585d0544c1f9.jpg,train,healthy,tom2024,CC BY 4.0,grp_12b5bba4637b54ffb4c96c45,5dd8ce5aeb2cfbb17ba3e303038f48114a3ef163b2b0c29ef7925c906d980fe2,7799,1,lossless_jpeg_metadata_strip_preserve_orientation_v2,,,
datasets/corn-field-pest-v2/train/healthy/img_5dd3c243c82e95512c01ee63.jpg,train,healthy,tom2024,CC BY 4.0,grp_4a52ea68f41661ee992fdc35,07cc2648210a5e400a058366e4e21992c3cf7cee207b98210c9ae8a1a10a2e51,3873,1,lossless_jpeg_metadata_strip_preserve_orientation_v2,,,
datasets/corn-field-pest-v2/train/leaf_beetle_unknown/img_fbbc01262d7d36627ef467a6.jpg,train,leaf_beetle_unknown,ccmt,CC BY 4.0,grp_9d5d43371b75f657374b9092,bfeeba71ad43fe3dd4c03ce4ae2b5aa07a469ce4ddc4342d464322c260987568,41407,1,lossless_jpeg_metadata_strip_preserve_orientation_v2,,,
datasets/corn-field-pest-v2/val/leaf_beetle_unknown/img_8619ef27d392fab11ccf22a7.jpg,val,leaf_beetle_unknown,ccmt,CC BY 4.0,grp_d597af97a3d361477f04e225,053b85b2b60a1618afe15091850d86993c93d10468a088f3338a1df8c782b914,44837,1,lossless_jpeg_metadata_strip_preserve_orientation_v2,,,
datasets/corn-field-pest-v2/train/grasshopper_unknown/img_449fbeec5d1e0a82a19ef1dd.jpg,train,grasshopper_unknown,ccmt,CC BY 4.0,grp_e17ad551d15c6d89ccbff877,d0b2373f563072ea36ecd6d9ff96116a28191f14ca59c28e075d0f3eb62dad4a,44371,1,lossless_jpeg_metadata_strip_preserve_orientation_v2,,,
datasets/corn-field-pest-v2/train/leaf_beetle_unknown/img_cdcc4ce337e084f43783c6b2.jpg,train,leaf_beetle_unknown,ccmt,CC BY 4.0,grp_a69c87072ba617e4cb3096f4,ca5e0fb2543b6f7e3018ca4966b788200737c964162659e2a1eb191a0f65844c,30268,1,lossless_jpeg_metadata_strip_preserve_orientation_v2,,,
datasets/corn-field-pest-v2/train/grasshopper_unknown/img_3bb87f579c920362b5637b4f.jpg,train,grasshopper_unknown,ccmt,CC BY 4.0,grp_1012a4fa18661fc7bacd7980,e009dde7829a4681e12b38658cd76a903312930e9a58ef48dba484f256c0de03,44991,1,lossless_jpeg_metadata_strip_preserve_orientation_v2,,,
datasets/corn-field-pest-v2/train/fall_armyworm/img_878bdd1c97c1a03101e7e611.jpg,train,fall_armyworm,tom2024,CC BY 4.0,grp_0a4a34710449ea4752bc4f36,98b6e5dce2ee9ef7286f0597f6e0528d418ed450ee86651c8c4984cb1976a89b,3771,1,lossless_jpeg_metadata_strip_preserve_orientation_v2,,,
datasets/corn-field-pest-v2/val/grasshopper_unknown/img_d7af75a23b0eecb8fd255fe7.jpg,val,grasshopper_unknown,ccmt,CC BY 4.0,grp_79d16db731bbe37a00e33c72,15c828fbb34fdeb9584462d1b867f40e15bac9a39c5dc3f8c2759f5b3594a596,28493,1,lossless_jpeg_metadata_strip_preserve_orientation_v2,,,
datasets/corn-field-pest-v2/val/leaf_beetle_unknown/img_807e6d509c432296ef7e05a2.jpg,val,leaf_beetle_unknown,ccmt,CC BY 4.0,grp_de4978156b76c5bde78d673f,6be89f90bfd47b92b4a9fbb7a357d08df632639f72ed6c7887f81ecf1a2bcfd4,30807,1,lossless_jpeg_metadata_strip_preserve_orientation_v2,,,
datasets/corn-field-pest-v2/train/grasshopper_unknown/img_4611708086493a72d2801cc5.jpg,train,grasshopper_unknown,ccmt,CC BY 4.0,grp_4f1c1f59bdf51f15870711df,8a8f9396b1aa921cd9125533799989900674284c65484192f873a2d975d49f70,24571,1,lossless_jpeg_metadata_strip_preserve_orientation_v2,,,
datasets/corn-field-pest-v2/train/leaf_beetle_unknown/img_3639ff2da36bcbe92a70d2a5.jpg,train,leaf_beetle_unknown,ccmt,CC BY 4.0,grp_f5647fc2e4f2397bea5eda3f,4eb8482c3ba2cb4f888162d0d1b170263e30ff46dab5276468edc133093878fc,36064,1,lossless_jpeg_metadata_strip_preserve_orientation_v2,,,
datasets/corn-field-pest-v2/train/fall_armyworm/img_92304ade001c91453b3f2b49.jpg,train,fall_armyworm,tom2024,CC BY 4.0,grp_509cd35acb86cdaddd9e618f,a32e7e88889fe046528c33cfc61e580d466e60dac8f1d220b589a8c360e910fa,6848,1,lossless_jpeg_metadata_strip_preserve_orientation_v2,,,
datasets/corn-field-pest-v2/train/leaf_beetle_unknown/img_ad634c02cfd417dcf4603ec6.jpg,train,leaf_beetle_unknown,ccmt,CC BY 4.0,grp_8422087de64b4d0ab7ad3433,fc3e7d46ee8cc828ffd97ee51ea3cf9dd3d99c22acc045f4c6743c0014da4a1a,15497,1,lossless_jpeg_metadata_strip_preserve_orientation_v2,,,
datasets/corn-field-pest-v2/train/leaf_beetle_unknown/img_37a3dc62980111ca6bcf359e.jpg,train,leaf_beetle_unknown,ccmt,CC BY 4.0,grp_96661c8d60a80811fa171574,19a1bd94854390144788cc78e59319ce6fe4a68ebc2a1f88916ec5dfca3a5ba8,47095,1,lossless_jpeg_metadata_strip_preserve_orientation_v2,,,
datasets/corn-field-pest-v2/train/fall_armyworm/img_c722e0b0bf9140579f7799ac.jpg,train,fall_armyworm,tom2024,CC BY 4.0,grp_009fa971f261ed078e6d037f,8c3f1ec3403606105b6fd25d78245b068baf410b1d3b807b99bd90f323dd6c92,2868,1,lossless_jpeg_metadata_strip_preserve_orientation_v2,,,
datasets/corn-field-pest-v2/val/grasshopper_unknown/img_6f6f53aca24b469ba18a457d.jpg,val,grasshopper_unknown,ccmt,CC BY 4.0,grp_bbd9327cade6a44b83597c5c,8feeb67650d2e2bf865176695cd45c966c022dab8105b3bd8167a93327d111b5,57536,1,lossless_jpeg_metadata_strip_preserve_orientation_v2,,,
datasets/corn-field-pest-v2/val/leaf_beetle_unknown/img_bc00da3193ea5bf01db45440.jpg,val,leaf_beetle_unknown,ccmt,CC BY 4.0,grp_5ea0ca2c8552e8a5575b7f72,d113a32f00929312edd13079d95ccf80d2b55fd73cd104d3e515a76740b9fe5d,48896,1,lossless_jpeg_metadata_strip_preserve_orientation_v2,,,
datasets/corn-field-pest-v2/train/healthy/img_3e00c7635e404b7cef908d94.jpg,train,healthy,tom2024,CC BY 4.0,grp_7ba4ceca38e4c81a295c5045,32c411f23dfef9d592f8dd7864eb850adc064e5234192916974c9f38d9ea63d2,10439,1,lossless_jpeg_metadata_strip_preserve_orientation_v2,,,
datasets/corn-field-pest-v2/train/grasshopper_unknown/img_081f03daddc44dfedace7f3e.jpg,train,grasshopper_unknown,ccmt,CC BY 4.0,grp_6bafa8018daa3f80befc04bd,35d9fb3977faee8ffa6a63675714e3efcd178c175ca9609ab7886c30bf2551cf,51207,1,lossless_jpeg_metadata_strip_preserve_orientation_v2,,,
datasets/corn-field-pest-v2/train/fall_armyworm/img_c8737e70fec0602b340152d8.jpg,train,fall_armyworm,tom2024,CC BY 4.0,grp_c28dc0c3d611ebe5165e5c96,b9074b4f9b80a1fe2d755db940eca9aa02012013051afab211bdd15f2234a5ae,8455,1,lossless_jpeg_metadata_strip_preserve_orientation_v2,,,
datasets/corn-field-pest-v2/train/grasshopper_unknown/img_b2067c0b4ffb7088e96a93b3.jpg,train,grasshopper_unknown,ccmt,CC BY 4.0,grp_94c235b1cf1a7096de2110e1,c142e55944a3295bc986d122e1b5ec407c4b886823fdc7f442d84f867357fe6b,26492,1,lossless_jpeg_metadata_strip_preserve_orientation_v2,,,
datasets/corn-field-pest-v2/train/fall_armyworm/img_2037b99a54faec4e47881490.jpg,train,fall_armyworm,ccmt,CC BY 4.0,grp_37264bd603af0d5da275d272,2c98c1d122e44eb543ec74dcf7e7811de74d7a9c59b1ad3b49a3bc116cde8eb6,55673,1,lossless_jpeg_metadata_strip_preserve_orientation_v2,,,
datasets/corn-field-pest-v2/train/grasshopper_unknown/img_307e43ea8c3217ee3ec051ef.jpg,train,grasshopper_unknown,ccmt,CC BY 4.0,grp_d9fe675a28bdad46b0520353,091076db0e727ec53f11d945d3b1665a2fc625c5322c53d9c09419fcfc9742d5,27811,1,lossless_jpeg_metadata_strip_preserve_orientation_v2,,,
datasets/corn-field-pest-v2/train/healthy/img_a61a9431f42d4322abd9d6fc.jpg,train,healthy,ccmt,CC BY 4.0,grp_9e3e11a7641f888093b779e9,4bb85f7a0f90a756789c585c4373a04d28e5ca7c06bb714fde39ecdd51daaba3,45173,1,lossless_jpeg_metadata_strip_preserve_orientation_v2,,,
datasets/corn-field-pest-v2/val/leaf_beetle_unknown/img_34c3647ba207fbe7568b2c91.jpg,val,leaf_beetle_unknown,ccmt,CC BY 4.0,grp_4c20394943b376792d46dcbd,e00d3a42aaa8383f89d3f5669b6ecafd2a693befd57b6cdbe6df32bc5d3aa007,42145,1,lossless_jpeg_metadata_strip_preserve_orientation_v2,,,
datasets/corn-field-pest-v2/train/leaf_beetle_unknown/img_4b2c5b806afb6bb5d970cd96.jpg,train,leaf_beetle_unknown,ccmt,CC BY 4.0,grp_112ec511aa2adf807f1710b1,e6f9c2cf7f1b6e7ffa1cf84857f74acbbf7c51dca2af0821026aa3919ac7a408,24771,1,lossless_jpeg_metadata_strip_preserve_orientation_v2,,,
datasets/corn-field-pest-v2/train/leaf_beetle_unknown/img_5dc38ec57dd04ab579481cc5.jpg,train,leaf_beetle_unknown,ccmt,CC BY 4.0,grp_0153ba23fc70bec4b05e7bdb,a71662fe41a1c78f94892b924627c84b6e9daed48184522fe311663a48f0a41f,54705,1,lossless_jpeg_metadata_strip_preserve_orientation_v2,,,
datasets/corn-field-pest-v2/train/leaf_beetle_unknown/img_bbd963e7c01a20a1fa579b0e.jpg,train,leaf_beetle_unknown,ccmt,CC BY 4.0,grp_037d921f651f2ee2728bd98d,99f6b5cbcf44c9cdc3156bb23da4bdaea242e0a3498961bfadb2a94457726c80,58455,1,lossless_jpeg_metadata_strip_preserve_orientation_v2,,,
datasets/corn-field-pest-v2/train/healthy/img_5e126881e45cb99c4121f1c4.jpg,train,healthy,ccmt,CC BY 4.0,grp_2e06380eb710a9d733bda0d1,3b73444982ba8dd3a9e73d3bfa2b963fa777f9ecb1aac338ae350e942ee1fb07,39585,1,lossless_jpeg_metadata_strip_preserve_orientation_v2,,,
datasets/corn-field-pest-v2/train/grasshopper_unknown/img_87aaa873a474b0109df38e6a.jpg,train,grasshopper_unknown,ccmt,CC BY 4.0,grp_af4f93400b5b11e777a22144,e42a3b1b99b33ff64acba8b5fc9480c28c9b3718714d3be6e739b36c0217f46b,36061,1,lossless_jpeg_metadata_strip_preserve_orientation_v2,,,
datasets/corn-field-pest-v2/val/leaf_beetle_unknown/img_bda91c0aedb5eeff08e2422d.jpg,val,leaf_beetle_unknown,ccmt,CC BY 4.0,grp_63de89a85365a9f4455bcf13,aa0a99ae141062815490532d37ef76b4402df828b747e4f5fd31a4d1ea7bf57c,45343,1,lossless_jpeg_metadata_strip_preserve_orientation_v2,,,
datasets/corn-field-pest-v2/train/fall_armyworm/img_e690b9de7e9e83e2e257453c.jpg,train,fall_armyworm,tom2024,CC BY 4.0,grp_5edc5bbc28437d8c2cd7a61c,140759c45709944ed7b6416dc1e4ac8adc775dcb7df638df077fd53f88ea1525,3820,1,lossless_jpeg_metadata_strip_preserve_orientation_v2,,,
datasets/corn-field-pest-v2/train/fall_armyworm/img_318d543e6cac8f9554f57718.jpg,train,fall_armyworm,ccmt,CC BY 4.0,grp_35217707997095e3f7fe5586,31f4c6eb2a918d0501c370733a6d762bca82775720994056a4ad686a4d3960de,31704,1,lossless_jpeg_metadata_strip_preserve_orientation_v2,,,
datasets/corn-field-pest-v2/train/leaf_beetle_unknown/img_62e41620205309e3b017ba7f.jpg,train,leaf_beetle_unknown,ccmt,CC BY 4.0,grp_2bc4e9a8a6fa5175c8f895e4,9eed359a180700819b1afac91a18fb2b94629e492f00fc766d1a3f8d1a9f63fe,23295,1,lossless_jpeg_metadata_strip_preserve_orientation_v2,,,
datasets/corn-field-pest-v2/train/leaf_beetle_unknown/img_33fe161aff1d6fa713879972.jpg,train,leaf_beetle_unknown,ccmt,CC BY 4.0,grp_d0b777475deed6a5495782e2,9f44d61b7c31e8d5e5617d5bffc496e3a743ce6c1fd3a79460cd2bbcfe60334b,36904,1,lossless_jpeg_metadata_strip_preserve_orientation_v2,,,
datasets/corn-field-pest-v2/train/healthy/img_5f655c3f3241d982f592c02e.jpg,train,healthy,tom2024,CC BY 4.0,grp_313d185c86561d1033110082,cd0d4b21160118609ba26a97912743b2946fa17362b3535ec2faf77fe2b84275,3948,1,lossless_jpeg_metadata_strip_preserve_orientation_v2,,,
datasets/corn-field-pest-v2/val/leaf_beetle_unknown/img_595739e25a3570f3b3c410f8.jpg,val,leaf_beetle_unknown,ccmt,CC BY 4.0,grp_e8692dccc9f76c5aed9f1dea,f2351a925a9f1eb68733c92c97c5f2756e731a52a1c639c596c4b8ce67e83c7c,41509,1,lossless_jpeg_metadata_strip_preserve_orientation_v2,,,
datasets/corn-field-pest-v2/train/grasshopper_unknown/img_140d631b9c9f63e46024f863.jpg,train,grasshopper_unknown,ccmt,CC BY 4.0,grp_ec65f9b96c7cc78bf92fc71b,e86e3a7db4cb1db3f60dd6726af0e2a7bb0b6172f846b81e25f0492a2f7f216c,71595,1,lossless_jpeg_metadata_strip_preserve_orientation_v2,,,
datasets/corn-field-pest-v2/train/leaf_beetle_unknown/img_23706c0497ec77641c14ef95.jpg,train,leaf_beetle_unknown,ccmt,CC BY 4.0,grp_eebccb96828b021ca7b028d9,7b6b5162ce471031e94969ad6f1d1c5d19a762ceeb69dedebff8a249fe51d11c,40199,1,lossless_jpeg_metadata_strip_preserve_orientation_v2,,,
datasets/corn-field-pest-v2/train/fall_armyworm/img_bc1874cf420f7d33d1e39da0.jpg,train,fall_armyworm,tom2024,CC BY 4.0,grp_6524807b6da4fe064ff9e07f,a36b9a2e6b1d23008fb0dfefa9e6ee818b5e081f52f52ad2af4bc45d83c2d565,7858,1,lossless_jpeg_metadata_strip_preserve_orientation_v2,,,
datasets/corn-field-pest-v2/train/leaf_beetle_unknown/img_12aadb181b3d1cd3e7aa37a1.jpg,train,leaf_beetle_unknown,ccmt,CC BY 4.0,grp_69b10da89f79b6e43e5bb1d7,7cefc6a065d56d982798b1c252b4e6f9d20ba04aea3e719661de7dbe3e717737,35315,1,lossless_jpeg_metadata_strip_preserve_orientation_v2,,,
datasets/corn-field-pest-v2/train/healthy/img_1b013ce1fe7cd960046049bb.jpg,train,healthy,tom2024,CC BY 4.0,grp_f799ab96097317c4fddc78a1,04c2d3896d5cbb7815b87cced0e2a4966d38a164dea8069810842d50f337cca8,3738,1,lossless_jpeg_metadata_strip_preserve_orientation_v2,,,
datasets/corn-field-pest-v2/train/fall_armyworm/img_1936ee7a68f9def53a43d50b.jpg,train,fall_armyworm,ccmt,CC BY 4.0,grp_b0d99487fc56c52bec519714,ad0ef17c57baf2f721311ac233ada9cca57760a81faffeb65b6a7141f5bfffae,67313,1,lossless_jpeg_metadata_strip_preserve_orientation_v2,,,
datasets/corn-field-pest-v2/val/fall_armyworm/img_b27a3e7792c6ea1d9ea8be2b.jpg,val,fall_armyworm,tom2024,CC BY 4.0,grp_baf866a19f85d2ff35b3af9f,8406389fe7c2a66e9774618aa89a898ee6fcbadbabd537d23b61714f6a562bb6,9784,1,lossless_jpeg_metadata_strip_preserve_orientation_v2,,,
datasets/corn-field-pest-v2/train/leaf_beetle_unknown/img_d48599d09a7d48ad8866730d.jpg,train,leaf_beetle_unknown,ccmt,CC BY 4.0,grp_366e59b339fc4e4d787b47b4,e9fb9ef3ceb903d6c5f21862f3ee35e3788a1b0ed30471a30cd3bebf0b93ad59,32833,1,lossless_jpeg_metadata_strip_preserve_orientation_v2,,,
datasets/corn-field-pest-v2/train/leaf_beetle_unknown/img_69bf792b61b6e209f81520c5.jpg,train,leaf_beetle_unknown,ccmt,CC BY 4.0,grp_e35cf3dd7bf4aa481de7592e,39cb784a9bab5ff584d29fda9b682d0564a4f420cf348ca01a8d5780f9d91544,23012,1,lossless_jpeg_metadata_strip_preserve_orientation_v2,,,
datasets/corn-field-pest-v2/train/leaf_beetle_unknown/img_674f869cd876bc74ce1b72fd.jpg,train,leaf_beetle_unknown,ccmt,CC BY 4.0,grp_cd82b58c8382152a9b70001e,fb3de9cd39ee836c0510fde0f6497757594b7e61b4cae770d8a828527944fb7e,38120,1,lossless_jpeg_metadata_strip_preserve_orientation_v2,,,
datasets/corn-field-pest-v2/train/maize_aphid_unknown/img_9062ce62196beb56f037605e.jpg,train,maize_aphid_unknown,yeesi,CC BY 4.0,grp_ed471b353f4a6b148da3d189,554d2b988b2ff3fdf542b13bcaf102e5aedc743cb8273407d9413411ce65315c,5184082,1,lossless_jpeg_metadata_strip_preserve_orientation_v2,,,
datasets/corn-field-pest-v2/val/grasshopper_unknown/img_15d253822405523f76e4614e.jpg,val,grasshopper_unknown,ccmt,CC BY 4.0,grp_03ceceb69b0ba2ff39c9151f,5423318490ef7e1c90ee67ab537743fcc68004360ccc95a45691f7f9b8ae7614,55755,1,lossless_jpeg_metadata_strip_preserve_orientation_v2,,,
datasets/corn-field-pest-v2/train/leaf_beetle_unknown/img_01871f6d73c8da36a8a2b258.jpg,train,leaf_beetle_unknown,ccmt,CC BY 4.0,grp_3ef6daff6aa90c07b8856c8d,01639e093de5001dacf6054a34cbcb7de7c37122e78aa74316b7b6282e33d47b,34069,1,lossless_jpeg_metadata_strip_preserve_orientation_v2,,,
datasets/corn-field-pest-v2/train/fall_armyworm/img_8fd2668f090baa60b70df9d1.jpg,train,fall_armyworm,tom2024,CC BY 4.0,grp_060101ab82fd5814b5ca47d0,53b0604151e1915a5d015217ef753f095656f2d6773ebe8331b5d7c0ae76b473,3646,1,lossless_jpeg_metadata_strip_preserve_orientation_v2,,,
datasets/corn-field-pest-v2/train/grasshopper_unknown/img_9eebc66f7fdfd34e9821f2e2.jpg,train,grasshopper_unknown,ccmt,CC BY 4.0,grp_c184eb4eff8e62a6f814b6b5,7023484083033b859cdff1d37bafab352ec8aad92d3ef0feb9eade8bb4e8f1c4,27584,1,lossless_jpeg_metadata_strip_preserve_orientation_v2,,,
datasets/corn-field-pest-v2/train/fall_armyworm/img_c163d5edca019bb0b980e9e5.jpg,train,fall_armyworm,tom2024,CC BY 4.0,grp_2f2394ecdf996e98202eaa52,a9bf231588e82a8c77823df4fa162a0864136ea0b7fc083083b27e617d893aa0,5017,1,lossless_jpeg_metadata_strip_preserve_orientation_v2,,,
datasets/corn-field-pest-v2/train/fall_armyworm/img_db73a5e9537f25b17b5bd6d7.jpg,train,fall_armyworm,tom2024,CC BY 4.0,grp_24ac99cb6b706b2d7b60f770,632d444401ee1bf2d8e15f238c6ad74431428ffd5a84e05ab80caffe95781ba1,12111,1,lossless_jpeg_metadata_strip_preserve_orientation_v2,,,
datasets/corn-field-pest-v2/train/leaf_beetle_unknown/img_0f4755ac60f36a9c72a96e14.jpg,train,leaf_beetle_unknown,ccmt,CC BY 4.0,grp_0847ff50fa6be2101da8c5cd,ac29223dfb177808839988b18cd58e17a69555bef396df2658c55791c2262a84,25137,1,lossless_jpeg_metadata_strip_preserve_orientation_v2,,,
datasets/corn-field-pest-v2/val/fall_armyworm/img_d4326344833832d133bd95a1.jpg,val,fall_armyworm,tom2024,CC BY 4.0,grp_b0dfefc1e5169d4e51eb0870,978624060c626c1fa0f7c76b210572613fab384110b6a64a546db32f22602ce5,4014,1,lossless_jpeg_metadata_strip_preserve_orientation_v2,,,
datasets/corn-field-pest-v2/val/leaf_beetle_unknown/img_f6e2cc6c3326682d1fb8f0cd.jpg,val,leaf_beetle_unknown,ccmt,CC BY 4.0,grp_2e7ea92003d1da99aacce63c,45127428007fb65f91d8a346cc58a7dc03b37da6d1614d627368ba1651e0a4f4,37393,1,lossless_jpeg_metadata_strip_preserve_orientation_v2,,,
datasets/corn-field-pest-v2/val/healthy/img_e1db12a1f6483af59e5b5458.jpg,val,healthy,tom2024,CC BY 4.0,grp_047b418caeb207bf8446cc93,3f36ad39f41f2acba578588af4c93e0604b89e93dd1e8ae2adfa1b0c630858aa,17068,1,lossless_jpeg_metadata_strip_preserve_orientation_v2,,,
datasets/corn-field-pest-v2/train/fall_armyworm/img_90ab4f9e2ed13b3a17373085.jpg,train,fall_armyworm,tom2024,CC BY 4.0,grp_eba0dd20cb7226a2dc553b10,f63457e6512a8f4fab81233d39404374879a213839adc1a38ee3c56966528b5d,20092,1,lossless_jpeg_metadata_strip_preserve_orientation_v2,,,
datasets/corn-field-pest-v2/train/leaf_beetle_unknown/img_f404b8d32037b11fc8066555.jpg,train,leaf_beetle_unknown,ccmt,CC BY 4.0,grp_c4e3869b45aa9cf97f5deb4f,dc4ad55f2ea79e655032fe491dc1f765003703dfe5207aa6368b9e2f2e379955,19738,1,lossless_jpeg_metadata_strip_preserve_orientation_v2,,,
datasets/corn-field-pest-v2/train/healthy/img_426762a682f714117d15af77.jpg,train,healthy,ccmt,CC BY 4.0,grp_e06fd561f339317d02e7bfda,cc84288750eb04a3a6d4919478b763c17224258f330234fc5aed6b529b5e41ed,48940,1,lossless_jpeg_metadata_strip_preserve_orientation_v2,,,
datasets/corn-field-pest-v2/train/grasshopper_unknown/img_6ad6c1a38b7c64330a60d954.jpg,train,grasshopper_unknown,ccmt,CC BY 4.0,grp_3e4362de8bdf4565560ab588,aff6a8b7d770fbd0de7a67bd04456ae972db07839a6bba113cf9a2eef93a1f6f,30120,1,lossless_jpeg_metadata_strip_preserve_orientation_v2,,,
datasets/corn-field-pest-v2/train/fall_armyworm/img_c35c8bfe778054147991298d.jpg,train,fall_armyworm,tom2024,CC BY 4.0,grp_800b9265dc699316e9726429,ef2f05f38de169a8413a266f49e36a01a850f4a874c4a8e486383d4662a04390,2917,1,lossless_jpeg_metadata_strip_preserve_orientation_v2,,,
datasets/corn-field-pest-v2/train/leaf_beetle_unknown/img_a8933eb414b29dc1cf0b92e2.jpg,train,leaf_beetle_unknown,ccmt,CC BY 4.0,grp_0cfd4ccfdae0e436be6773f2,f05190990879dbefe3574d322361766cae0d2af37133729ab8e303e937de9721,56661,1,lossless_jpeg_metadata_strip_preserve_orientation_v2,,,
datasets/corn-field-pest-v2/train/fall_armyworm/img_5bc5490a785831b31ed3f83b.jpg,train,fall_armyworm,ccmt,CC BY 4.0,grp_1f20c01c58fe0cf7a428c3e5,0395e7c9456d25e6eecbdf65c1d90dece09818bc4e8b0e703e064fdb0a5a594d,49976,1,lossless_jpeg_metadata_strip_preserve_orientation_v2,,,
datasets/corn-field-pest-v2/train/grasshopper_unknown/img_e94221aa09277bf600600cc3.jpg,train,grasshopper_unknown,ccmt,CC BY 4.0,grp_abd4b309d24345f4a350b4e2,fe6925674bccc0b4c439eb7ed5c360480bb654ce501a151f9a930dbdf65d126b,42112,1,lossless_jpeg_metadata_strip_preserve_orientation_v2,,,
datasets/corn-field-pest-v2/val/leaf_beetle_unknown/img_09ab5aa95966e8485f5f60a8.jpg,val,leaf_beetle_unknown,ccmt,CC BY 4.0,grp_5deab2e294d530293fe5e4d5,58a6e460d4eb8681c91a00678ddf90c6d50678e56b195aa1648a4a1113d723c7,43833,1,lossless_jpeg_metadata_strip_preserve_orientation_v2,,,
datasets/corn-field-pest-v2/train/healthy/img_007206e862afac063bdb21cb.jpg,train,healthy,ccmt,CC BY 4.0,grp_70a2de24ca9135aaa7284834,ad44c8b1d8e780cb60ca15b726e1b5d04bc348d6dccb414c0b30d279ea93254a,50052,1,lossless_jpeg_metadata_strip_preserve_orientation_v2,,,
datasets/corn-field-pest-v2/train/fall_armyworm/img_2ffeaf600f28ed7e39624b99.jpg,train,fall_armyworm,tom2024,CC BY 4.0,grp_26518c33ca4d68a721fafad7,b4f676b350e07e658c88cb6396b25f23c9de004a449108f73d747d6d97d8d391,7582,1,lossless_jpeg_metadata_strip_preserve_orientation_v2,,,
datasets/corn-field-pest-v2/train/leaf_beetle_unknown/img_23c107168958647b3e5d1236.jpg,train,leaf_beetle_unknown,ccmt,CC BY 4.0,grp_d91d9ec75c6b377275bd814b,b88e8c0200aa4c4ca7f430db4a340c719c42ce20f16609fcbc45c4e3e6237ecc,32953,1,lossless_jpeg_metadata_strip_preserve_orientation_v2,,,
datasets/corn-field-pest-v2/train/healthy/img_0fb9e3499fca78810b2e5726.jpg,train,healthy,tom2024,CC BY 4.0,grp_8a9e232ecbf30b929598b194,d19e7f52f35a668cf2e0e6b41534246abfab46bfe04398e7298b7910d21ceb87,5271,1,lossless_jpeg_metadata_strip_preserve_orientation_v2,,,
datasets/corn-field-pest-v2/val/grasshopper_unknown/img_385289d04373159f699cf75a.jpg,val,grasshopper_unknown,ccmt,CC BY 4.0,grp_66a30f2a6d349afcdb68bf9c,a5873f925cb28e061d378ccd24fe8228889e464c0397b4a74a75502d6e380c26,43786,1,lossless_jpeg_metadata_strip_preserve_orientation_v2,,,
datasets/corn-field-pest-v2/train/healthy/img_d5c5f6718164a9f1c4a13da9.jpg,train,healthy,tom2024,CC BY 4.0,grp_440e6771b305037e70b43ed1,bbf4b989e9c1dc8a30f3a49e9a9b026120bcb327c0a3a36002da1bc6a119ae3e,4278,1,lossless_jpeg_metadata_strip_preserve_orientation_v2,,,
datasets/corn-field-pest-v2/train/healthy/img_2eade8978fa6774408f9b67b.jpg,train,healthy,tom2024,CC BY 4.0,grp_6ccce3bd49848aab4bdac931,7f274c37530c4d092feb3dc7b7c563379d9d9701e96abcfc03b0dd384b5eb209,11611,1,lossless_jpeg_metadata_strip_preserve_orientation_v2,,,
datasets/corn-field-pest-v2/train/leaf_beetle_unknown/img_410395bd64f15ed81c462e9a.jpg,train,leaf_beetle_unknown,ccmt,CC BY 4.0,grp_e175637d41ea8c568b12c08b,994ac0bbc0de3e920d1e1feffe8111f91ebe0b076dd6e514536cbe85f3be6f05,30019,1,lossless_jpeg_metadata_strip_preserve_orientation_v2,,,
datasets/corn-field-pest-v2/train/fall_armyworm/img_267c82adef65a35d81a3baff.jpg,train,fall_armyworm,tom2024,CC BY 4.0,grp_24ac99cb6b706b2d7b60f770,572abe23a6dc955338b87ebb22d33c315334e1f7f4c988abe6f4b2df698f0b41,4762,1,lossless_jpeg_metadata_strip_preserve_orientation_v2,,,
datasets/corn-field-pest-v2/train/fall_armyworm/img_30721e6e9c0cb15e7231c35e.jpg,train,fall_armyworm,tom2024,CC BY 4.0,grp_739cc77155e9c4cabec7f109,2caf426786afd00ec1435c0cce600a01b739c4e93f373f1c0700698a99c13166,11602,1,lossless_jpeg_metadata_strip_preserve_orientation_v2,,,
datasets/corn-field-pest-v2/train/fall_armyworm/img_bed8f2628d2e0167d1435a98.jpg,train,fall_armyworm,tom2024,CC BY 4.0,grp_08b739412d9be7fe4389b25a,a9312d1b3ca2da9e9880d680e6f3bf7ade9711d69501e6d28560a47d7d7a06eb,6990,1,lossless_jpeg_metadata_strip_preserve_orientation_v2,,,
datasets/corn-field-pest-v2/train/leaf_beetle_unknown/img_e6f13e79f077714e6178b565.jpg,train,leaf_beetle_unknown,ccmt,CC BY 4.0,grp_4f55adde4caa8963055580d9,e18823e631e7cee6d8e5cf542e79b30bbd713f0162be7c6f479c4a5bcf291a86,34020,1,lossless_jpeg_metadata_strip_preserve_orientation_v2,,,
datasets/corn-field-pest-v2/train/healthy/img_145317b53b6dfa788c3b1e46.jpg,train,healthy,tom2024,CC BY 4.0,grp_6ccce3bd49848aab4bdac931,0704abe1e64b97fb4486fb6ede1280de8c951dd29960d5b7fa666931a6f5f64a,8252,1,lossless_jpeg_metadata_strip_preserve_orientation_v2,,,
datasets/corn-field-pest-v2/train/grasshopper_unknown/img_d8ecda8eb351c5355d480b82.jpg,train,grasshopper_unknown,ccmt,CC BY 4.0,grp_e8e19dcca247161ee96153e9,cca805cec86d3e78082c77c9636184192230538392a09644ec7661c69b110fc8,28275,1,lossless_jpeg_metadata_strip_preserve_orientation_v2,,,
datasets/corn-field-pest-v2/train/fall_armyworm/img_5c05d391c834c1e94efe4929.jpg,train,fall_armyworm,tom2024,CC BY 4.0,grp_e7fd3bb33d20f5952ece6657,96a98fb7ec82c06ac20274a138230c90b59354f25e66944d7abcb70fa811b352,7126,1,lossless_jpeg_metadata_strip_preserve_orientation_v2,,,
datasets/corn-field-pest-v2/train/healthy/img_b73fcea6a17a916c5ad506e1.jpg,train,healthy,tom2024,CC BY 4.0,grp_0e0eed13b8c24e02043516bf,127ba356f71a1d3267f5fc7dec62d9fb319c7b216fa4fbba99d4da80c6cdef24,5354,1,lossless_jpeg_metadata_strip_preserve_orientation_v2,,,
datasets/corn-field-pest-v2/train/healthy/img_b01290497724b68912a0eedf.jpg,train,healthy,ccmt,CC BY 4.0,grp_f2e88509667981ae0a3d1dc0,60f2b45923d21c0224d61cb57ac9244dd86a79c602f4c917ed466afb4312afea,39048,1,lossless_jpeg_metadata_strip_preserve_orientation_v2,,,
datasets/corn-field-pest-v2/train/leaf_beetle_unknown/img_7ba0ee3f4dbd09d045a15b4e.jpg,train,leaf_beetle_unknown,ccmt,CC BY 4.0,grp_71541d04d8dd66cc5436f28a,274b9d8aeb10f4e6b61cf8520eb81cc56bd146d00958f49d93065080b53cf7e3,25914,1,lossless_jpeg_metadata_strip_preserve_orientation_v2,,,
datasets/corn-field-pest-v2/val/grasshopper_unknown/img_3a36b8e964ee4de576a6bdad.jpg,val,grasshopper_unknown,ccmt,CC BY 4.0,grp_cdf1cf418d8010d454db9f2a,a676a559f1dc03de2a7a9bc89be2d5daf7e12d6dd9e97119f1f8a154f0b8331f,34215,1,lossless_jpeg_metadata_strip_preserve_orientation_v2,,,
datasets/corn-field-pest-v2/train/fall_armyworm/img_dec7b1e84f1202be95988bb6.jpg,train,fall_armyworm,ccmt,CC BY 4.0,grp_f7db97dc5925f2deee166242,37b029a0a1afc17ce11d0c21212251be2db92f947db4e69d7fb55c31143aa03b,34579,1,lossless_jpeg_metadata_strip_preserve_orientation_v2,,,
datasets/corn-field-pest-v2/train/leaf_beetle_unknown/img_4bfb19a6b8278f2b999b4756.jpg,train,leaf_beetle_unknown,ccmt,CC BY 4.0,grp_f948497896a224771a9b52d0,6258be3ac828b59c8a18674ff132f0b356a822359fcc6ed7c3ef7675937072e2,29670,1,lossless_jpeg_metadata_strip_preserve_orientation_v2,,,
datasets/corn-field-pest-v2/val/fall_armyworm/img_e3222881b885a43d25de080c.jpg,val,fall_armyworm,tom2024,CC BY 4.0,grp_12edc46574ae10c1a465254b,193f99ad37ee94b3d4c7d91de7d4b3e460823d2b8ef4c8c42a109990ba7dc226,6504,1,lossless_jpeg_metadata_strip_preserve_orientation_v2,,,
datasets/corn-field-pest-v2/train/leaf_beetle_unknown/img_1bfe77fe20cbbb908c843527.jpg,train,leaf_beetle_unknown,ccmt,CC BY 4.0,grp_f4302efb866acaed9b51bc9f,5cdbb9f4904a5254da092a247360fa72347d9dac4041ce9e4e2e8ed90666116c,41688,1,lossless_jpeg_metadata_strip_preserve_orientation_v2,,,
datasets/corn-field-pest-v2/val/leaf_beetle_unknown/img_1fe9a7af8e436a6d2e9ef928.jpg,val,leaf_beetle_unknown,ccmt,CC BY 4.0,grp_c145b265a28ad9796f7234d9,d9fe6cfe979602f7a34272e5084e41ea085adbfa54d784b0b90c16f02f6d9329,22322,1,lossless_jpeg_metadata_strip_preserve_orientation_v2,,,
datasets/corn-field-pest-v2/train/healthy/img_e663d95dee69b87eb9aeac7a.jpg,train,healthy,ccmt,CC BY 4.0,grp_f496dd53e772e548b26809a9,d4e6707775af9ba2738f6a87fd0c63618bac4fb3228a3e698a4c1cc410f74824,33648,1,lossless_jpeg_metadata_strip_preserve_orientation_v2,,,
datasets/corn-field-pest-v2/train/leaf_beetle_unknown/img_ea8cdfa874ae40d819522758.jpg,train,leaf_beetle_unknown,ccmt,CC BY 4.0,grp_f0b9fe2b0e593091ac4c8a1e,50f3594f97c6fd533dd0f3900c73dec18f22b8513bfd8b36ba004dedff02df7c,65307,1,lossless_jpeg_metadata_strip_preserve_orientation_v2,,,
datasets/corn-field-pest-v2/train/leaf_beetle_unknown/img_70685bfea6b15b889051005d.jpg,train,leaf_beetle_unknown,ccmt,CC BY 4.0,grp_37e7e20026fe8e2c430393e9,cfdbb81c2ff7307f1fcff372f72803bc088204f877f845e44d67efa4ebf67541,36031,1,lossless_jpeg_metadata_strip_preserve_orientation_v2,,,
datasets/corn-field-pest-v2/train/maize_aphid_unknown/img_6a7b2d706a045fc7b9987289.jpg,train,maize_aphid_unknown,yeesi,CC BY 4.0,grp_ed471b353f4a6b148da3d189,0204e405e7227dda2c5ed6b8fb43f35d0beaea96c9d3856fb1c291bb4a61558b,4515792,1,lossless_jpeg_metadata_strip_preserve_orientation_v2,,,
datasets/corn-field-pest-v2/train/grasshopper_unknown/img_9be97354acef66adcf39aa7f.jpg,train,grasshopper_unknown,ccmt,CC BY 4.0,grp_91b43c795cbb4455e9d75d70,fcc70291b015ff39ae06486aa0fc28ae75b5c8e09d2e3fa3defdbf4dedcd1999,40551,1,lossless_jpeg_metadata_strip_preserve_orientation_v2,,,
datasets/corn-field-pest-v2/train/grasshopper_unknown/img_9135b7198a2bee18950a8e57.jpg,train,grasshopper_unknown,ccmt,CC BY 4.0,grp_54d82744144b27c5de5ec90b,6bd527ee1c2fa9f0e6b1e4fdd39813b1024516079500633905d1ee35baa26960,36069,1,lossless_jpeg_metadata_strip_preserve_orientation_v2,,,
datasets/corn-field-pest-v2/train/leaf_beetle_unknown/img_b327ad79ec745552d9f3e928.jpg,train,leaf_beetle_unknown,ccmt,CC BY 4.0,grp_494f97b032bd3ae26ca943dc,89e67eb89106bebccd9315706a34d669a745c3202ea092c0cc8c2a88c9930723,50593,1,lossless_jpeg_metadata_strip_preserve_orientation_v2,,,
datasets/corn-field-pest-v2/train/grasshopper_unknown/img_975fe9b62d51c027e0ec82eb.jpg,train,grasshopper_unknown,ccmt,CC BY 4.0,grp_661630492a098b642009c09d,dcf7c051389e581b152e48d880b7e7df5b1cc944cb65cb223b6be0c03d9fab29,34348,1,lossless_jpeg_metadata_strip_preserve_orientation_v2,,,
datasets/corn-field-pest-v2/train/grasshopper_unknown/img_3553b97752a67cbe27009ffc.jpg,train,grasshopper_unknown,ccmt,CC BY 4.0,grp_14f102bc35192129ff3c0c99,c6c68e9a435bbd3e11bfcff3e41692a75f62dfd84a3dbd8c58ec83e71512906d,41702,1,lossless_jpeg_metadata_strip_preserve_orientation_v2,,,
datasets/corn-field-pest-v2/val/fall_armyworm/img_7b8b13dc4e17bb79186b83ea.jpg,val,fall_armyworm,tom2024,CC BY 4.0,grp_a6308395a6d7c7beb813556c,64b75f3b28e710a81454c61dc0c515c9d7c73bbcd4186ff729ea05dd1e789166,3224,1,lossless_jpeg_metadata_strip_preserve_orientation_v2,,,
datasets/corn-field-pest-v2/train/grasshopper_unknown/img_f3d2808e1fcdbf9dc1373c4c.jpg,train,grasshopper_unknown,ccmt,CC BY 4.0,grp_2ffcec7836b8bd5e82cee490,67b2a633a1a13ad6a14c06b7bbdb974360c482e9c18b346bb579489a7cdb13b2,62109,1,lossless_jpeg_metadata_strip_preserve_orientation_v2,,,
datasets/corn-field-pest-v2/train/grasshopper_unknown/img_9956c108f84eac94f0f592a0.jpg,train,grasshopper_unknown,ccmt,CC BY 4.0,grp_0fb7ed58c4fa9f0268541e2d,0f3adff1d99f2c8fd083d132913b9aa514c94fcf55572ae30f9aa69e6595d5de,44857,1,lossless_jpeg_metadata_strip_preserve_orientation_v2,,,
datasets/corn-field-pest-v2/train/healthy/img_9e471a203735ef197a002883.jpg,train,healthy,ccmt,CC BY 4.0,grp_57640628c68b9d1153f5218e,78d55df06c1d56229c001467d579278a5c2ae859d403b1d6c97863d14f504f21,35228,1,lossless_jpeg_metadata_strip_preserve_orientation_v2,,,
datasets/corn-field-pest-v2/train/leaf_beetle_unknown/img_bdaea748a8aad1b654bce97f.jpg,train,leaf_beetle_unknown,ccmt,CC BY 4.0,grp_b0fd58673c7d4d11a0a0f27d,dc67e2870458ca0547e1751dc9a3adceec2d8d5938346b627c3dbb4486737240,38711,1,lossless_jpeg_metadata_strip_preserve_orientation_v2,,,
datasets/corn-field-pest-v2/train/grasshopper_unknown/img_5aad42a7358251941f003291.jpg,train,grasshopper_unknown,ccmt,CC BY 4.0,grp_dea7086812d62d3bdfaab9b2,053d656555f1daf664c6b1d53b06a840c1b074575a57dc27f720081124ca5004,48233,1,lossless_jpeg_metadata_strip_preserve_orientation_v2,,,
datasets/corn-field-pest-v2/train/fall_armyworm/img_4a29f4b7669e911ba895f9e0.jpg,train,fall_armyworm,ccmt,CC BY 4.0,grp_440eab71416a56ee417af5a3,04b278c9ec9c845a870a5a6e70f7156d024ab2a16a89d581da0fa744dfc98b1b,40670,1,lossless_jpeg_metadata_strip_preserve_orientation_v2,,,
datasets/corn-field-pest-v2/val/healthy/img_1afe24bb19a9a74a5bedb414.jpg,val,healthy,tom2024,CC BY 4.0,grp_5921cfae928640a203796a47,dc13aa511447cb2149b0c9aa5b715a27aa2cf1693908e0f91f944395d939250c,4305,1,lossless_jpeg_metadata_strip_preserve_orientation_v2,,,
datasets/corn-field-pest-v2/train/fall_armyworm/img_e3ec48befe5fa4bdff174bde.jpg,train,fall_armyworm,ccmt,CC BY 4.0,grp_6975f9e70e29a8278f8d5612,8e8b1addc8d46d43e2423627eb83d69a87192292974173ec18bcd2aa0f1206e8,46339,1,lossless_jpeg_metadata_strip_preserve_orientation_v2,,,
datasets/corn-field-pest-v2/train/healthy/img_63aac0e87f17df0dd56cf7ce.jpg,train,healthy,ccmt,CC BY 4.0,grp_df19473d59a9eaf50cef9345,ccfd8e9029661f01cf06f51e3e95a9ef401fbbad314e322d14a745f0acca005e,53644,1,lossless_jpeg_metadata_strip_preserve_orientation_v2,,,
datasets/corn-field-pest-v2/val/leaf_beetle_unknown/img_fa5ffa7d296803450c2542c3.jpg,val,leaf_beetle_unknown,ccmt,CC BY 4.0,grp_00c9b63ac9d507d57a53288c,69d89b7fea6a07cdd376f88660bd789e6dbdee22ff35e3c289e44db26bedbb80,28434,1,lossless_jpeg_metadata_strip_preserve_orientation_v2,,,
datasets/corn-field-pest-v2/train/healthy/img_26ca4390844c894a04b203ca.jpg,train,healthy,ccmt,CC BY 4.0,grp_23d40a0171eabaf52be9dfff,9369ace6b1f146f7d5c3a83ef6d911bf361b5801c320feee66e403e2f4ee80a2,47280,1,lossless_jpeg_metadata_strip_preserve_orientation_v2,,,
datasets/corn-field-pest-v2/train/fall_armyworm/img_0240d47b050cb220a81b4247.jpg,train,fall_armyworm,tom2024,CC BY 4.0,grp_45f9a36696756a38a71c93b4,f72a6735422b77a20951b1270d1aa544dbfdce18d7f1044de9bd2fb16aeded33,7333,1,lossless_jpeg_metadata_strip_preserve_orientation_v2,,,
datasets/corn-field-pest-v2/train/healthy/img_5dfb64764d7e8a16946382ed.jpg,train,healthy,ccmt,CC BY 4.0,grp_f4d0fa1cbc51602aa8869aa4,94c4d636475f759295d5403e482703a91a69aa3710db317e06ed2856003f8d4d,45600,1,lossless_jpeg_metadata_strip_preserve_orientation_v2,,,
datasets/corn-field-pest-v2/val/grasshopper_unknown/img_e8a63b8b3ae128a18c80e645.jpg,val,grasshopper_unknown,ccmt,CC BY 4.0,grp_023f53d97faaa0326cbc3704,c7586fe423e522d41c0baa2c0a175d9031a55e58bf92a5df8307716c17f74fb8,58662,1,lossless_jpeg_metadata_strip_preserve_orientation_v2,,,
datasets/corn-field-pest-v2/train/fall_armyworm/img_82fca67bdc620b18a056d963.jpg,train,fall_armyworm,tom2024,CC BY 4.0,grp_d4d156b37c81b4098332a1f7,0b00f0b34d670dd03a69846ae4a6789ac5e2ea29c73264325c3674fe1eaa1b99,17384,1,lossless_jpeg_metadata_strip_preserve_orientation_v2,,,
datasets/corn-field-pest-v2/train/leaf_beetle_unknown/img_ac1a3e579a411b056969f60c.jpg,train,leaf_beetle_unknown,ccmt,CC BY 4.0,grp_196acf4b0d74c26c1a10e344,fc65ca1864ff903a5be11ee1a8fa04e2218b9f93a4cd8b001958c39f484463e8,27122,1,lossless_jpeg_metadata_strip_preserve_orientation_v2,,,
datasets/corn-field-pest-v2/val/grasshopper_unknown/img_0a957bd26961305d994484c5.jpg,val,grasshopper_unknown,ccmt,CC BY 4.0,grp_348233a5590c94a9382ff2be,b6ac2db0bd8621bb08d1a83ccfa970b6635c7aaaa58bec65bc9d7ec14148b676,29384,1,lossless_jpeg_metadata_strip_preserve_orientation_v2,,,
datasets/corn-field-pest-v2/train/leaf_beetle_unknown/img_784e87ed479653125f57484e.jpg,train,leaf_beetle_unknown,ccmt,CC BY 4.0,grp_e6122c810373b603a6086a50,68fe5f8bc59b13ce036ed146010452d3fd316063b54cd2c50b0e98a27f7bd8e0,35072,1,lossless_jpeg_metadata_strip_preserve_orientation_v2,,,
datasets/corn-field-pest-v2/train/leaf_beetle_unknown/img_a09e6cd112ac0cc7ae0038b1.jpg,train,leaf_beetle_unknown,ccmt,CC BY 4.0,grp_b91de75d902bb08737f96009,d31397ef7e01fc76dac9727b267eb86e753f83690d8a15d9b5937bcb72942110,28396,1,lossless_jpeg_metadata_strip_preserve_orientation_v2,,,
datasets/corn-field-pest-v2/train/healthy/img_35f7e0a90ac31176fbc38028.jpg,train,healthy,ccmt,CC BY 4.0,grp_efd1808b342670b39cffdd12,06bf7cca45573199d17c6f306f9ad4a661c4520d2c3f4a5dfb603ae1fb3fa43e,32781,1,lossless_jpeg_metadata_strip_preserve_orientation_v2,,,
datasets/corn-field-pest-v2/train/grasshopper_unknown/img_437960b9f3744f2778fbc77c.jpg,train,grasshopper_unknown,ccmt,CC BY 4.0,grp_f1dd669fb28a3716895c027f,aa809ab9915c619865da482bc635466892aab715ba900f777f653e43b314039c,32390,1,lossless_jpeg_metadata_strip_preserve_orientation_v2,,,
datasets/corn-field-pest-v2/train/healthy/img_232b0dbacbf0842b1dea339c.jpg,train,healthy,tom2024,CC BY 4.0,grp_40fc7c173df26dd83eda28ff,f84a72292760bde9a656a4e4d4c83dd9d11f1e246fe95161e52ac63062cfd218,3764,1,lossless_jpeg_metadata_strip_preserve_orientation_v2,,,
datasets/corn-field-pest-v2/train/leaf_beetle_unknown/img_cb4d41f491be801fb62fdd76.jpg,train,leaf_beetle_unknown,ccmt,CC BY 4.0,grp_5e799170d274fd1a1a837658,8725f4a9b92a3ca7847351768a756f84af9875486a5ef7b73b6aaf7bfba3339f,23607,1,lossless_jpeg_metadata_strip_preserve_orientation_v2,,,
datasets/corn-field-pest-v2/train/leaf_beetle_unknown/img_39dda96c9d0d9ba775b79a76.jpg,train,leaf_beetle_unknown,ccmt,CC BY 4.0,grp_5e6a582a05ae33ef50712ec5,f3be261591502d7ecdc9cc1f845feef5ef6f861daad99340f2394f031a2df6db,39859,1,lossless_jpeg_metadata_strip_preserve_orientation_v2,,,
datasets/corn-field-pest-v2/val/leaf_beetle_unknown/img_8f9f4b5a9796a2f7d39d728c.jpg,val,leaf_beetle_unknown,ccmt,CC BY 4.0,grp_d5303b56c86395f0267a1d23,ce031b620d806df063cc58f591d3d0374cc9d2e84caf5165a6f490612c900356,35433,1,lossless_jpeg_metadata_strip_preserve_orientation_v2,,,
datasets/corn-field-pest-v2/train/fall_armyworm/img_73a684b3e086dea218f01932.jpg,train,fall_armyworm,ccmt,CC BY 4.0,grp_27523201cea5bf1be1497ad9,77706b73987033640d2d538c76bce1e9eff9046ce763f05bbd250ec1bef4bee6,27598,1,lossless_jpeg_metadata_strip_preserve_orientation_v2,,,
datasets/corn-field-pest-v2/train/grasshopper_unknown/img_81cc2b3d1cf27a991921cb05.jpg,train,grasshopper_unknown,ccmt,CC BY 4.0,grp_406190a58bd8ed6f23493a0a,aaee7e920d1988fb8c4a67d88bdc90945b8c586bab4616dc77006c75633102d3,60290,1,lossless_jpeg_metadata_strip_preserve_orientation_v2,,,
datasets/corn-field-pest-v2/train/leaf_beetle_unknown/img_87c2a8bc281d5a0a73a59f04.jpg,train,leaf_beetle_unknown,ccmt,CC BY 4.0,grp_883ea42c798ca755292c608c,4f8e97c9026d7a70138ed2bfabadbd4ef94902942f7012d4e759deed08dedf1f,23322,1,lossless_jpeg_metadata_strip_preserve_orientation_v2,,,
datasets/corn-field-pest-v2/train/leaf_beetle_unknown/img_f1a1b5d1e132d30a516133ea.jpg,train,leaf_beetle_unknown,ccmt,CC BY 4.0,grp_0ab21d23485b3b203841a50e,59ca59b3a00dcad37bd70520ff5298314f2446e42be3cc192d9e875ac3785b38,23912,1,lossless_jpeg_metadata_strip_preserve_orientation_v2,,,
datasets/corn-field-pest-v2/train/leaf_beetle_unknown/img_1abb73d306d2a128f3423b6b.jpg,train,leaf_beetle_unknown,ccmt,CC BY 4.0,grp_21fe31864b4f6f7dccf30c93,2a361e6ace09c0006fc7f7a7194939876651bd0c3440316a4d4c2bb62c9ada4e,20956,1,lossless_jpeg_metadata_strip_preserve_orientation_v2,,,
datasets/corn-field-pest-v2/train/leaf_beetle_unknown/img_d8823be84749d146ec26f420.jpg,train,leaf_beetle_unknown,ccmt,CC BY 4.0,grp_53cb9ce9cd18384d4b23113d,27c867784b5b2a13b9814af31142d5d8cbd976405b7babe9982bf8808195d734,20219,1,lossless_jpeg_metadata_strip_preserve_orientation_v2,,,
datasets/corn-field-pest-v2/val/grasshopper_unknown/img_ead8f51c04446c3c8bddd5eb.jpg,val,grasshopper_unknown,ccmt,CC BY 4.0,grp_bef1f72ce9f621c5ffc7c567,d6a2e56c349ad507bf8687d360d4eb2cad0c84b14c79bade50198117480ff800,43409,1,lossless_jpeg_metadata_strip_preserve_orientation_v2,,,
datasets/corn-field-pest-v2/train/fall_armyworm/img_95bfeeb6cf5e15c517905cfd.jpg,train,fall_armyworm,tom2024,CC BY 4.0,grp_3c2ef26fa3aef9cd9a8cda6c,57ecc20459477e761af01460e99984ed29b6405fbe21f45268341b236c61306a,7268,1,lossless_jpeg_metadata_strip_preserve_orientation_v2,,,
datasets/corn-field-pest-v2/val/fall_armyworm/img_50bdefa28c32cd198c573fb8.jpg,val,fall_armyworm,tom2024,CC BY 4.0,grp_18059f1786da232ab647d97e,198fec7c26b7c93809ac6cc8fc62560f0f74dd9cc55f815ae4855988ba3555c1,9888,1,lossless_jpeg_metadata_strip_preserve_orientation_v2,,,
datasets/corn-field-pest-v2/train/fall_armyworm/img_1e6ef31f8a69c4f36cc4034a.jpg,train,fall_armyworm,ccmt,CC BY 4.0,grp_cfc8a87a42f34cb413a53c3b,1181982e334eec005e3d87f85fef111916f1331abb02a54b188f6a565bc64162,59727,1,lossless_jpeg_metadata_strip_preserve_orientation_v2,,,
datasets/corn-field-pest-v2/train/leaf_beetle_unknown/img_8ad67ed3c1162f1b3afcd63b.jpg,train,leaf_beetle_unknown,ccmt,CC BY 4.0,grp_e92a6765c875adf75ac807f3,6de6e1196f16930306ffb837ccf5030edb824ec1f1855f13046d6adeaf6d72a5,37527,1,lossless_jpeg_metadata_strip_preserve_orientation_v2,,,
datasets/corn-field-pest-v2/train/fall_armyworm/img_340124fcc28adc7e1af17d8b.jpg,train,fall_armyworm,tom2024,CC BY 4.0,grp_3dd17b7f933d892e26b223c2,944a426e1a6a7c0c80d1b692860985c68690109bc29b386c38bb12a684732846,4280,1,lossless_jpeg_metadata_strip_preserve_orientation_v2,,,
datasets/corn-field-pest-v2/val/maize_aphid_unknown/img_f2e0813d9132d27d96208358.jpg,val,maize_aphid_unknown,yeesi,CC BY 4.0,grp_1a075beb064f54e8059f91fe,f5c7b6386dcd698c23b64134ef2a51616145d72087819e0474f481e85bfae65a,2003193,1,lossless_jpeg_metadata_strip_preserve_orientation_v2,,,
datasets/corn-field-pest-v2/val/leaf_beetle_unknown/img_956fdfb5c9d0ada2011dc941.jpg,val,leaf_beetle_unknown,ccmt,CC BY 4.0,grp_b04b79c7225bd440927cf2a6,d6a6a5d84c724f9cf55ad78486ddaa66f4e584a8e9306c4f5e60b9f17a01b8cc,27909,1,lossless_jpeg_metadata_strip_preserve_orientation_v2,,,
datasets/corn-field-pest-v2/val/healthy/img_2dca4a942aedf464def9634f.jpg,val,healthy,ccmt,CC BY 4.0,grp_6b34e7e82c7737319e678cae,a7c7a8492e1dc96349da108860801720d4ad052b920007624bb39624aece758e,41590,1,lossless_jpeg_metadata_strip_preserve_orientation_v2,,,
datasets/corn-field-pest-v2/train/fall_armyworm/img_2a637a417f3f11661e156d02.jpg,train,fall_armyworm,ccmt,CC BY 4.0,grp_9c61ef2bb1a9566f1460327f,79e3ac928ac71d7d64778125aac90d2a7afa065e07c7e97148fe34071c651ec8,68768,1,lossless_jpeg_metadata_strip_preserve_orientation_v2,,,
datasets/corn-field-pest-v2/train/leaf_beetle_unknown/img_85bce00b349fd2156ab2111b.jpg,train,leaf_beetle_unknown,ccmt,CC BY 4.0,grp_2050998b67e5582d1cacedae,6bd13674e956c53684366c7b6070c8b058fe4fb394609fd455aa9885e3d5d681,24720,1,lossless_jpeg_metadata_strip_preserve_orientation_v2,,,
datasets/corn-field-pest-v2/train/leaf_beetle_unknown/img_33e452dae110cbf6134a966f.jpg,train,leaf_beetle_unknown,ccmt,CC BY 4.0,grp_9a847b6154c4ae26d149c5e8,d5f1aa2eb27966289f9a6e0f8b96d6373439e9226d4fe7631ca975bfadcf5720,64653,1,lossless_jpeg_metadata_strip_preserve_orientation_v2,,,
datasets/corn-field-pest-v2/train/healthy/img_b84c6323ed0d4807610535b0.jpg,train,healthy,tom2024,CC BY 4.0,grp_40239afba312820b68524f1f,82fcf46beed8f49909e784032a59fde214f6670b555cd955ba321229fb213e9b,5848,1,lossless_jpeg_metadata_strip_preserve_orientation_v2,,,
datasets/corn-field-pest-v2/train/grasshopper_unknown/img_d28c6b4ff0b4ea3d478fc669.jpg,train,grasshopper_unknown,ccmt,CC BY 4.0,grp_e735466bee45d0493f0afe10,a692f674930e17a5f2efafb598f8c8bac14dda3d4c94a118094eb66038a04619,54927,1,lossless_jpeg_metadata_strip_preserve_orientation_v2,,,
datasets/corn-field-pest-v2/val/fall_armyworm/img_0d4cbae36a5b95653bd77164.jpg,val,fall_armyworm,tom2024,CC BY 4.0,grp_67a20ddcb7a6514c4843a1bb,fbd84e7298b23402e7d29521ca0b053af4c09b16f88dc5daa5ca809281a7fe53,3419,1,lossless_jpeg_metadata_strip_preserve_orientation_v2,,,
datasets/corn-field-pest-v2/train/leaf_beetle_unknown/img_27ffdd019f78a0e0f36bbb41.jpg,train,leaf_beetle_unknown,ccmt,CC BY 4.0,grp_c12a63ee05b94cf149fb500c,636ee3288bae524d2f60bf403ce9407ac33df9f0098a00103fef3b8140b40897,27437,1,lossless_jpeg_metadata_strip_preserve_orientation_v2,,,
datasets/corn-field-pest-v2/train/healthy/img_1a3ea43cc76eb50de2065eda.jpg,train,healthy,tom2024,CC BY 4.0,grp_6868cc4bf72aa05994a2c09e,1f27ff8fb1d6cd5f969a4ef8dc82bd31269c3ce2e0f621c07843d6dab2007062,29831,1,lossless_jpeg_metadata_strip_preserve_orientation_v2,,,
datasets/corn-field-pest-v2/train/leaf_beetle_unknown/img_ed8ac16cb915beae88fc6ef8.jpg,train,leaf_beetle_unknown,ccmt,CC BY 4.0,grp_0ebca989c28635b7ef54070a,757b2dd4529aa7b0c26b70f5c9e46f71d7ef2ce579f79de866d50a21340e89b6,33464,1,lossless_jpeg_metadata_strip_preserve_orientation_v2,,,
datasets/corn-field-pest-v2/train/leaf_beetle_unknown/img_0436a2781f22b5cc942a7384.jpg,train,leaf_beetle_unknown,ccmt,CC BY 4.0,grp_60a26dd88a89d4cb8c130739,7d0b3238ef5272d16ceb338438c60ea0d8512511057b3f0a7d49ff2c26758269,27738,1,lossless_jpeg_metadata_strip_preserve_orientation_v2,,,
datasets/corn-field-pest-v2/train/leaf_beetle_unknown/img_ca70e0fc998924c78fdce780.jpg,train,leaf_beetle_unknown,ccmt,CC BY 4.0,grp_aae909110fccad2e443d838f,ed6cab65d075881c6a127fd82255868d9dd6bef6f960af5f223c2dea9ece3536,23662,1,lossless_jpeg_metadata_strip_preserve_orientation_v2,,,
datasets/corn-field-pest-v2/train/leaf_beetle_unknown/img_d3d86fa089c5cba0dc2c30b9.jpg,train,leaf_beetle_unknown,ccmt,CC BY 4.0,grp_6b54c3b105cfeb1ead28255d,165360d419c23df13f3fe1d88e62a5587c88db1148e2015d7cc4c53bcdd6db56,29877,1,lossless_jpeg_metadata_strip_preserve_orientation_v2,,,
datasets/corn-field-pest-v2/train/healthy/img_55fc4535d0c6634e277abcce.jpg,train,healthy,ccmt,CC BY 4.0,grp_b5dbc9f859bd66080c6e42a1,8a537e80a8820d5ab930bd8c72ecdfae53d3fdb4a4dc4e905f19e219065f29f6,42678,1,lossless_jpeg_metadata_strip_preserve_orientation_v2,,,
datasets/corn-field-pest-v2/train/leaf_beetle_unknown/img_52d6c0746bc0b1ab5968771b.jpg,train,leaf_beetle_unknown,ccmt,CC BY 4.0,grp_5d9532413235e05a2de79593,7385861e6fb34a509ecc00239442c331d7d449e375fb3f077909eb10d1b3a6e2,61922,1,lossless_jpeg_metadata_strip_preserve_orientation_v2,,,
datasets/corn-field-pest-v2/train/fall_armyworm/img_88ed755250a59a7e8cf0add0.jpg,train,fall_armyworm,tom2024,CC BY 4.0,grp_503e4227d3f0c6024a931b5a,742373251e6f28dadf75516ec115d6becfaa5ce8fddf636710e54535ba149d6e,3426,1,lossless_jpeg_metadata_strip_preserve_orientation_v2,,,
datasets/corn-field-pest-v2/train/fall_armyworm/img_f9119f6fcd3ca64dad6d780c.jpg,train,fall_armyworm,tom2024,CC BY 4.0,grp_e62a24f48fd39301269fbdea,9f02ec5045f63bc81c6cb12c1ba228052099d616e54f0a8807b3a9843a28cde2,3983,1,lossless_jpeg_metadata_strip_preserve_orientation_v2,,,
datasets/corn-field-pest-v2/train/leaf_beetle_unknown/img_2a05be9acc5dca7135f8f4b1.jpg,train,leaf_beetle_unknown,ccmt,CC BY 4.0,grp_8b7bd072a26e915fcd2af84b,00bd7de0b1571472b8134febeecb869183b691fd59735afcc1fe8f65dc568d6f,47123,1,lossless_jpeg_metadata_strip_preserve_orientation_v2,,,
datasets/corn-field-pest-v2/train/grasshopper_unknown/img_d9484747989649edf535c70a.jpg,train,grasshopper_unknown,ccmt,CC BY 4.0,grp_b5197c32337c9b0216a24e3a,f93efcb5401fda92393173ec5f909ca35b4546a9799c6af7ac3df5bdaee69da2,52346,1,lossless_jpeg_metadata_strip_preserve_orientation_v2,,,
datasets/corn-field-pest-v2/val/grasshopper_unknown/img_bdd2d7ff724ea7490326c7ed.jpg,val,grasshopper_unknown,ccmt,CC BY 4.0,grp_12619a0e662cead7e4e4e660,3e91512ef0dee98f8d3cb6f08d61767af7ed9ca1b33b535a8c588b91a5adcb9c,34630,1,lossless_jpeg_metadata_strip_preserve_orientation_v2,,,
datasets/corn-field-pest-v2/val/healthy/img_1b0b35f6dc25d0ab8d1fe4eb.jpg,val,healthy,ccmt,CC BY 4.0,grp_bb72efcb1ae17c467cffa18b,9ad4cce33072164ce4438eb528bec1226da8d9389fad94cddd3a8322982774c7,55677,1,lossless_jpeg_metadata_strip_preserve_orientation_v2,,,
datasets/corn-field-pest-v2/train/leaf_beetle_unknown/img_077bf6e0d4d5bf0f7d55cd1a.jpg,train,leaf_beetle_unknown,ccmt,CC BY 4.0,grp_f6f63f0e0d29e1e3b5e34246,61625b61935e0a34616483677b9aeb202c840b6a7f05d7408c7de6ea08d12f1b,58058,1,lossless_jpeg_metadata_strip_preserve_orientation_v2,,,
datasets/corn-field-pest-v2/train/maize_aphid_unknown/img_a6160b8877afb60334c37c57.jpg,train,maize_aphid_unknown,yeesi,CC BY 4.0,grp_e0eb53623cb7844c5dfe7994,63cc83da4eb3ba4792a505f4eb2658cc5dcebe23f66ec5b50c77a744a58fd825,2629150,1,lossless_jpeg_metadata_strip_preserve_orientation_v2,,,
datasets/corn-field-pest-v2/train/healthy/img_e686883e1718e6fd5ee0137e.jpg,train,healthy,tom2024,CC BY 4.0,grp_ce045592c837b48fb09cb946,ff990349e0e84b4e86b8fddb8818f682a13af73096fb89349998b1c020354415,18483,1,lossless_jpeg_metadata_strip_preserve_orientation_v2,,,
datasets/corn-field-pest-v2/train/fall_armyworm/img_1b5169c9a93c27a34340d2d2.jpg,train,fall_armyworm,tom2024,CC BY 4.0,grp_209fbcb25df14bd5640d5847,1603e36025ce763d41893fa3af95c6f7d8901fb249a06b604846d6ea6daedd37,17130,1,lossless_jpeg_metadata_strip_preserve_orientation_v2,,,
datasets/corn-field-pest-v2/train/healthy/img_d9d23cc24c632013abbd2d72.jpg,train,healthy,tom2024,CC BY 4.0,grp_3540579cab1ad84f539f31eb,79c9a4fc5c30188b49863f9cec0a5b161d8d52d4b83b8688bbc4b815fd4f3006,3112,1,lossless_jpeg_metadata_strip_preserve_orientation_v2,,,
datasets/corn-field-pest-v2/train/leaf_beetle_unknown/img_79feb90906c4193531d01ffd.jpg,train,leaf_beetle_unknown,ccmt,CC BY 4.0,grp_2bef72f59c9e964bbd2340da,87bb5505f076f572b70a1b2a7fdf76d7b0a912221a2a7e37f69adb8cfa0958cc,44912,1,lossless_jpeg_metadata_strip_preserve_orientation_v2,,,
datasets/corn-field-pest-v2/train/leaf_beetle_unknown/img_a0009acfcde57ed3f8242ee6.jpg,train,leaf_beetle_unknown,ccmt,CC BY 4.0,grp_22cff5223c7d05830fb371f8,2da9cd4b9dbf65e390c435155258370a2097f67a372bf1dca6f1addd9320f5ca,44734,1,lossless_jpeg_metadata_strip_preserve_orientation_v2,,,
datasets/corn-field-pest-v2/train/leaf_beetle_unknown/img_e09bc7f6a51dfbe5664a399d.jpg,train,leaf_beetle_unknown,ccmt,CC BY 4.0,grp_00d33a3030140807023eff8d,0e28c9cc8c039ab145e78f2841e3dd7cd11e73fc25ba1ac7a61b7c244558455d,31507,1,lossless_jpeg_metadata_strip_preserve_orientation_v2,,,
datasets/corn-field-pest-v2/train/leaf_beetle_unknown/img_4a235d4d23f2cb95f4421b0d.jpg,train,leaf_beetle_unknown,ccmt,CC BY 4.0,grp_9cc584aa197990ce0a56662a,869181b8df08dcb7f9750d52e2f42f14759c5c7dc223d781b90c46670e041cf6,34653,1,lossless_jpeg_metadata_strip_preserve_orientation_v2,,,
datasets/corn-field-pest-v2/train/healthy/img_a20b5840ed9b9d8af7cbc481.jpg,train,healthy,tom2024,CC BY 4.0,grp_4a52ea68f41661ee992fdc35,93ccc6349f260a239297387b4e548fbe75627fde596b4013795dcb503faa9124,4728,1,lossless_jpeg_metadata_strip_preserve_orientation_v2,,,
datasets/corn-field-pest-v2/val/leaf_beetle_unknown/img_8a4465b8c1e6b7e4ac6db79d.jpg,val,leaf_beetle_unknown,ccmt,CC BY 4.0,grp_9770b032b928d65675aff302,7047fe9993bcf2d5ab9e4e6dc3f51ef41c257c275207dffa05c5b42df26b1cab,27647,1,lossless_jpeg_metadata_strip_preserve_orientation_v2,,,
datasets/corn-field-pest-v2/train/leaf_beetle_unknown/img_60d6a90526fa4072e4770f2a.jpg,train,leaf_beetle_unknown,ccmt,CC BY 4.0,grp_d6219014860a5e14e5a22496,15527e188c60038cb940d25d92f7f7f0ef596c5966c121eb70c73d3cb0b757ef,36225,1,lossless_jpeg_metadata_strip_preserve_orientation_v2,,,
datasets/corn-field-pest-v2/train/leaf_beetle_unknown/img_d24da5758f10fc1fe795c7f9.jpg,train,leaf_beetle_unknown,ccmt,CC BY 4.0,grp_b56af08a3871b77d1e0bef70,623ab08b00b3944b892765c65dd3bb2f01dbcff79fe6e1b53c9c9005a1d8bbd7,29464,1,lossless_jpeg_metadata_strip_preserve_orientation_v2,,,
datasets/corn-field-pest-v2/train/grasshopper_unknown/img_393da05785eae5716d0de854.jpg,train,grasshopper_unknown,ccmt,CC BY 4.0,grp_5982fe1014bffed6cc108f29,7a82eb778ff2b8efcdaee4567fedcaac0560ff16824060c75fcb781069945fda,36313,1,lossless_jpeg_metadata_strip_preserve_orientation_v2,,,
datasets/corn-field-pest-v2/train/grasshopper_unknown/img_4298b0293bd5ce2ecbbeaa58.jpg,train,grasshopper_unknown,ccmt,CC BY 4.0,grp_e6d2a21569ac4e1e9084d105,4b8c7e7aa2f5fabc5231ce9b075b518462b53e8614058b96f1424ff85fb50451,31361,1,lossless_jpeg_metadata_strip_preserve_orientation_v2,,,
datasets/corn-field-pest-v2/train/leaf_beetle_unknown/img_3d071dc0ccbed12968a15d2b.jpg,train,leaf_beetle_unknown,ccmt,CC BY 4.0,grp_4e9567fcae84de86d7534768,19e6804780fd68ef5c39ae261caf969db9f57f6a70e16032e50632678ffd36a4,32241,1,lossless_jpeg_metadata_strip_preserve_orientation_v2,,,
datasets/corn-field-pest-v2/train/leaf_beetle_unknown/img_985ea3404ab9a2f5c1168155.jpg,train,leaf_beetle_unknown,ccmt,CC BY 4.0,grp_6f4c06d6db802626f517186d,0c648adf9db28d3a1d3de54854fd12538e5700c3499a3a0bf9a0adc7c626ed3d,28764,1,lossless_jpeg_metadata_strip_preserve_orientation_v2,,,
datasets/corn-field-pest-v2/val/fall_armyworm/img_06c3ffb3c006b34fa3fed20d.jpg,val,fall_armyworm,tom2024,CC BY 4.0,grp_cf05068a0b02b7ec36b7feb3,b35d1710dbfe2b0ff7d92386228f07d5d07ac22c036a54d1f645071720682094,13487,1,lossless_jpeg_metadata_strip_preserve_orientation_v2,,,
datasets/corn-field-pest-v2/train/grasshopper_unknown/img_19811bf19297a08accef5d4b.jpg,train,grasshopper_unknown,ccmt,CC BY 4.0,grp_525a5112943554c562344941,fdd6caecc731b9c40eee31fd4cfb08decd259ae36de644b2374cc83cc1c8d241,45564,1,lossless_jpeg_metadata_strip_preserve_orientation_v2,,,
datasets/corn-field-pest-v2/train/leaf_beetle_unknown/img_e12fece4f4975028a7a6c25b.jpg,train,leaf_beetle_unknown,ccmt,CC BY 4.0,grp_399497b01f62e50faa26f945,fb09480909f7e6fd60e73f4f6ae60fe690a84e795086c1ed4f4046a11128016d,25139,1,lossless_jpeg_metadata_strip_preserve_orientation_v2,,,
datasets/corn-field-pest-v2/train/leaf_beetle_unknown/img_41bdbd628cd83887b9f41935.jpg,train,leaf_beetle_unknown,ccmt,CC BY 4.0,grp_8de62054b481a498530a466c,f4debcfef8d933f29902f30ef439afc362fedd1ba602e2cc0a8f7b68a047ce25,32113,1,lossless_jpeg_metadata_strip_preserve_orientation_v2,,,
datasets/corn-field-pest-v2/train/healthy/img_fafe6023ed55eee1b2635408.jpg,train,healthy,ccmt,CC BY 4.0,grp_1dad91d3706e8b4d6caa50cb,8fb8b2a9c1128b647c59e1275630c68e328dccf57f7c06e71e2bd2511979dbde,55578,1,lossless_jpeg_metadata_strip_preserve_orientation_v2,,,
datasets/corn-field-pest-v2/train/grasshopper_unknown/img_585d6d46813e6874f74f03e8.jpg,train,grasshopper_unknown,ccmt,CC BY 4.0,grp_45018b8fb85597b336ee9566,90d23a3b7d86781b10ca32ae7aad445a31a91ae3f3955c347ae7bd766436ee57,23423,1,lossless_jpeg_metadata_strip_preserve_orientation_v2,,,
datasets/corn-field-pest-v2/train/grasshopper_unknown/img_5aa9aa702bcb09cb6f2bbde7.jpg,train,grasshopper_unknown,ccmt,CC BY 4.0,grp_c944942f16486b118c602fb9,b142f562fd6b8aedd5cc790b146d02b9625d05b31b713ec8baa571ec8b3337b1,44645,1,lossless_jpeg_metadata_strip_preserve_orientation_v2,,,
datasets/corn-field-pest-v2/train/fall_armyworm/img_2b6606597def6b448e11a17c.jpg,train,fall_armyworm,tom2024,CC BY 4.0,grp_792119b01683d481cf5de70a,26fb808d0b2e83850e2dd788972abfd5f5f95363d1fa455f6e13a8b9f9cfeb79,12080,1,lossless_jpeg_metadata_strip_preserve_orientation_v2,,,
datasets/corn-field-pest-v2/train/leaf_beetle_unknown/img_7522c1e48a3185f8012f981e.jpg,train,leaf_beetle_unknown,ccmt,CC BY 4.0,grp_6cb1ef6f0dca171850930daa,96c84fd59d92a62fa5f979fb3c4b5cbccf0c7028f6b9947973a5c09b1d143e62,30966,1,lossless_jpeg_metadata_strip_preserve_orientation_v2,,,
datasets/corn-field-pest-v2/train/leaf_beetle_unknown/img_413ddb079b64d6d148828390.jpg,train,leaf_beetle_unknown,ccmt,CC BY 4.0,grp_d792c1a8cb16480c6cb655b6,cb5ef11be15fe23f4f92517e6338e6c591218ea6156689ea3e9457974597fbfe,32515,1,lossless_jpeg_metadata_strip_preserve_orientation_v2,,,
datasets/corn-field-pest-v2/val/leaf_beetle_unknown/img_0a5e1d9984ffe44bdc4c8346.jpg,val,leaf_beetle_unknown,ccmt,CC BY 4.0,grp_b40b92a6ae8fb0d3647d1c4b,d917357fea107f2dc15aaeb3945cc760dc5665dda7e79e35413a0d401ea0b6ae,33137,1,lossless_jpeg_metadata_strip_preserve_orientation_v2,,,
datasets/corn-field-pest-v2/train/leaf_beetle_unknown/img_93c4aafc407114ddf3715b34.jpg,train,leaf_beetle_unknown,ccmt,CC BY 4.0,grp_61a9f5f0d7e08195d52e8dc4,25d0cebd638bc2cc17ba08b7aabde576b50b2c9655a2fd70202faead5ff64832,27608,1,lossless_jpeg_metadata_strip_preserve_orientation_v2,,,
datasets/corn-field-pest-v2/train/leaf_beetle_unknown/img_ffc4d5518d8f047605fb9f98.jpg,train,leaf_beetle_unknown,ccmt,CC BY 4.0,grp_8b53ff41a4ac2e7998c967d3,1e3b1320ae79117249d2fbba8d3f3611be271be70deaf45e3f9572c3ae66bd5f,31295,1,lossless_jpeg_metadata_strip_preserve_orientation_v2,,,
datasets/corn-field-pest-v2/train/healthy/img_9439e396e939c08c86bf5a3d.jpg,train,healthy,tom2024,CC BY 4.0,grp_b89fee3561f82dec821fe449,e7f3fe634c27de2c97639e307d2b96ac4d0ce1d049b6fdf7b374fe97b194f8fa,12460,1,lossless_jpeg_metadata_strip_preserve_orientation_v2,,,
datasets/corn-field-pest-v2/val/leaf_beetle_unknown/img_fbd0803b90389bee3d4d9b9b.jpg,val,leaf_beetle_unknown,ccmt,CC BY 4.0,grp_c03e38983571fcde27f31a25,21bd6c62f13779171753e1f55a4353486a170d34dc12e77b8189a4b2f2301140,24559,1,lossless_jpeg_metadata_strip_preserve_orientation_v2,,,
datasets/corn-field-pest-v2/train/fall_armyworm/img_2b23161fb8c93734654eb183.jpg,train,fall_armyworm,tom2024,CC BY 4.0,grp_4171a744efc8bac7c0228f00,462d269679f9f1552f605f96151159370d9f1075af02e599c7b9cb94832c1e3e,15697,1,lossless_jpeg_metadata_strip_preserve_orientation_v2,,,
datasets/corn-field-pest-v2/train/fall_armyworm/img_15c6c32a382eb37ccd5e7a0f.jpg,train,fall_armyworm,tom2024,CC BY 4.0,grp_9f4f792b67f3301fb4909b47,5eb85e32f992ebd95851da2fa99e3faaa015833608fb4c97f9874ad25a90f5a2,4915,1,lossless_jpeg_metadata_strip_preserve_orientation_v2,,,
datasets/corn-field-pest-v2/train/grasshopper_unknown/img_550d5cae60d06ec4e400e876.jpg,train,grasshopper_unknown,ccmt,CC BY 4.0,grp_506bd72d539387179ecc47d0,de8af04debc103fba02eecf382e6cf7ed9e2f9a9dc2420707462776399a37ceb,31886,1,lossless_jpeg_metadata_strip_preserve_orientation_v2,,,
datasets/corn-field-pest-v2/train/leaf_beetle_unknown/img_4d55665ff98bbd92fe526362.jpg,train,leaf_beetle_unknown,ccmt,CC BY 4.0,grp_40ff716d947b116032fecb87,808cf75fd55a352d396f90585d3769b257e049907c94fb325a84ce626bca4d9a,45897,1,lossless_jpeg_metadata_strip_preserve_orientation_v2,,,
datasets/corn-field-pest-v2/train/leaf_beetle_unknown/img_806f088b3dc09e5de4e24d5f.jpg,train,leaf_beetle_unknown,ccmt,CC BY 4.0,grp_f445374a70c94192cb72c9d4,77a4e9e3da1b194ba1293d9fa90798066256968908196717065ffdfb25d0da3a,18087,1,lossless_jpeg_metadata_strip_preserve_orientation_v2,,,
datasets/corn-field-pest-v2/train/fall_armyworm/img_7504948d50405264378d3b18.jpg,train,fall_armyworm,tom2024,CC BY 4.0,grp_c7629b4098c5eccd9d9773b4,c3ab1989297fc649f4894f25ca75f18f3915af405033e2409e17409ca8a07f8a,4123,1,lossless_jpeg_metadata_strip_preserve_orientation_v2,,,
datasets/corn-field-pest-v2/val/leaf_beetle_unknown/img_e57393b4704e53e4090232f5.jpg,val,leaf_beetle_unknown,ccmt,CC BY 4.0,grp_0777b576daae516452be44a2,bced23d1641895d39756df21b6a3ae5d5b7913e6f60512eaf73ea861cfedb3f5,31836,1,lossless_jpeg_metadata_strip_preserve_orientation_v2,,,
datasets/corn-field-pest-v2/train/fall_armyworm/img_3604df5ca23eefc24ce9a01a.jpg,train,fall_armyworm,tom2024,CC BY 4.0,grp_13081e535a82af4315176978,1e9e7d0b6e3794ff1bd0ff92cfebf5009c0ba9c3cee6c70f0ccd6df11e51ac71,3005,1,lossless_jpeg_metadata_strip_preserve_orientation_v2,,,
datasets/corn-field-pest-v2/train/grasshopper_unknown/img_738a43ee70593cd53769c83a.jpg,train,grasshopper_unknown,ccmt,CC BY 4.0,grp_e3a5ec709182a3c670167805,9a22104f0e0101dadbdbafa099669f3e40e150a6496742382945a742b48f57b8,40332,1,lossless_jpeg_metadata_strip_preserve_orientation_v2,,,
datasets/corn-field-pest-v2/train/leaf_beetle_unknown/img_9012ccdee1a00faf5ba44108.jpg,train,leaf_beetle_unknown,ccmt,CC BY 4.0,grp_6899c49ad0d6dcd6f2d6f869,6988088e8bcff65a8998f60c4f06034f0fc888709cbb83356f98fbd49f8283fd,29935,1,lossless_jpeg_metadata_strip_preserve_orientation_v2,,,
datasets/corn-field-pest-v2/train/grasshopper_unknown/img_8636145f0ee15d33a0c3cadd.jpg,train,grasshopper_unknown,ccmt,CC BY 4.0,grp_e6a688aca083a9cb13fb3c4c,04bda5e678b16b7152bbacc79b97ad478d2dc44f42269ec958cfff6489708d5c,39888,1,lossless_jpeg_metadata_strip_preserve_orientation_v2,,,
datasets/corn-field-pest-v2/train/leaf_beetle_unknown/img_2f6305099d09d0e027d63298.jpg,train,leaf_beetle_unknown,ccmt,CC BY 4.0,grp_46bee6d425501571fd99d806,31187e2809e0df7b7cdd0039df93882b385f8a8c0dc519c5fa031b6865a3fdfc,35654,1,lossless_jpeg_metadata_strip_preserve_orientation_v2,,,
datasets/corn-field-pest-v2/train/grasshopper_unknown/img_07fbd919469da4281ec063c7.jpg,train,grasshopper_unknown,ccmt,CC BY 4.0,grp_412f929cfad8f40dbe6ddb18,7e1d23e87b8e38a70dcf86264ad09313666ad6d51a08145077f7be235c9d8f28,54651,1,lossless_jpeg_metadata_strip_preserve_orientation_v2,,,
datasets/corn-field-pest-v2/train/fall_armyworm/img_b49109cbc00c04d7ca9ea93d.jpg,train,fall_armyworm,ccmt,CC BY 4.0,grp_2174c4b938d23a72758c258a,ce69246a56dce1f57b094e008005786c54df8cd8822386270bae1d05da275c95,37942,1,lossless_jpeg_metadata_strip_preserve_orientation_v2,,,
datasets/corn-field-pest-v2/train/grasshopper_unknown/img_d9777ba6761d4cbebb730b9f.jpg,train,grasshopper_unknown,ccmt,CC BY 4.0,grp_833ca3295d7c0fde6621b187,fd43e3956a7752e0d8486628bc0102f6e83199bc106592019e8b19caef0e504c,46439,1,lossless_jpeg_metadata_strip_preserve_orientation_v2,,,
datasets/corn-field-pest-v2/train/grasshopper_unknown/img_61c97406809f8f11d2e96864.jpg,train,grasshopper_unknown,ccmt,CC BY 4.0,grp_3179e38eddfd25596454ea7d,b10580b5eecc9986385320ea89299e702f675fba3528b58b7641b2359c2dcf6f,50059,1,lossless_jpeg_metadata_strip_preserve_orientation_v2,,,
datasets/corn-field-pest-v2/train/fall_armyworm/img_ac0d2594762b3c7eaa27474f.jpg,train,fall_armyworm,tom2024,CC BY 4.0,grp_ac4dadb8caeef1f1c11685df,62af1cd230ed56ec06e41daf3984d671ba1ae83593640b6a89b122bd864d92ee,5427,1,lossless_jpeg_metadata_strip_preserve_orientation_v2,,,
datasets/corn-field-pest-v2/val/leaf_beetle_unknown/img_c611a7eaae020135a613c4dc.jpg,val,leaf_beetle_unknown,ccmt,CC BY 4.0,grp_5207f66aa34620c5ea2c57f3,54725e87fa6610b461278816836e04955865f66753866721bc9e1a271985f1e1,28163,1,lossless_jpeg_metadata_strip_preserve_orientation_v2,,,
datasets/corn-field-pest-v2/train/healthy/img_9ca65a67cc00f1427d82db6d.jpg,train,healthy,tom2024,CC BY 4.0,grp_4a759e628ed45d7aadcd6b97,424d8eb109189137d8966a8c32ea092ed44ae20da178674e3dacd981c0403335,4023,1,lossless_jpeg_metadata_strip_preserve_orientation_v2,,,
datasets/corn-field-pest-v2/train/healthy/img_73059069090f5b0b6d357b32.jpg,train,healthy,tom2024,CC BY 4.0,grp_0e0eed13b8c24e02043516bf,fb058666b3bfd6909c5ca8e0f4701e6af5cf34c666efd59e4678211c2d0e98b3,6235,1,lossless_jpeg_metadata_strip_preserve_orientation_v2,,,
datasets/corn-field-pest-v2/val/leaf_beetle_unknown/img_bcbd59806840b1dc580b9716.jpg,val,leaf_beetle_unknown,ccmt,CC BY 4.0,grp_7ab0f59bc8c4f3d262a4c349,8190c84089cd78771f5a7fa2c9be641d578a12f652f5d49706be084f028ee84f,35764,1,lossless_jpeg_metadata_strip_preserve_orientation_v2,,,
datasets/corn-field-pest-v2/val/healthy/img_1eb84b065a6c29f21c855816.jpg,val,healthy,tom2024,CC BY 4.0,grp_6012095b57bb328761eeb185,973134cbe9afb2e4ea2efab44302d3d4ae8e46ec765f084fe321730dcd009a4a,8338,1,lossless_jpeg_metadata_strip_preserve_orientation_v2,,,
datasets/corn-field-pest-v2/train/healthy/img_c385d918761ad24fae41c50a.jpg,train,healthy,tom2024,CC BY 4.0,grp_a8f3491fd3f1fb5eac26bd2e,d5d9605a79217c999d5522225f10541e031d96fda07493260f56206b738c1539,19687,1,lossless_jpeg_metadata_strip_preserve_orientation_v2,,,
datasets/corn-field-pest-v2/val/fall_armyworm/img_c09d6e6f6d1eb3ff9e412240.jpg,val,fall_armyworm,tom2024,CC BY 4.0,grp_a507142ac6f5a87cf18a1d1a,be4aa5273a8b16fcd91dc510897781d6a2fdff87868c70a150ee3e5844bd6f39,9961,1,lossless_jpeg_metadata_strip_preserve_orientation_v2,,,
datasets/corn-field-pest-v2/train/leaf_beetle_unknown/img_511e591b29c62cb4056765af.jpg,train,leaf_beetle_unknown,ccmt,CC BY 4.0,grp_b6b7c467e5f96f7c9d9c7086,87d3fce439c7526ce8e050850b68cd939c37f5c62da1a4fe136cb64428a8b516,25236,1,lossless_jpeg_metadata_strip_preserve_orientation_v2,,,
datasets/corn-field-pest-v2/train/fall_armyworm/img_8562ef4284db7eddead2ea01.jpg,train,fall_armyworm,ccmt,CC BY 4.0,grp_c332bb0689d4f3de27570a55,f23ca426a7645f4e2ba404e4c761abdc1cde6fccd658453e934714c592b37a67,51018,1,lossless_jpeg_metadata_strip_preserve_orientation_v2,,,
datasets/corn-field-pest-v2/train/healthy/img_530f63085c925c93cfe3f5fc.jpg,train,healthy,ccmt,CC BY 4.0,grp_edb7c9a74b642286e77d95e3,1125663c8f6807b1fab850f183d7535822f5f8f7742e379a73e8a8ce79807e6e,39188,1,lossless_jpeg_metadata_strip_preserve_orientation_v2,,,
datasets/corn-field-pest-v2/train/leaf_beetle_unknown/img_4125aaf864091a18f8d3afc5.jpg,train,leaf_beetle_unknown,ccmt,CC BY 4.0,grp_50b72bde29922927b3226338,ecaa13475ed268f6a7dae2a14e3614d1a40b3ac80c16629ee139dc2d8dfefe68,41216,1,lossless_jpeg_metadata_strip_preserve_orientation_v2,,,
datasets/corn-field-pest-v2/train/leaf_beetle_unknown/img_2937628f949f09db58737e4c.jpg,train,leaf_beetle_unknown,ccmt,CC BY 4.0,grp_0964483e9c3fc42b273ab46c,bb5b2c5352824f9c86eebcdcfee90b62d6437cec761cc2d19c70145edd60077d,43227,1,lossless_jpeg_metadata_strip_preserve_orientation_v2,,,
datasets/corn-field-pest-v2/train/grasshopper_unknown/img_41e003faf1f96da556e1e40f.jpg,train,grasshopper_unknown,ccmt,CC BY 4.0,grp_ad421340181abf5d46752ead,8a1a5dbde73d60b2b7caa76ac1ca071cb560666b100a460a59df12206a153ae8,43479,1,lossless_jpeg_metadata_strip_preserve_orientation_v2,,,
datasets/corn-field-pest-v2/train/grasshopper_unknown/img_2aa21e7ecc00b94eded7e2db.jpg,train,grasshopper_unknown,ccmt,CC BY 4.0,grp_9a52728196dd96ca272d9177,d2aae469e1d4984ea6d782d9cb027cf4d1ccc0639fe9957251ac0d363d6f7c1d,46036,1,lossless_jpeg_metadata_strip_preserve_orientation_v2,,,
datasets/corn-field-pest-v2/train/grasshopper_unknown/img_60d7773189651599d006746e.jpg,train,grasshopper_unknown,ccmt,CC BY 4.0,grp_edad0df55a4e389d0564cfdf,286938dc867e7e1cec3c725b7851433d0e97846c7930d73dde689b89a9ccf7f0,65287,1,lossless_jpeg_metadata_strip_preserve_orientation_v2,,,
datasets/corn-field-pest-v2/train/grasshopper_unknown/img_5ed39b529b461f0dfca284c4.jpg,train,grasshopper_unknown,ccmt,CC BY 4.0,grp_a4d6341bb45f1d7a9a73fa27,cccbf16fdbd7742d4080de93db282cb7551a2066a0a03b94c121f5755c85c4ee,37694,1,lossless_jpeg_metadata_strip_preserve_orientation_v2,,,
datasets/corn-field-pest-v2/train/leaf_beetle_unknown/img_786532b0e11e01f544fa2ddb.jpg,train,leaf_beetle_unknown,ccmt,CC BY 4.0,grp_ec11bc9cd7f2799fcea06fab,25a6258305c355797dd89c080da6b9781f0f97a6a0affc554230d665c624d278,49041,1,lossless_jpeg_metadata_strip_preserve_orientation_v2,,,
datasets/corn-field-pest-v2/val/leaf_beetle_unknown/img_e298e8bae81197a4d96f9753.jpg,val,leaf_beetle_unknown,ccmt,CC BY 4.0,grp_3ebaea0f6d40647bc26df0a7,840e6de92c46ce91a571c70e46d06192430a0374d063d3fbcc957b6b3330b439,32621,1,lossless_jpeg_metadata_strip_preserve_orientation_v2,,,
datasets/corn-field-pest-v2/train/healthy/img_457d76ca37ed345e11a62f1a.jpg,train,healthy,tom2024,CC BY 4.0,grp_7ba4ceca38e4c81a295c5045,171e42a5aad13ca18e75520992c016681ef18d1c9a78f9bb912f3953f5a955fc,5435,1,lossless_jpeg_metadata_strip_preserve_orientation_v2,,,
datasets/corn-field-pest-v2/train/healthy/img_81ed0ef2dcc02099dab34f8e.jpg,train,healthy,tom2024,CC BY 4.0,grp_93cd7aa9e6ca28d1699b08ce,71295b081209cbc484e9ee2a9dee23612c41e444105210c9b01fef7b5763f871,10655,1,lossless_jpeg_metadata_strip_preserve_orientation_v2,,,
datasets/corn-field-pest-v2/train/leaf_beetle_unknown/img_18bdb5fd0502ee007cd852ca.jpg,train,leaf_beetle_unknown,ccmt,CC BY 4.0,grp_a694dfb2b6b2a1108598d043,1ae46b5a08d1dc3b5bcd10f707e581afb61abd23dceda13ad1c76fe5bd07b390,22040,1,lossless_jpeg_metadata_strip_preserve_orientation_v2,,,
datasets/corn-field-pest-v2/train/fall_armyworm/img_7450df640d5d486b616dda51.jpg,train,fall_armyworm,ccmt,CC BY 4.0,grp_7ca3bf1394306c4a0887a636,ca570c96b014d92749855078c343ba9603ea9fbc9c6548a72523277ea52ce44b,55356,1,lossless_jpeg_metadata_strip_preserve_orientation_v2,,,
datasets/corn-field-pest-v2/train/grasshopper_unknown/img_8c2774b1784b38056efa0bd5.jpg,train,grasshopper_unknown,ccmt,CC BY 4.0,grp_a40fd5b229ce1ae881969989,d46a080790d6a2b4a5b961a64f03c84389df5a89598dbd1b45af4e4cbc3d4b01,39523,1,lossless_jpeg_metadata_strip_preserve_orientation_v2,,,
datasets/corn-field-pest-v2/train/healthy/img_7761849f927f0bd673616367.jpg,train,healthy,tom2024,CC BY 4.0,grp_7aabaa0232f577a01227647c,ec4cb78307588e828516dbf5ac90f8b0f40e215d691f3c116514c2d1ad1f109a,11066,1,lossless_jpeg_metadata_strip_preserve_orientation_v2,,,
datasets/corn-field-pest-v2/val/fall_armyworm/img_7c17d41b933856cb09658757.jpg,val,fall_armyworm,ccmt,CC BY 4.0,grp_50d0e2ea4ae725fa59943b97,8e59946efff210e0eec68dd768606d8a9f052f41b525a60cd0d301bbef3ef48f,40922,1,lossless_jpeg_metadata_strip_preserve_orientation_v2,,,
datasets/corn-field-pest-v2/train/fall_armyworm/img_3638a97ad66d7a63644f32c0.jpg,train,fall_armyworm,tom2024,CC BY 4.0,grp_683362450b4be0ee64927508,5057a212ed346fab94c8f31a045b7da1ba001a4c9918b2a0b4eb2cb5fb2373d5,5429,1,lossless_jpeg_metadata_strip_preserve_orientation_v2,,,
datasets/corn-field-pest-v2/train/grasshopper_unknown/img_09d63d4ee098733a7334ed51.jpg,train,grasshopper_unknown,ccmt,CC BY 4.0,grp_8b2679d04d3966f812e564cf,f3c0beded99501ed24a188ed18d1e2ffa1ebf85a5ec256a5bb729fa5bdf1b29d,50796,1,lossless_jpeg_metadata_strip_preserve_orientation_v2,,,
datasets/corn-field-pest-v2/val/fall_armyworm/img_4b823f3d15e26c5c99258776.jpg,val,fall_armyworm,tom2024,CC BY 4.0,grp_2114dc4d0e1667aaf8ceb018,8014091e70a07c2586769aa3fb2ff04426d5c45f036a528a6818635463d2f046,14130,1,lossless_jpeg_metadata_strip_preserve_orientation_v2,,,
datasets/corn-field-pest-v2/train/leaf_beetle_unknown/img_502c4a15e3831240b318c299.jpg,train,leaf_beetle_unknown,ccmt,CC BY 4.0,grp_775bc0a106884ea99a0aaf4d,18e004d545d9df4316d3242c671a145fefcc888e6b99d63bac2a5ec2f21fd5ee,31969,1,lossless_jpeg_metadata_strip_preserve_orientation_v2,,,
datasets/corn-field-pest-v2/train/leaf_beetle_unknown/img_bfb86683bb1c1553822fe95c.jpg,train,leaf_beetle_unknown,ccmt,CC BY 4.0,grp_4dd6c9bec6d89966b5e1bfe9,fb7be4d808940382aa8bf3bee7a3454b9d8f865b5984041796fe1c58d3c02b2a,34121,1,lossless_jpeg_metadata_strip_preserve_orientation_v2,,,
datasets/corn-field-pest-v2/train/grasshopper_unknown/img_45ac67ad34e41881c9c60a4b.jpg,train,grasshopper_unknown,ccmt,CC BY 4.0,grp_295fe2951b6d4b12376f4dce,c7a3553d8ed2dee8ceff8ed9004c55e4259f29276134bf8f2c79935482660cbf,51883,1,lossless_jpeg_metadata_strip_preserve_orientation_v2,,,
datasets/corn-field-pest-v2/train/leaf_beetle_unknown/img_4b0b39fd428235103fd8f190.jpg,train,leaf_beetle_unknown,ccmt,CC BY 4.0,grp_a910882eaded1ee9464088de,6cdf515a62f6bda9ecc716e1941151b9532d433865d19ff2bcaecc5f92648377,35660,1,lossless_jpeg_metadata_strip_preserve_orientation_v2,,,
datasets/corn-field-pest-v2/train/fall_armyworm/img_2a53929017807b4f95aaa46c.jpg,train,fall_armyworm,ccmt,CC BY 4.0,grp_0231ade57f209c051da115c4,429e4a0cce01e7e664147279c2d5726ca3ffa5e46bab5c1ec80c0722d0a5f09d,46678,1,lossless_jpeg_metadata_strip_preserve_orientation_v2,,,
datasets/corn-field-pest-v2/train/leaf_beetle_unknown/img_855166fa381e8700f81c2952.jpg,train,leaf_beetle_unknown,ccmt,CC BY 4.0,grp_5fb86e5d7aa23d73308f3c29,63a0fb24892b7b04b8af5b64c45cf419f4ff0f776dcefab76cbd550e85ef238b,33171,1,lossless_jpeg_metadata_strip_preserve_orientation_v2,,,
datasets/corn-field-pest-v2/train/leaf_beetle_unknown/img_889556a7c4a21e5e0dd2660c.jpg,train,leaf_beetle_unknown,ccmt,CC BY 4.0,grp_82038c0d12186ca9bd779f08,7f0feb68c23e54ac833d6c31098d8ca5e81bcbba5eb8679bccef9d110d3a4c8f,22857,1,lossless_jpeg_metadata_strip_preserve_orientation_v2,,,
datasets/corn-field-pest-v2/train/fall_armyworm/img_859427b01dbd870e449f4500.jpg,train,fall_armyworm,ccmt,CC BY 4.0,grp_85bbd4273242652e79c23eb7,0c13a2357b626ec20c5b5cc0aa43293ca18ef5cd2b0483fa12554ecd2940c8f7,47521,1,lossless_jpeg_metadata_strip_preserve_orientation_v2,,,
datasets/corn-field-pest-v2/train/leaf_beetle_unknown/img_7ec753f0f12c6c02570bdd95.jpg,train,leaf_beetle_unknown,ccmt,CC BY 4.0,grp_03db8ec9592510a2e8a3f27b,877555f235631f6d66620ce5ad3c15ddb9aa0ac87deae61ce718eb9f0d368766,38942,1,lossless_jpeg_metadata_strip_preserve_orientation_v2,,,
datasets/corn-field-pest-v2/val/fall_armyworm/img_c1a1dae76c9eb6c4e3bdc268.jpg,val,fall_armyworm,tom2024,CC BY 4.0,grp_cbb952a1a00bc75c84571cc1,e45592b5ca6a2059cfd163b4b670ee69b1dc89abbc84887e34642ed59e223c6d,7453,1,lossless_jpeg_metadata_strip_preserve_orientation_v2,,,
datasets/corn-field-pest-v2/train/leaf_beetle_unknown/img_f39c75e9435330dd1f03e4a5.jpg,train,leaf_beetle_unknown,ccmt,CC BY 4.0,grp_77b057afff2df783434ac8bf,69549836e8e41a2fd50eebb71017f87e8cd7132702f2e0a3a29da5d215c0a686,28630,1,lossless_jpeg_metadata_strip_preserve_orientation_v2,,,
datasets/corn-field-pest-v2/train/grasshopper_unknown/img_59bbceab7362e8e8181079ec.jpg,train,grasshopper_unknown,ccmt,CC BY 4.0,grp_3a67177b5f2bf1ef17f35f7b,5897ac6d68bed77d5f86d905332393abf9624fec03fefb00cdbb92136e23521f,53877,1,lossless_jpeg_metadata_strip_preserve_orientation_v2,,,
datasets/corn-field-pest-v2/train/leaf_beetle_unknown/img_02feea3da2741bf8ef4e8276.jpg,train,leaf_beetle_unknown,ccmt,CC BY 4.0,grp_14396cc50676e7fda2b4562b,cfed85976fd6ba86eb87c30d7c5e3922e4806f94f7adf9fb164bd18dff6817f2,30889,1,lossless_jpeg_metadata_strip_preserve_orientation_v2,,,
datasets/corn-field-pest-v2/train/grasshopper_unknown/img_9249182a5fb578651099ab08.jpg,train,grasshopper_unknown,ccmt,CC BY 4.0,grp_149c3c2d0f84310cee13f801,acd37b73774a74c6dbe131fb724f8f36a84f8df963778621af363622695317e4,50406,1,lossless_jpeg_metadata_strip_preserve_orientation_v2,,,
datasets/corn-field-pest-v2/train/healthy/img_95c08b05d3697fb7a79b1e20.jpg,train,healthy,ccmt,CC BY 4.0,grp_ea8d05069ef09690f5bde613,34b62c09a56365b02ac07a21264a797bffb4b14bdda0b3ec207aad97ac9b5d7c,44242,1,lossless_jpeg_metadata_strip_preserve_orientation_v2,,,
datasets/corn-field-pest-v2/train/grasshopper_unknown/img_e8c38af7a1d2a27c0cb787b3.jpg,train,grasshopper_unknown,ccmt,CC BY 4.0,grp_9940675bb739a7095a052a02,680965697c3b4499b9c50dcf19745699cc9da0a8e6a4ffaa6da65e6da3bba19c,65144,1,lossless_jpeg_metadata_strip_preserve_orientation_v2,,,
datasets/corn-field-pest-v2/train/leaf_beetle_unknown/img_88b06b148de883527cc78b44.jpg,train,leaf_beetle_unknown,ccmt,CC BY 4.0,grp_7249fe5e9d302bddeadb3021,bdfde852a48b3a5fb75c262dd33dd4e9ffa6096bedcc1388398f7602945e738b,31983,1,lossless_jpeg_metadata_strip_preserve_orientation_v2,,,
datasets/corn-field-pest-v2/train/leaf_beetle_unknown/img_4be7f837b2be5e0bf709236f.jpg,train,leaf_beetle_unknown,ccmt,CC BY 4.0,grp_f16005e18c7dfb93643480d3,082f47372ce6c848974a766963b58716964c0618f7eac9471304ed46e4411d00,37522,1,lossless_jpeg_metadata_strip_preserve_orientation_v2,,,
datasets/corn-field-pest-v2/val/healthy/img_dd961de74a2ae75299e8c182.jpg,val,healthy,ccmt,CC BY 4.0,grp_a704e4084336b358291bae05,9c8f6a6e4db85ac05e760c787219b55b0ce7e6f283a41aab1bcaf6cc93d52552,33303,1,lossless_jpeg_metadata_strip_preserve_orientation_v2,,,
datasets/corn-field-pest-v2/train/grasshopper_unknown/img_48a9c47d72a24ea2aeec88e8.jpg,train,grasshopper_unknown,ccmt,CC BY 4.0,grp_b672901e4e5fc5b6af6ce870,38375bf145feadf5dc36b913ca61e7fa5a0ba4cc2ab23861181de483aad4b902,21689,1,lossless_jpeg_metadata_strip_preserve_orientation_v2,,,
datasets/corn-field-pest-v2/val/fall_armyworm/img_0b8ccf9b27c1df0aeb8da6c4.jpg,val,fall_armyworm,tom2024,CC BY 4.0,grp_0cee1dd0c29f4ef0109858b9,3041962b19d3274907166a57e6238f6c8f1251370b5c5fc387941a5ef4a54021,3214,1,lossless_jpeg_metadata_strip_preserve_orientation_v2,,,
datasets/corn-field-pest-v2/train/healthy/img_0532a1611318d878da46c029.jpg,train,healthy,tom2024,CC BY 4.0,grp_23bee700ecb2a05b12a69da9,501afd9fead9220746ef350fdc70593feb054162d43424df72c28eca9d83f04c,23742,1,lossless_jpeg_metadata_strip_preserve_orientation_v2,,,
datasets/corn-field-pest-v2/train/grasshopper_unknown/img_7b47664a3d6a0f7a5e89353b.jpg,train,grasshopper_unknown,ccmt,CC BY 4.0,grp_edf873392d44a2cc55ea59a1,2123a00c513e4b719caa55f44a7efb9ea2d4e7d86466d2c9beec158c96fc7895,53502,1,lossless_jpeg_metadata_strip_preserve_orientation_v2,,,
datasets/corn-field-pest-v2/val/grasshopper_unknown/img_30eff86877c29faae5698620.jpg,val,grasshopper_unknown,ccmt,CC BY 4.0,grp_02f3f2e69ea0f3e0b1837510,d3e5d6504f27cbcbb815d76706a5bcea851391a546101ddf488019a2fecd1aea,38646,1,lossless_jpeg_metadata_strip_preserve_orientation_v2,,,
datasets/corn-field-pest-v2/train/grasshopper_unknown/img_2d2e325176803ef91014e933.jpg,train,grasshopper_unknown,ccmt,CC BY 4.0,grp_4cba5bd40d60dcb22ac2ab77,96878031d56d82d807660fcdd4f0fa9b1c8749fd7a540ec1fdf0138615d47576,62127,1,lossless_jpeg_metadata_strip_preserve_orientation_v2,,,
datasets/corn-field-pest-v2/val/grasshopper_unknown/img_bc37bc7c1e95cae316e90f94.jpg,val,grasshopper_unknown,ccmt,CC BY 4.0,grp_f20e9dc09727e09845969cb3,29742ec0eb6853e86f879d59975ef8178f3618ba0e8f484dc3dac24a422d9f8f,33852,1,lossless_jpeg_metadata_strip_preserve_orientation_v2,,,
datasets/corn-field-pest-v2/train/healthy/img_1e4f935e02f681658caff24a.jpg,train,healthy,ccmt,CC BY 4.0,grp_843ebaee911e10d713d61c3b,a6b133ca04c85f55feb3559b1f26628e1529a44eff165253aeef587089793db8,37780,1,lossless_jpeg_metadata_strip_preserve_orientation_v2,,,
datasets/corn-field-pest-v2/train/fall_armyworm/img_ceaae191fc19661dccfe87a8.jpg,train,fall_armyworm,ccmt,CC BY 4.0,grp_5acf1dcef58c3cc5659f50dc,797c7bcbb24fc95903de65ae39d2413add0de3f2e59b7e2b8cccb6331d9aaa32,37647,1,lossless_jpeg_metadata_strip_preserve_orientation_v2,,,
datasets/corn-field-pest-v2/train/grasshopper_unknown/img_6ab6b058f632df644e03ae3c.jpg,train,grasshopper_unknown,ccmt,CC BY 4.0,grp_a4a67d67922c95aee04136b6,411466b06ce835e81ff8bd6491699cc3f6be94f6dc2f0012839725e2ff924f88,40950,1,lossless_jpeg_metadata_strip_preserve_orientation_v2,,,
datasets/corn-field-pest-v2/train/fall_armyworm/img_c757a87a027d90b632d68cd6.jpg,train,fall_armyworm,ccmt,CC BY 4.0,grp_e6d06f93d54e9fc101db3a93,515c05d696894d18c005601fbb6c37bc296c3524cd3a34d8811283867184c97d,56161,1,lossless_jpeg_metadata_strip_preserve_orientation_v2,,,
datasets/corn-field-pest-v2/train/leaf_beetle_unknown/img_db3e471dc09dd3d423719a37.jpg,train,leaf_beetle_unknown,ccmt,CC BY 4.0,grp_f9eed23bb583771e31c4f5cc,1efc78a00113cb7fff2628be678cc12cf7b8153dc10b033c9500e8ea4e69d5d7,41231,1,lossless_jpeg_metadata_strip_preserve_orientation_v2,,,
datasets/corn-field-pest-v2/train/healthy/img_16dd0166e035a6e56ffc5148.jpg,train,healthy,ccmt,CC BY 4.0,grp_52af6eee1014e343c2a2f1f6,bb97fb5c4a7766489e96c666bf3cc03b88517f1c56fdf7248d208260e7e9ad86,46953,1,lossless_jpeg_metadata_strip_preserve_orientation_v2,,,
datasets/corn-field-pest-v2/train/healthy/img_6dbd7aaed1790f5c0b89b3fd.jpg,train,healthy,ccmt,CC BY 4.0,grp_8551f3308e8a6ccfdb7e2d65,1b609acdfa7cb14c4b95b36c9d2e102236aeac0e0b3fe35ac7d23e25e35b2bcf,53395,1,lossless_jpeg_metadata_strip_preserve_orientation_v2,,,
datasets/corn-field-pest-v2/train/leaf_beetle_unknown/img_574682e7c9c0ce6e34ad9dee.jpg,train,leaf_beetle_unknown,ccmt,CC BY 4.0,grp_33cac21f5d029e70b3d7c804,2feda6edabeb8cd0a800a59d8c157da93e5ea47155021d75e26c8342a51a73f2,28443,1,lossless_jpeg_metadata_strip_preserve_orientation_v2,,,
datasets/corn-field-pest-v2/train/fall_armyworm/img_e235b946bad13e651e7bfb2d.jpg,train,fall_armyworm,tom2024,CC BY 4.0,grp_8605d9b47b8d6e26b15ac0a8,8e28e5903c4036bf5e8f4d057c4c9e4c0cfb3c457c150ec5b7d20f364e30e882,5621,1,lossless_jpeg_metadata_strip_preserve_orientation_v2,,,
datasets/corn-field-pest-v2/train/leaf_beetle_unknown/img_ab0e9c34d4b8839ff3d234eb.jpg,train,leaf_beetle_unknown,ccmt,CC BY 4.0,grp_67ea930f36a389aaac52868d,4d424aa26d6bed179f7cd8ec5213b5da5827b7e1ad996b7b04e703a17805aefa,24999,1,lossless_jpeg_metadata_strip_preserve_orientation_v2,,,
datasets/corn-field-pest-v2/train/grasshopper_unknown/img_89d7c6edde94e8b754731cfe.jpg,train,grasshopper_unknown,ccmt,CC BY 4.0,grp_0455c7ea9c8bdcbd4a785ad7,490dbed22576516eceb2c049f3e4731e31baccbf78655d3add12cf1729186d38,55685,1,lossless_jpeg_metadata_strip_preserve_orientation_v2,,,
datasets/corn-field-pest-v2/val/fall_armyworm/img_c27b1989a8e61fb7d2ee839d.jpg,val,fall_armyworm,tom2024,CC BY 4.0,grp_d2c226f621f929f15bd68fa1,2b5c2f7394789fe0ceeaaf37557d0d1caac99bff9cd24c70a4eb1b78d556ad6b,5336,1,lossless_jpeg_metadata_strip_preserve_orientation_v2,,,
datasets/corn-field-pest-v2/train/leaf_beetle_unknown/img_35b1623433e165423b6eb587.jpg,train,leaf_beetle_unknown,ccmt,CC BY 4.0,grp_6b4dae013bc09c84d386b190,9b4e8096f3e7f1832fb9750f522d16d7cd1a7faa13092dcf484746ba9712028c,40350,1,lossless_jpeg_metadata_strip_preserve_orientation_v2,,,
datasets/corn-field-pest-v2/train/leaf_beetle_unknown/img_dca1c48abe1cb469fa2bc709.jpg,train,leaf_beetle_unknown,ccmt,CC BY 4.0,grp_f643f267c77fe14277b66a17,0970f5ae1ba38c6900d9ba7f15eb5199e9a04a39e15acaa5189be4dc33809daa,41351,1,lossless_jpeg_metadata_strip_preserve_orientation_v2,,,
datasets/corn-field-pest-v2/train/grasshopper_unknown/img_77546dd513e06571d62197a3.jpg,train,grasshopper_unknown,ccmt,CC BY 4.0,grp_8e31d33bc140cac3a73709da,8521e62b438a904a2112125129b897c1e271b0ce1c5d297936d6b95a99b51e5f,31806,1,lossless_jpeg_metadata_strip_preserve_orientation_v2,,,
datasets/corn-field-pest-v2/train/fall_armyworm/img_2c768c72331339dacb7b3884.jpg,train,fall_armyworm,tom2024,CC BY 4.0,grp_327bbf0f53a74cf99ca38b15,50fc78fb3dd136854a6f36d73f3a5c032ef3a3dea6278672e57d882abd5fcb45,4726,1,lossless_jpeg_metadata_strip_preserve_orientation_v2,,,
datasets/corn-field-pest-v2/train/leaf_beetle_unknown/img_f538a456c9b2009320bf60d6.jpg,train,leaf_beetle_unknown,ccmt,CC BY 4.0,grp_2930f0b1ef95ab16433e5f66,a071ca86122ecf8d641721e7c4517bd76129138644dfbf8bc9e9e2d91dd6a6b6,37343,1,lossless_jpeg_metadata_strip_preserve_orientation_v2,,,
datasets/corn-field-pest-v2/train/maize_aphid_unknown/img_eb6488496a047643cb2239f8.jpg,train,maize_aphid_unknown,yeesi,CC BY 4.0,grp_ed471b353f4a6b148da3d189,20fc0e0b7470b3092e2860b5142c9b0fc2c42d4e9f3894406e18089ee4e3874d,5565435,1,lossless_jpeg_metadata_strip_preserve_orientation_v2,,,
datasets/corn-field-pest-v2/train/leaf_beetle_unknown/img_8bcebb666f8983cfe3d6d051.jpg,train,leaf_beetle_unknown,ccmt,CC BY 4.0,grp_be31b48753da286e22e58439,93bb9d3c4f53adf5055fd4d869c487dafb6e438a7293e49263cc45c54c1e5848,30933,1,lossless_jpeg_metadata_strip_preserve_orientation_v2,,,
datasets/corn-field-pest-v2/val/leaf_beetle_unknown/img_a7241e3fa4ceb95873176fd7.jpg,val,leaf_beetle_unknown,ccmt,CC BY 4.0,grp_7b8f1bfd05f0b42a48dc80d6,a9ec240874357116dcd7ab656aaa5064b2e5b76a5381f334368a978e74c326c2,35801,1,lossless_jpeg_metadata_strip_preserve_orientation_v2,,,
datasets/corn-field-pest-v2/train/leaf_beetle_unknown/img_9224ac52bbb9f9207a4e5cf3.jpg,train,leaf_beetle_unknown,ccmt,CC BY 4.0,grp_6fa7049b9baf1214ad11d056,8f1f3aae29c245027f9208b012294068ba4272cb95d01d5c46063e1ee3a8b30c,27474,1,lossless_jpeg_metadata_strip_preserve_orientation_v2,,,
datasets/corn-field-pest-v2/train/leaf_beetle_unknown/img_d4be5d53326ed13e5d8a666b.jpg,train,leaf_beetle_unknown,ccmt,CC BY 4.0,grp_4232b91fe7b86928f3d5406f,8fabd1ba70a154557a6b7d87282c6a352a201e9d81714bf8fe1463283648e5b4,27978,1,lossless_jpeg_metadata_strip_preserve_orientation_v2,,,
datasets/corn-field-pest-v2/train/grasshopper_unknown/img_e8b603f8c0ac479d59a8513e.jpg,train,grasshopper_unknown,ccmt,CC BY 4.0,grp_a8dea3bfd33505c1feb268cd,72e8d8e1d3f1a17c8f2011ec4d13c81d67ba674887177a49f48204bc070870ec,36759,1,lossless_jpeg_metadata_strip_preserve_orientation_v2,,,
datasets/corn-field-pest-v2/train/fall_armyworm/img_57405fe667b8e4353f662245.jpg,train,fall_armyworm,tom2024,CC BY 4.0,grp_41157a3a1c2be6e8455a481b,1bb936d95e4987ed22b8f85eb1784d8e6284277e8d8ef6af11e671fd057baabd,3182,1,lossless_jpeg_metadata_strip_preserve_orientation_v2,,,
datasets/corn-field-pest-v2/train/fall_armyworm/img_8368eb320dc80f81d6fad2df.jpg,train,fall_armyworm,tom2024,CC BY 4.0,grp_ad14890f8c6a40df455e0e43,13daeced3a0a98d9fe5df52b38b03a5392772fd0a5056f9c8744c1055ebb8321,5050,1,lossless_jpeg_metadata_strip_preserve_orientation_v2,,,
datasets/corn-field-pest-v2/val/fall_armyworm/img_0092d36b0065eb275af292cb.jpg,val,fall_armyworm,ccmt,CC BY 4.0,grp_c45220ceb150fda39799043a,81cfe31c4754e6aa6714ba5c63867cb75d9dd0fe10ae3a7bf15651ee862c75f7,75128,1,lossless_jpeg_metadata_strip_preserve_orientation_v2,,,
datasets/corn-field-pest-v2/val/grasshopper_unknown/img_32adf8363422fea9ace45056.jpg,val,grasshopper_unknown,ccmt,CC BY 4.0,grp_058eef1fd87216d6bcfcd42a,ef6333a3a0d97508951d55ede05dd98b901d9cae1379cd620700ab9d5c267068,34010,1,lossless_jpeg_metadata_strip_preserve_orientation_v2,,,
datasets/corn-field-pest-v2/train/leaf_beetle_unknown/img_53d3726de4af439defd2f93a.jpg,train,leaf_beetle_unknown,ccmt,CC BY 4.0,grp_90914109dbba2d22d454990c,aee5c4a3cd043f32f468a1e493056f620b9b89dcc168946c88219a2c2c823ca8,31757,1,lossless_jpeg_metadata_strip_preserve_orientation_v2,,,
datasets/corn-field-pest-v2/train/leaf_beetle_unknown/img_4ecfb73da01fa913a035dd46.jpg,train,leaf_beetle_unknown,ccmt,CC BY 4.0,grp_a78f15bbe6d8fd3d2fce2030,65a74516c64b052deba83ac4c7c0e9f370131163f9c8ee0190d8f93d07555d5e,33114,1,lossless_jpeg_metadata_strip_preserve_orientation_v2,,,
datasets/corn-field-pest-v2/train/fall_armyworm/img_5493d846da7e487899ed2f9f.jpg,train,fall_armyworm,ccmt,CC BY 4.0,grp_da6ecbf962a81861bcf671e1,c937dba28f06a06150349569329a18a9e9b498ac260e46df112b7f76ba679544,65738,1,lossless_jpeg_metadata_strip_preserve_orientation_v2,,,
datasets/corn-field-pest-v2/train/grasshopper_unknown/img_e4cee841743679b3ada70313.jpg,train,grasshopper_unknown,ccmt,CC BY 4.0,grp_4260361692efe7b41f652b5b,174cfca035fc782063cabfabc472b8cc4e25f7ed22c6f7649fa417b79d550348,29451,1,lossless_jpeg_metadata_strip_preserve_orientation_v2,,,
datasets/corn-field-pest-v2/train/leaf_beetle_unknown/img_ec45181d3678dd4d599dbb92.jpg,train,leaf_beetle_unknown,ccmt,CC BY 4.0,grp_fac277011ba87f9ce601e55f,9e1daf06dfbbd6fef1517c5aed9dc3837d2fc5cc4015ca823c38b0f3267dc8e5,43872,1,lossless_jpeg_metadata_strip_preserve_orientation_v2,,,
datasets/corn-field-pest-v2/val/healthy/img_07f811e9f9bee11171b3e24b.jpg,val,healthy,ccmt,CC BY 4.0,grp_173571d22798b80ae41ae6ab,50a32890340302117e2d6ae5ea380db868c7f94113b2454427438e9de89b7502,39254,1,lossless_jpeg_metadata_strip_preserve_orientation_v2,,,
datasets/corn-field-pest-v2/train/fall_armyworm/img_70d357a1b8c8c7ad700a83b8.jpg,train,fall_armyworm,tom2024,CC BY 4.0,grp_a36310d4d1f1a68c201ccde5,ea7d9c2afc1b5625538be72f18d79400f4acc1c5e6d6903f5bfbfd8163500348,7232,1,lossless_jpeg_metadata_strip_preserve_orientation_v2,,,
datasets/corn-field-pest-v2/train/grasshopper_unknown/img_c053ca1f89facd3047825997.jpg,train,grasshopper_unknown,ccmt,CC BY 4.0,grp_e5e5e792f4e95d1d5e4b8b51,fb5c80d67b8e2c5d4ced610c83063176a6c4ccb868e7b316b104fc5c66c5d472,43314,1,lossless_jpeg_metadata_strip_preserve_orientation_v2,,,
datasets/corn-field-pest-v2/train/leaf_beetle_unknown/img_ad73700deff799a1caa4bc69.jpg,train,leaf_beetle_unknown,ccmt,CC BY 4.0,grp_1e3e8def25accdc85b362912,c2014981b74c4daf5eaf9f05d04d7b6697430a9b21094b6a56a59cc6a5e9a095,35291,1,lossless_jpeg_metadata_strip_preserve_orientation_v2,,,
datasets/corn-field-pest-v2/train/grasshopper_unknown/img_040214077884ec482bd37d39.jpg,train,grasshopper_unknown,ccmt,CC BY 4.0,grp_66e831f17317c92fefa07e22,926b803f3a6fb555dbb5706f67b2d11cedb9695eda4e7982b2c7ca459b780e95,32347,1,lossless_jpeg_metadata_strip_preserve_orientation_v2,,,
datasets/corn-field-pest-v2/train/fall_armyworm/img_919d840162036a4a6fe0a8f6.jpg,train,fall_armyworm,tom2024,CC BY 4.0,grp_643d87d5c98a2b456e012009,4f30e82feff8221cd2f61215d5a1f3ca966f13ad20d5402a3b1f3fd3deea1093,8709,1,lossless_jpeg_metadata_strip_preserve_orientation_v2,,,
datasets/corn-field-pest-v2/train/grasshopper_unknown/img_7da7959e829d138adb9e33da.jpg,train,grasshopper_unknown,ccmt,CC BY 4.0,grp_0948d1a54166b80cae20af68,7bb1b3af68f832a431795cc6fa633f0e2351e6c7965714433340427d43aafbf6,33545,1,lossless_jpeg_metadata_strip_preserve_orientation_v2,,,
datasets/corn-field-pest-v2/train/fall_armyworm/img_e69767f481164258d90bbc7c.jpg,train,fall_armyworm,tom2024,CC BY 4.0,grp_990789e2e833104c83f0464a,d2c4eab1143c1d4635ccb9bb3ef01ccba6784790971a9514a0df73194cd29fc6,13799,1,lossless_jpeg_metadata_strip_preserve_orientation_v2,,,
datasets/corn-field-pest-v2/val/leaf_beetle_unknown/img_31cd3b7a296323384d8eb751.jpg,val,leaf_beetle_unknown,ccmt,CC BY 4.0,grp_ea82f7389a92dee85cfa4285,ee0e1487babb0e111ed0aa8233dfdeec37d4d0d637e8bd2f48640bed4f0626f0,33332,1,lossless_jpeg_metadata_strip_preserve_orientation_v2,,,
datasets/corn-field-pest-v2/train/healthy/img_11b671d1df5eea3e0fbabfae.jpg,train,healthy,ccmt,CC BY 4.0,grp_2bdb8b989cf306135096dd7a,e28ced8a31d77301fa73f6acf448392108ebafdad0df5a6ff4ba8fd2b353012c,40195,1,lossless_jpeg_metadata_strip_preserve_orientation_v2,,,
datasets/corn-field-pest-v2/train/grasshopper_unknown/img_4fe6b05ef48735eb04e4ea56.jpg,train,grasshopper_unknown,ccmt,CC BY 4.0,grp_583e684e9c6717ecd1cafda3,9f9ffc3389fd793e1e8f64d138cf6eafe4237ee94f115fafc888d94946dcbcb0,32850,1,lossless_jpeg_metadata_strip_preserve_orientation_v2,,,
datasets/corn-field-pest-v2/val/grasshopper_unknown/img_08586a556bba0e0715c6beca.jpg,val,grasshopper_unknown,ccmt,CC BY 4.0,grp_07f72e863e4454409e2910ab,4e44da38fca5db6ee75dfa0560495f59a8ebfa7e1bbe05579bfa11fbc93765f8,47463,1,lossless_jpeg_metadata_strip_preserve_orientation_v2,,,
datasets/corn-field-pest-v2/train/healthy/img_8fe880c12ffc0c69dc038ae1.jpg,train,healthy,tom2024,CC BY 4.0,grp_661b4dfe46f4b659551775f4,ae6c7ac2de9e66782ee51ef80b5b339bea01dfb9cacf1a6586c8c358603ac9c5,7790,1,lossless_jpeg_metadata_strip_preserve_orientation_v2,,,
datasets/corn-field-pest-v2/train/fall_armyworm/img_0aa22f352f21d4fb81999212.jpg,train,fall_armyworm,ccmt,CC BY 4.0,grp_b699085f629cd2a289299303,d18fcc81988ddcd259fc352e14afd818c3c98c6dede5698b8fd14d5ffb071eae,40537,1,lossless_jpeg_metadata_strip_preserve_orientation_v2,,,
datasets/corn-field-pest-v2/train/fall_armyworm/img_32c93d6c186898643e1ee964.jpg,train,fall_armyworm,ccmt,CC BY 4.0,grp_3c3b4de86447bf0d1547c3ba,cfe88980ec8392fe5933d29db03a85b586e3f952b35c816cf25d1dcc983a4fb6,35426,1,lossless_jpeg_metadata_strip_preserve_orientation_v2,,,
datasets/corn-field-pest-v2/train/grasshopper_unknown/img_bba21bf08033f2ab8b5aeb5e.jpg,train,grasshopper_unknown,ccmt,CC BY 4.0,grp_953da412c941acf73f4df856,5894cf76486bb901db4f276d36d741b161753af2bce919865f95e77a1d5639a3,48825,1,lossless_jpeg_metadata_strip_preserve_orientation_v2,,,
datasets/corn-field-pest-v2/train/healthy/img_c81843a6fb231ac815d240d9.jpg,train,healthy,tom2024,CC BY 4.0,grp_ae5be57dee646dc6839c8b10,b8adc48a1138f4bece5aee484e0de07d907248aa63d93bc4b3b0ce93ee5d1c6f,7772,1,lossless_jpeg_metadata_strip_preserve_orientation_v2,,,
datasets/corn-field-pest-v2/train/healthy/img_77af01d6f7a6ab1340c4dad5.jpg,train,healthy,ccmt,CC BY 4.0,grp_702cf5b9a508db8b3cc0066a,1fb7602e270e2cd624fcac2fed2370c44ce3e996789cecf999ad6be81133f69c,46746,1,lossless_jpeg_metadata_strip_preserve_orientation_v2,,,
datasets/corn-field-pest-v2/train/fall_armyworm/img_16ef7fb6c8e9fa5b959eaa86.jpg,train,fall_armyworm,tom2024,CC BY 4.0,grp_45f9a36696756a38a71c93b4,44e3a32fd3e7cb49357b20d67183066e710e3c9af8bcc3cff2b9de65b21e5226,7565,1,lossless_jpeg_metadata_strip_preserve_orientation_v2,,,
datasets/corn-field-pest-v2/train/fall_armyworm/img_10147ac748d672f1b5765015.jpg,train,fall_armyworm,ccmt,CC BY 4.0,grp_83839b31ad681adda56d7b07,1937b899a3e20c8e4daf6352d9931229544b262b145b7c85f89a51ec96a9bbf4,49666,1,lossless_jpeg_metadata_strip_preserve_orientation_v2,,,
datasets/corn-field-pest-v2/val/healthy/img_e86c4a1b65d1b0818143676e.jpg,val,healthy,ccmt,CC BY 4.0,grp_867146a14133322ec0e00dd7,b3375c81c03cb72250bf31802e7707482fbd33e6c09018ef95d421563a169a4a,43750,1,lossless_jpeg_metadata_strip_preserve_orientation_v2,,,
datasets/corn-field-pest-v2/val/healthy/img_525f51279bdc58a6c8da77e7.jpg,val,healthy,ccmt,CC BY 4.0,grp_0ddb7d72e55bb67036906fc3,2846ea3112cb3ebce380419491c032c3a7f68788dc0845fc9f9e263649cbed88,36079,1,lossless_jpeg_metadata_strip_preserve_orientation_v2,,,
datasets/corn-field-pest-v2/train/leaf_beetle_unknown/img_27c3f8e3fbd8c2cd5a982bb9.jpg,train,leaf_beetle_unknown,ccmt,CC BY 4.0,grp_331f73b887c122dab73380d4,e3837707d16e40576fa4e46ad2c708279a0c2973eabad02968c04c1f32657ba4,24507,1,lossless_jpeg_metadata_strip_preserve_orientation_v2,,,
datasets/corn-field-pest-v2/train/fall_armyworm/img_4dd6285f0b5d29c2831df538.jpg,train,fall_armyworm,tom2024,CC BY 4.0,grp_b5a272870acdc7c4dc4a05ec,d6b8573647e2b6eb693f96a593ffd456926218da727f0bdfc4870ad40f35f588,2799,1,lossless_jpeg_metadata_strip_preserve_orientation_v2,,,
datasets/corn-field-pest-v2/train/grasshopper_unknown/img_cf5a217ebc68e8f0f4d30162.jpg,train,grasshopper_unknown,ccmt,CC BY 4.0,grp_343aecc174e7441099536406,5b01c03fccdaa7755c77292ae0563e2e9e12c94e819288ddffd652391c9fcf01,38474,1,lossless_jpeg_metadata_strip_preserve_orientation_v2,,,
datasets/corn-field-pest-v2/train/healthy/img_49dcc24fae1db77be418176e.jpg,train,healthy,tom2024,CC BY 4.0,grp_7ba4ceca38e4c81a295c5045,cb2bb964f670ab2949f8794645fc80a2b7d99e6499b40cd3a234d532f884b412,4439,1,lossless_jpeg_metadata_strip_preserve_orientation_v2,,,
datasets/corn-field-pest-v2/train/leaf_beetle_unknown/img_0b6cd952500f543868b14ea3.jpg,train,leaf_beetle_unknown,ccmt,CC BY 4.0,grp_00e37ed409ab972ba3f0803d,a6d40fda509af2aa3ec081e1da53fc7f02b5bb54dddc0eafd7b8be1bb7594915,25797,1,lossless_jpeg_metadata_strip_preserve_orientation_v2,,,
datasets/corn-field-pest-v2/train/fall_armyworm/img_efa11e6199bf468e84667491.jpg,train,fall_armyworm,ccmt,CC BY 4.0,grp_2c3a1bcfbb75ce137b654ef9,376415d26423ed85666d8a3e9ce1ad9282fe75c25de3443f3a9e83f2e7b66875,53499,1,lossless_jpeg_metadata_strip_preserve_orientation_v2,,,
datasets/corn-field-pest-v2/train/healthy/img_775711f159cab8f76a3987ca.jpg,train,healthy,tom2024,CC BY 4.0,grp_12044073f5e32c77deac3db1,910aab6e126cc07851eb9ffba6c8d273ae3a570e2c2d617850f9477a9aee0764,1661,1,lossless_jpeg_metadata_strip_preserve_orientation_v2,,,
datasets/corn-field-pest-v2/train/leaf_beetle_unknown/img_85b162364f3027b4692f73f0.jpg,train,leaf_beetle_unknown,ccmt,CC BY 4.0,grp_9a6dc816511447680899a3e4,5938574ed7ee1af32386e64681e6d0a1d3b0e572cbaf73dd922b97112164e197,22838,1,lossless_jpeg_metadata_strip_preserve_orientation_v2,,,
datasets/corn-field-pest-v2/val/fall_armyworm/img_037591851409db5c95915acb.jpg,val,fall_armyworm,tom2024,CC BY 4.0,grp_3ff80185c499995178109392,c8e760005a2944d2efd5c893634853698874a7b1e0d78e6dba6573c5ab451b9d,7661,1,lossless_jpeg_metadata_strip_preserve_orientation_v2,,,
datasets/corn-field-pest-v2/train/grasshopper_unknown/img_10bb2c88912dd55d119e8842.jpg,train,grasshopper_unknown,ccmt,CC BY 4.0,grp_9501f757fcacdf113f969362,5b71b83f99f839628b32ddba65e4c5866ef7a6429ad1fe0a82113ba9a680e27b,31768,1,lossless_jpeg_metadata_strip_preserve_orientation_v2,,,
datasets/corn-field-pest-v2/train/leaf_beetle_unknown/img_1ac64ab0dae71df76a8cd966.jpg,train,leaf_beetle_unknown,ccmt,CC BY 4.0,grp_47a0accebf36fb929eea483a,ef5ef0ffe22a31db033e12e88eb00aeb7156535411b0427db8517e2519e89471,36173,1,lossless_jpeg_metadata_strip_preserve_orientation_v2,,,
datasets/corn-field-pest-v2/train/maize_aphid_unknown/img_6695d5d310c978778c8ff51e.jpg,train,maize_aphid_unknown,yeesi,CC BY 4.0,grp_ed471b353f4a6b148da3d189,ae49715fcfa90dfed3ae27faad346a61e9a0c3ed09243d9ae14302f688aed2bc,5856578,1,lossless_jpeg_metadata_strip_preserve_orientation_v2,,,
datasets/corn-field-pest-v2/val/grasshopper_unknown/img_ff86b5267a5f4973a67e21b7.jpg,val,grasshopper_unknown,ccmt,CC BY 4.0,grp_4b0c089bf5e7c794e888b26f,d6bcbabbd597f4a7e1ac48b7240fab12a1edfef2de08934fceb69e05374cb76c,27050,1,lossless_jpeg_metadata_strip_preserve_orientation_v2,,,
datasets/corn-field-pest-v2/train/leaf_beetle_unknown/img_afb3a8c4a23a8d7af41e081f.jpg,train,leaf_beetle_unknown,ccmt,CC BY 4.0,grp_329f66dd28f3425195c4e75e,4c777a49f9d7814386ad169c11484919366cf7ba92f4b57281d3e6653746bb0c,32452,1,lossless_jpeg_metadata_strip_preserve_orientation_v2,,,
datasets/corn-field-pest-v2/val/leaf_beetle_unknown/img_1ae8f9630156716da6c6af41.jpg,val,leaf_beetle_unknown,ccmt,CC BY 4.0,grp_821efcccf4f835db5302fb00,8393068e88206508dcb71f6c0c9061efc674d2597cdcb890da04e8e75f49f559,31683,1,lossless_jpeg_metadata_strip_preserve_orientation_v2,,,
datasets/corn-field-pest-v2/train/leaf_beetle_unknown/img_c46da2f3e53cd69db0c15831.jpg,train,leaf_beetle_unknown,ccmt,CC BY 4.0,grp_51e3678e60b6fb29b3fd0fad,8c93e71226b37150f41295fc1c3498065103b7f85b7277dcaf4496c988aeb0f8,41491,1,lossless_jpeg_metadata_strip_preserve_orientation_v2,,,
datasets/corn-field-pest-v2/train/leaf_beetle_unknown/img_ed40e5c81fa559b32a5a7995.jpg,train,leaf_beetle_unknown,ccmt,CC BY 4.0,grp_9bf5c87422b16a0b44c2a69d,4a7bcea3972b38d7ec6a8156ccc13819a5510a0157908670da865c6e34d86313,41003,1,lossless_jpeg_metadata_strip_preserve_orientation_v2,,,
datasets/corn-field-pest-v2/train/leaf_beetle_unknown/img_45838718ea06d62803e66dad.jpg,train,leaf_beetle_unknown,ccmt,CC BY 4.0,grp_a7eb82e6f117f358e5608652,644496ca6fc203c60e79883c16ac49e30504616a2b7a5da6f0fa072075af836f,30184,1,lossless_jpeg_metadata_strip_preserve_orientation_v2,,,
datasets/corn-field-pest-v2/train/leaf_beetle_unknown/img_04b54753d57e6d1cb5e54a99.jpg,train,leaf_beetle_unknown,ccmt,CC BY 4.0,grp_042b31760cc976b8f20e799e,8d1230f5b30dcd9dbd2f44fd552ecb1887353329897c8c04a4ece4f853a4919c,40475,1,lossless_jpeg_metadata_strip_preserve_orientation_v2,,,
datasets/corn-field-pest-v2/train/fall_armyworm/img_7d4531fa79fe5f7a56f863b9.jpg,train,fall_armyworm,tom2024,CC BY 4.0,grp_a7ea6da553c7d2bb27afbfcc,6a0a189eea7f406197e3fb3d0c207bd8c02d8549c59b08d2457846ec38f2857f,4309,1,lossless_jpeg_metadata_strip_preserve_orientation_v2,,,
datasets/corn-field-pest-v2/train/healthy/img_0b052e4c4610aba4d8bde362.jpg,train,healthy,tom2024,CC BY 4.0,grp_ee1f30855c3d89342468b16f,d2ecea93b77b59cdd8a66c353e7f7d5e408c50121b843f5daff7e9edea8e8043,6831,1,lossless_jpeg_metadata_strip_preserve_orientation_v2,,,
datasets/corn-field-pest-v2/train/leaf_beetle_unknown/img_bf86fdef21648518273a68ec.jpg,train,leaf_beetle_unknown,ccmt,CC BY 4.0,grp_f13a31a2fdf688be0ded63c4,efebfccf8b4ec66a42c597a0974d00a55daabf5e7d5cf45355ba94b3555d763d,32395,1,lossless_jpeg_metadata_strip_preserve_orientation_v2,,,
datasets/corn-field-pest-v2/train/grasshopper_unknown/img_2757c77cbc6ae39e69e4d50b.jpg,train,grasshopper_unknown,ccmt,CC BY 4.0,grp_c7ece6a36166b283a5cc7308,b310ab7ae2b3316dd9a2c59239143974b309452b7a43198969e85d1e9fce127b,46454,1,lossless_jpeg_metadata_strip_preserve_orientation_v2,,,
datasets/corn-field-pest-v2/train/fall_armyworm/img_415d2728bbaeab0770af155e.jpg,train,fall_armyworm,tom2024,CC BY 4.0,grp_e719d48e3856e45e7a7e3b9f,66eba6a514b6f267bceccd4fa4b3f02d198c937f5ad34df6d0805442e8a5db39,5709,1,lossless_jpeg_metadata_strip_preserve_orientation_v2,,,
datasets/corn-field-pest-v2/train/maize_aphid_unknown/img_6e2fc9f1c47e91578ab192f9.jpg,train,maize_aphid_unknown,yeesi,CC BY 4.0,grp_e37eb7f71d9e27f224f6bd58,ff232658ce5b05f26d0eab28d28c87e527ca8964a311e84e74c50503a67e6467,6840684,6,lossless_jpeg_metadata_strip_preserve_orientation_v2,,,
datasets/corn-field-pest-v2/val/fall_armyworm/img_59815d84fb321e5c49532e44.jpg,val,fall_armyworm,tom2024,CC BY 4.0,grp_7d4962d11231ed4d6352bb39,0d5ed541127776d8e3928b9d4a4e30e4fb9bac2d908ea1f26cc139d26ee871e2,6495,1,lossless_jpeg_metadata_strip_preserve_orientation_v2,,,
datasets/corn-field-pest-v2/train/leaf_beetle_unknown/img_36df2ebf65514cd7bb0892b3.jpg,train,leaf_beetle_unknown,ccmt,CC BY 4.0,grp_5c3153dbb850ace85b735e32,eccb38bbf4ea7a2b59d93938dfba5e3c03d59baf65abe47e3d3d1b3450a6b238,28896,1,lossless_jpeg_metadata_strip_preserve_orientation_v2,,,
datasets/corn-field-pest-v2/train/leaf_beetle_unknown/img_d1dc6a51225efbe16bdf7382.jpg,train,leaf_beetle_unknown,ccmt,CC BY 4.0,grp_6716a3a963862f3056a61cf1,c92696ddeaca80ab48d2b8cd8b8711e41f13e5bbade7d92891b23127c0475292,29858,1,lossless_jpeg_metadata_strip_preserve_orientation_v2,,,
datasets/corn-field-pest-v2/train/fall_armyworm/img_d4a660890ac9aa304dd15720.jpg,train,fall_armyworm,ccmt,CC BY 4.0,grp_7a3412bca3cb8519ba1dd8db,968f373146de58c430bb7dff56267bee3640408858e0146ee0b1dd793ccb9431,32758,1,lossless_jpeg_metadata_strip_preserve_orientation_v2,,,
datasets/corn-field-pest-v2/train/leaf_beetle_unknown/img_27c8cb2fb995086321c5a2ce.jpg,train,leaf_beetle_unknown,ccmt,CC BY 4.0,grp_a50cf546c6f5d8129ad5a8d6,802001e5af45351e0825f50cac976c77f00205ee66dc5d0896782ddf175b367d,35757,1,lossless_jpeg_metadata_strip_preserve_orientation_v2,,,
datasets/corn-field-pest-v2/train/grasshopper_unknown/img_9f30f4e625a871571f8c9b34.jpg,train,grasshopper_unknown,ccmt,CC BY 4.0,grp_15dba648a10f5c068dc9743c,6071c71b864e85da1506bb42f9275a8be432936a77e3cfffe478fc7ab64c5d16,36409,1,lossless_jpeg_metadata_strip_preserve_orientation_v2,,,
datasets/corn-field-pest-v2/train/leaf_beetle_unknown/img_5b34b64b358505dca2f1b8be.jpg,train,leaf_beetle_unknown,ccmt,CC BY 4.0,grp_acd1e3006cc4fc2e0c48344f,fde7eae72a5af7fb98f0c12d7bbef08cad8caa7b04d55e21cf203974d9e37fa3,26013,1,lossless_jpeg_metadata_strip_preserve_orientation_v2,,,
datasets/corn-field-pest-v2/train/grasshopper_unknown/img_5313dd637ec8184d44d0563a.jpg,train,grasshopper_unknown,ccmt,CC BY 4.0,grp_fd5a5095075a7bbb2d7f0fce,9828d396e9fce8f8090ac154dd467eaa6e65fcb3b12ef60f85273334fe1ac56b,73752,1,lossless_jpeg_metadata_strip_preserve_orientation_v2,,,
datasets/corn-field-pest-v2/train/fall_armyworm/img_3849780d402c078150d20e41.jpg,train,fall_armyworm,ccmt,CC BY 4.0,grp_12924ad7ca461227f8fe6d38,c724cabee3ca72c5868c71b343fa7f80183a2a66f2f3768fda28e4f07199d146,59257,1,lossless_jpeg_metadata_strip_preserve_orientation_v2,,,
datasets/corn-field-pest-v2/train/grasshopper_unknown/img_4f485eaca3c8071e6648f456.jpg,train,grasshopper_unknown,ccmt,CC BY 4.0,grp_bab3d879977fe5bca3ad99ed,bdadfc77c735eaa76dbbc25c55dcfb3c90efb75ba87e3f6e589c43d89366ace0,50061,1,lossless_jpeg_metadata_strip_preserve_orientation_v2,,,
datasets/corn-field-pest-v2/val/fall_armyworm/img_06c5c779ca3dc4e05441e58e.jpg,val,fall_armyworm,ccmt,CC BY 4.0,grp_70b9d9bff456b5413e9d365c,7effbbb2ee79d605c96a0a87ccd72114bf85e788321c59daa5ffb71e8879fae7,24277,1,lossless_jpeg_metadata_strip_preserve_orientation_v2,,,
datasets/corn-field-pest-v2/val/grasshopper_unknown/img_3034ecb008df49b2941828cc.jpg,val,grasshopper_unknown,ccmt,CC BY 4.0,grp_b65b0c7e7912474b3d855562,64fddd606f56f4488cc1435d0465c58407ee4e61ac6bd7a54cbc52e593bb6337,39851,1,lossless_jpeg_metadata_strip_preserve_orientation_v2,,,
datasets/corn-field-pest-v2/train/leaf_beetle_unknown/img_240444ac0b85d694f742d611.jpg,train,leaf_beetle_unknown,ccmt,CC BY 4.0,grp_193a5009a88d25539f6f7904,4beac66c7ddc22b7049763c041f7f51df959b6b885d57e25426c40cf007480e4,22785,1,lossless_jpeg_metadata_strip_preserve_orientation_v2,,,
datasets/corn-field-pest-v2/val/grasshopper_unknown/img_501e869c3206a647cf1b8476.jpg,val,grasshopper_unknown,ccmt,CC BY 4.0,grp_e16fb48e6811015dc22bff8c,3a44ef7d3ede9719bc6c795222e41f4c71775eade768787f63c701116fd71c91,44746,1,lossless_jpeg_metadata_strip_preserve_orientation_v2,,,
datasets/corn-field-pest-v2/train/maize_aphid_unknown/img_a17b39a6bbfa6a67ce65fc4b.jpg,train,maize_aphid_unknown,yeesi,CC BY 4.0,grp_ed471b353f4a6b148da3d189,6684ff006291598243c876b4a5fa04da32f6230c4df6a579494027778ddf9fa3,5453334,1,lossless_jpeg_metadata_strip_preserve_orientation_v2,,,
datasets/corn-field-pest-v2/train/healthy/img_c56311f2859101be116b9afc.jpg,train,healthy,ccmt,CC BY 4.0,grp_5a4c3802b83f5f99d0e622e4,78802615ca6ad815579c25a8d1797bbcf7ddd7ffa557fd0fef4b35aa1e1fa32d,40618,1,lossless_jpeg_metadata_strip_preserve_orientation_v2,,,
datasets/corn-field-pest-v2/val/leaf_beetle_unknown/img_c4d1c93ebcd71bfcbc65e06d.jpg,val,leaf_beetle_unknown,ccmt,CC BY 4.0,grp_9a11c28c5ea9521ba3bfeae4,a0346075ef7c11bac3659a85540c660261e7046663de1b2121d5e68eae13da74,29809,1,lossless_jpeg_metadata_strip_preserve_orientation_v2,,,
datasets/corn-field-pest-v2/train/fall_armyworm/img_2a308d7d4a94f6a9222d4234.jpg,train,fall_armyworm,ccmt,CC BY 4.0,grp_1d3a6d41992105544f86300a,337773a165b7dba52cad00e91a40129e8653b6fd81f0557bb0056e5ea60cb646,38999,1,lossless_jpeg_metadata_strip_preserve_orientation_v2,,,
datasets/corn-field-pest-v2/train/grasshopper_unknown/img_2cba20b95e34cf748ef05557.jpg,train,grasshopper_unknown,ccmt,CC BY 4.0,grp_0815c6883c662d9378420a0c,f7b9bc4b8bcf0fd5bffc5116b59ca64f8fa7fcd46b4fde7bd977c25dcd3a93a5,30258,1,lossless_jpeg_metadata_strip_preserve_orientation_v2,,,
datasets/corn-field-pest-v2/train/leaf_beetle_unknown/img_eca1729f0c1496a988ccbcea.jpg,train,leaf_beetle_unknown,ccmt,CC BY 4.0,grp_701882635a7f51d69b814940,14966554b8f07d7fb874b5c296066ae2aa4b186b5d91a0605d0e89091f5db447,22456,1,lossless_jpeg_metadata_strip_preserve_orientation_v2,,,
datasets/corn-field-pest-v2/train/leaf_beetle_unknown/img_665902323f620d7a3d8d5740.jpg,train,leaf_beetle_unknown,ccmt,CC BY 4.0,grp_f8bdf7dcd2eee3be093e6311,a52f5440b9b2abcb90bd28212c5037e6d22752607568e9fe7eb52db2784ec06d,22051,1,lossless_jpeg_metadata_strip_preserve_orientation_v2,,,
datasets/corn-field-pest-v2/train/leaf_beetle_unknown/img_3affeb71e48eb3a7f195041e.jpg,train,leaf_beetle_unknown,ccmt,CC BY 4.0,grp_6e75a05372371635539f824b,1f38d9b887f002e821e300cf4005304c5189ef6b09eff3558b6d500b141093a1,34369,1,lossless_jpeg_metadata_strip_preserve_orientation_v2,,,
datasets/corn-field-pest-v2/train/fall_armyworm/img_d8b29718103a598e9ce2cb15.jpg,train,fall_armyworm,tom2024,CC BY 4.0,grp_509cd35acb86cdaddd9e618f,9d41c44aa561ae90f4bc6f5066d852a9b57f9f2bc247f6b525213e9e2bae9f29,12621,1,lossless_jpeg_metadata_strip_preserve_orientation_v2,,,
datasets/corn-field-pest-v2/val/fall_armyworm/img_d59bc29f0770f6102c7bc2af.jpg,val,fall_armyworm,tom2024,CC BY 4.0,grp_01a5642e0c8b08bf20b02962,da902bf1cfafb8225dfd52b065f34c450486c8bcd68f08e5804aee7b0471ffd7,2123,1,lossless_jpeg_metadata_strip_preserve_orientation_v2,,,
datasets/corn-field-pest-v2/train/fall_armyworm/img_da590c76503d69560123b2be.jpg,train,fall_armyworm,tom2024,CC BY 4.0,grp_a19d89eec8ac65ed1a946a60,6eeffa4a60f1e1525e61a8f86de4dbc22bfe4caf73e9983e810eb3056288c3fd,6091,1,lossless_jpeg_metadata_strip_preserve_orientation_v2,,,
datasets/corn-field-pest-v2/train/grasshopper_unknown/img_dc4ff2d9e70661dd15640d57.jpg,train,grasshopper_unknown,ccmt,CC BY 4.0,grp_b3c270b1f591df5a78b9b5f1,1b105db888587e53d6c56027a9ecab9fc2e0a2575f970efdf36258b5125b2293,65297,1,lossless_jpeg_metadata_strip_preserve_orientation_v2,,,
datasets/corn-field-pest-v2/train/maize_aphid_unknown/img_9eaae8b914fba61879084cfe.jpg,train,maize_aphid_unknown,yeesi,CC BY 4.0,grp_ed471b353f4a6b148da3d189,7d9e4c0e6adaa2f382e141b573c8df7a1b5af09b8d303174d3ecda8636f2b5fe,5773578,1,lossless_jpeg_metadata_strip_preserve_orientation_v2,,,
datasets/corn-field-pest-v2/train/grasshopper_unknown/img_77dfd5f4ba536d723ab1d103.jpg,train,grasshopper_unknown,ccmt,CC BY 4.0,grp_6b83d22c7a891139c6f33452,be8f6b9d74926e365ee34df2601bc15c67febefc02d3f8cbbe3301b01d3a7fcb,37929,1,lossless_jpeg_metadata_strip_preserve_orientation_v2,,,
datasets/corn-field-pest-v2/val/healthy/img_a1c6e72550f8b1375e1a655d.jpg,val,healthy,ccmt,CC BY 4.0,grp_d6b58c721afc2191c2d9d9c4,4e69cf6be81e0f2d444000a7659c1e8968cc44fa5df38ae51a3da86250a8034c,59718,1,lossless_jpeg_metadata_strip_preserve_orientation_v2,,,
datasets/corn-field-pest-v2/val/healthy/img_0d645b2018333a1b4b28e8d2.jpg,val,healthy,ccmt,CC BY 4.0,grp_88afa765797a9aacdad606ea,f19dcea47e5662302cb7aa7aeabce5b8101ad059d1e39d9b3e2a3fc72e7292ca,46671,1,lossless_jpeg_metadata_strip_preserve_orientation_v2,,,
datasets/corn-field-pest-v2/train/leaf_beetle_unknown/img_7519229a31c84dc193070c0f.jpg,train,leaf_beetle_unknown,ccmt,CC BY 4.0,grp_54e5e81451472180d6d92fe1,5645b20321078d309d0042316ace327722574852d36288ea7a34c8cad2afb899,51101,1,lossless_jpeg_metadata_strip_preserve_orientation_v2,,,
datasets/corn-field-pest-v2/val/grasshopper_unknown/img_ef09a72c43c9ac9abd8f4d92.jpg,val,grasshopper_unknown,ccmt,CC BY 4.0,grp_4f200104bf5defa606106750,be453501afa7138d929aee7644dc25811107a2a6c7c919a5f939e8fbfdc9caeb,32166,1,lossless_jpeg_metadata_strip_preserve_orientation_v2,,,
datasets/corn-field-pest-v2/train/grasshopper_unknown/img_a3d8d289980d98f73f29e17d.jpg,train,grasshopper_unknown,ccmt,CC BY 4.0,grp_e7bac229f2e2dfad247908ce,399fde577aa88cb430de6b62ff7d26c4b884a6ee13916182a3f24c81eb93ceb4,43035,1,lossless_jpeg_metadata_strip_preserve_orientation_v2,,,
datasets/corn-field-pest-v2/train/leaf_beetle_unknown/img_e1c9d6efa58434635608a68f.jpg,train,leaf_beetle_unknown,ccmt,CC BY 4.0,grp_7c612d637086b2e5ea876e28,daa1f5456226038e9e5654f5f4e28cb2a324ebc632ecd7502b47e8656c841753,26533,1,lossless_jpeg_metadata_strip_preserve_orientation_v2,,,
datasets/corn-field-pest-v2/train/fall_armyworm/img_a2fdc94db7e02c86cf7e9580.jpg,train,fall_armyworm,ccmt,CC BY 4.0,grp_9a27eadf4f28b0987efb33ef,69c98a7e268ae4f056f391044bc4e398f1bc243bf574103f96c8837f77681ca4,43647,1,lossless_jpeg_metadata_strip_preserve_orientation_v2,,,
datasets/corn-field-pest-v2/val/grasshopper_unknown/img_a9df5154e64859d03787e81e.jpg,val,grasshopper_unknown,ccmt,CC BY 4.0,grp_4500ec8e815a7018d8f00a09,955772ec11972a52461012213a5b929c84f9ba3d5cc7e3457a10aa94820715e1,29639,1,lossless_jpeg_metadata_strip_preserve_orientation_v2,,,
datasets/corn-field-pest-v2/train/leaf_beetle_unknown/img_d9548e946f353c3d0c5ba50f.jpg,train,leaf_beetle_unknown,ccmt,CC BY 4.0,grp_f07fc8f240a4888708cd94c5,f86535ee8ac785f962b67fed5ea59f9caef671f13e19752fdd364354b8ef84bc,54092,1,lossless_jpeg_metadata_strip_preserve_orientation_v2,,,
datasets/corn-field-pest-v2/train/fall_armyworm/img_b225379fef916e0567832734.jpg,train,fall_armyworm,ccmt,CC BY 4.0,grp_115538eda3baf1f93778ab3a,7784dfa9ed34708ce6254884e9df1999624ccacd62620bdd5b1fcd1c562680cc,36389,1,lossless_jpeg_metadata_strip_preserve_orientation_v2,,,
datasets/corn-field-pest-v2/train/leaf_beetle_unknown/img_28b4967e4f5c37369d975fb2.jpg,train,leaf_beetle_unknown,ccmt,CC BY 4.0,grp_4cd559dcaef64f4148e0441e,392d8ed2e1392e0990cd06f2cbc7064ff43fbb1eb047acf0c40b8fdafeac1f7d,27788,1,lossless_jpeg_metadata_strip_preserve_orientation_v2,,,
datasets/corn-field-pest-v2/train/fall_armyworm/img_18f8369c2394967ae4c35093.jpg,train,fall_armyworm,ccmt,CC BY 4.0,grp_87bb795fd24469e61ff95693,42deef1a121891721d9fa231819dece94cfc5f112d03ebc9fe8088388414a2ad,49508,1,lossless_jpeg_metadata_strip_preserve_orientation_v2,,,
datasets/corn-field-pest-v2/val/grasshopper_unknown/img_99ddf7ca7a537d65e82e4e8b.jpg,val,grasshopper_unknown,ccmt,CC BY 4.0,grp_c141a5ef73748015f5d93f5d,2c2bbbe775372344ccc15494912804f840713d4cdac59d00ec1c117110cd1283,61125,1,lossless_jpeg_metadata_strip_preserve_orientation_v2,,,
datasets/corn-field-pest-v2/train/leaf_beetle_unknown/img_d6ec90a8b2e769cedd42644a.jpg,train,leaf_beetle_unknown,ccmt,CC BY 4.0,grp_b01909996f029ccfce07a93f,b0a3a7f47e41151a8dec10a836a084c01742cc5f037b50de050dcab21240ad35,25279,1,lossless_jpeg_metadata_strip_preserve_orientation_v2,,,
datasets/corn-field-pest-v2/val/grasshopper_unknown/img_bff9da1d665012993cd2cf5d.jpg,val,grasshopper_unknown,ccmt,CC BY 4.0,grp_183df1a9760ce399de124dc7,91a960510ec9ede3496ef07e8ce940738812e0b7b817e2f3e968d9cb066edca4,28472,1,lossless_jpeg_metadata_strip_preserve_orientation_v2,,,
datasets/corn-field-pest-v2/train/fall_armyworm/img_8659bfdcb4a91ab337f3a813.jpg,train,fall_armyworm,tom2024,CC BY 4.0,grp_3b25b3bb9e37f80f4014be3a,d7001bb5bb92f1a7d5a061b158185195f10b51caa7a6f075bf21203d087cb04d,16750,1,lossless_jpeg_metadata_strip_preserve_orientation_v2,,,
datasets/corn-field-pest-v2/train/fall_armyworm/img_93196b3f1c70f294ae7e907b.jpg,train,fall_armyworm,tom2024,CC BY 4.0,grp_a3dd94a08f723946259d29c1,7680999ee5f9b00f57463d074410960bc77d0377d40096744a77ba19d1f72122,17598,1,lossless_jpeg_metadata_strip_preserve_orientation_v2,,,
datasets/corn-field-pest-v2/val/grasshopper_unknown/img_08edef8d378b9a00cec9c982.jpg,val,grasshopper_unknown,ccmt,CC BY 4.0,grp_dbf075049593ead24613d01d,272a03db1bb9c540abf6077b87bf17617ac657bb4e1629abc6dd3d701fb15957,36278,1,lossless_jpeg_metadata_strip_preserve_orientation_v2,,,
datasets/corn-field-pest-v2/train/healthy/img_0227011863d748da96b7a4da.jpg,train,healthy,tom2024,CC BY 4.0,grp_a2c6884cebe728652fa08f1a,371ec7824417fc9238d0c72a85222a4ef7dee703fc754801b55b1b9aa56e575c,4734,1,lossless_jpeg_metadata_strip_preserve_orientation_v2,,,
datasets/corn-field-pest-v2/train/fall_armyworm/img_d9d1c86726020056190d00ba.jpg,train,fall_armyworm,ccmt,CC BY 4.0,grp_ca05a0577a533e19cb31d6d1,cc8e9db60a4e39e9f683e1391d724a2158e00069eec71ac5584a7bba07014372,38646,1,lossless_jpeg_metadata_strip_preserve_orientation_v2,,,
datasets/corn-field-pest-v2/train/grasshopper_unknown/img_09e62f7647b2a0389c3d3f88.jpg,train,grasshopper_unknown,ccmt,CC BY 4.0,grp_5e051da472799561221bf4f4,2919b03d98c38c18a9da3f342547fa72c39afd4de5a8d9e790e126587cf551ed,39163,1,lossless_jpeg_metadata_strip_preserve_orientation_v2,,,
datasets/corn-field-pest-v2/train/fall_armyworm/img_a34066da351953db6da3b7bb.jpg,train,fall_armyworm,tom2024,CC BY 4.0,grp_86e32bd573fe42fb9c81330d,56d009bdda77a7b2d7ab9241fd60e49d91c8fbcdf09461df18faa22a4818d6d6,9905,1,lossless_jpeg_metadata_strip_preserve_orientation_v2,,,
datasets/corn-field-pest-v2/train/healthy/img_b062a843cab8eb93829901fc.jpg,train,healthy,tom2024,CC BY 4.0,grp_986c048b7a7757ac186d298b,40be15ae0bfe0417fb3ecd18be1d08a9709a8e00753d5e7177790198d6714dfe,11774,1,lossless_jpeg_metadata_strip_preserve_orientation_v2,,,
datasets/corn-field-pest-v2/train/fall_armyworm/img_48401e07cf21f61f9a6af1c5.jpg,train,fall_armyworm,ccmt,CC BY 4.0,grp_d3ba544f1e295b8ba0541c9a,1c3d539bab10d46db4eefb749ad8d8b2063246fe70a7ebc6f412f8f58d2c86e5,70313,1,lossless_jpeg_metadata_strip_preserve_orientation_v2,,,
datasets/corn-field-pest-v2/val/healthy/img_c9e23a8aebc7cba47559192f.jpg,val,healthy,ccmt,CC BY 4.0,grp_72722c969d5741b18df4d41e,7fd6e4db9a2345f5d296eb6fd2fe7972e1be43d8c23dd99b1958c0c53bb3ab02,44061,1,lossless_jpeg_metadata_strip_preserve_orientation_v2,,,
datasets/corn-field-pest-v2/val/leaf_beetle_unknown/img_7c85b88706ea29d529ef2c00.jpg,val,leaf_beetle_unknown,ccmt,CC BY 4.0,grp_1b682481e7125faab30eacea,7b14a09af95797889eb222629c9d493e179bab57a70be67604fb88455183b66b,38170,1,lossless_jpeg_metadata_strip_preserve_orientation_v2,,,
datasets/corn-field-pest-v2/train/leaf_beetle_unknown/img_cd79c5b7d3ba896b5da7eb8e.jpg,train,leaf_beetle_unknown,ccmt,CC BY 4.0,grp_d06f8a413f997ea5db91ff6f,2835d87a3d803fd35ffc5b7c158ea8f885269b0ee5e652679ee09a80757915a3,33474,1,lossless_jpeg_metadata_strip_preserve_orientation_v2,,,
datasets/corn-field-pest-v2/val/leaf_beetle_unknown/img_8da7f5f2172d27fe17050b1e.jpg,val,leaf_beetle_unknown,ccmt,CC BY 4.0,grp_220da5347d261ef5c5e65ed4,4dfb2824bf065913a5eab232de715effcd318ade4be9914b85d85b7c8d9a6088,27262,1,lossless_jpeg_metadata_strip_preserve_orientation_v2,,,
datasets/corn-field-pest-v2/train/maize_aphid_unknown/img_e280c0d14cb037002cb2ed2f.jpg,train,maize_aphid_unknown,yeesi,CC BY 4.0,grp_ed471b353f4a6b148da3d189,ba9e93f69582117a463f180d65001cd004713c9dd75f4666c433e654e5898cc0,5703270,1,lossless_jpeg_metadata_strip_preserve_orientation_v2,,,
datasets/corn-field-pest-v2/train/grasshopper_unknown/img_e11cd498ef84161b483f20b7.jpg,train,grasshopper_unknown,ccmt,CC BY 4.0,grp_8c0f273bd9884d259699ce07,9671c0b768a0327c1e2a55bcd55374cffad881485eb1a157091979e992d7f760,33323,1,lossless_jpeg_metadata_strip_preserve_orientation_v2,,,
datasets/corn-field-pest-v2/train/fall_armyworm/img_0f51fdc19926efb4662c9a33.jpg,train,fall_armyworm,ccmt,CC BY 4.0,grp_ec48b441d21e84af470a6d5b,86e06ba119acf9caed52eb465a7d2c242b14cc92fc9ee8d2b41e33f794283bc7,43409,1,lossless_jpeg_metadata_strip_preserve_orientation_v2,,,
datasets/corn-field-pest-v2/val/leaf_beetle_unknown/img_ff7c9c12572340646c28d2f2.jpg,val,leaf_beetle_unknown,ccmt,CC BY 4.0,grp_8c9fff8a248a01b6f7e1556c,d4675fdbd63e6b6739cb516c210b5dacbc48122d1f2e37b4843ba30aa5edb3af,27835,1,lossless_jpeg_metadata_strip_preserve_orientation_v2,,,
datasets/corn-field-pest-v2/val/leaf_beetle_unknown/img_738b739d9d10d7a7a6380360.jpg,val,leaf_beetle_unknown,ccmt,CC BY 4.0,grp_58d4e0d64bf372808150b777,c5adb022fcc878caa5ad07d3fd3122ab7254a6e639043cdaed7eda99f458357a,40537,1,lossless_jpeg_metadata_strip_preserve_orientation_v2,,,
datasets/corn-field-pest-v2/train/fall_armyworm/img_987ffc33c559e6c1f435b62b.jpg,train,fall_armyworm,ccmt,CC BY 4.0,grp_2aebfad219ac8cc33fc0551d,83bb643771f93f7f3e5dcab3d726c6ab1c4c84ffce5b68c663ccdbe8480896a1,34950,1,lossless_jpeg_metadata_strip_preserve_orientation_v2,,,
datasets/corn-field-pest-v2/val/fall_armyworm/img_c84723f0a1c8bbabaf477f38.jpg,val,fall_armyworm,ccmt,CC BY 4.0,grp_e2d16dddc1c1fd9a87abaf05,499c08e9e1c9d480e74eba4c6d45bd7de54a477a97c15318b1a24ba63981fe92,57343,1,lossless_jpeg_metadata_strip_preserve_orientation_v2,,,
datasets/corn-field-pest-v2/train/fall_armyworm/img_b6f4b610c0ab3cbe8bc07d52.jpg,train,fall_armyworm,tom2024,CC BY 4.0,grp_6d4738a604cde2c312444c28,b94ed511f93fc34bdf0ce0104d006af2c1cdef91b44326fc59d038d76d3527fe,3755,1,lossless_jpeg_metadata_strip_preserve_orientation_v2,,,
datasets/corn-field-pest-v2/train/healthy/img_dfe1fd77902e27d86938b207.jpg,train,healthy,tom2024,CC BY 4.0,grp_7ba4ceca38e4c81a295c5045,e5af60fe82d691f43dd99f1af96f28699419009f8d7057ef18b03667df35412e,4824,1,lossless_jpeg_metadata_strip_preserve_orientation_v2,,,
datasets/corn-field-pest-v2/train/fall_armyworm/img_2eb7b36a1a21a0e8335427f8.jpg,train,fall_armyworm,tom2024,CC BY 4.0,grp_ce588d1252d602c24f7198c5,9fae08b8d8fb4af0c9fa28035a422d993a9fe118026888fd6ce26a3fdb76e9ee,10062,1,lossless_jpeg_metadata_strip_preserve_orientation_v2,,,
datasets/corn-field-pest-v2/val/healthy/img_e3b68619eeee9ba3aad52d12.jpg,val,healthy,tom2024,CC BY 4.0,grp_5921cfae928640a203796a47,52b54af2a5d9aba716e300575a5ffc35729619e60a5144f1ac357c5f5fb87cfd,7344,1,lossless_jpeg_metadata_strip_preserve_orientation_v2,,,
datasets/corn-field-pest-v2/train/leaf_beetle_unknown/img_c33c94787e616ebac97acbb2.jpg,train,leaf_beetle_unknown,ccmt,CC BY 4.0,grp_d522bee3aae46b086f2943fe,2ce33df306b494876623c2588a06f930eee8f7225e8ae1ccbc65b80a8e06aab2,28163,1,lossless_jpeg_metadata_strip_preserve_orientation_v2,,,
datasets/corn-field-pest-v2/train/fall_armyworm/img_9e863f80b5acc4102e12b584.jpg,train,fall_armyworm,ccmt,CC BY 4.0,grp_0acd4a7c2fad0865918c3b04,b4c2a5078c2887477cc69bd43fa23f76b923730d6e45315ae1a5cbb84c58a46b,45058,1,lossless_jpeg_metadata_strip_preserve_orientation_v2,,,
datasets/corn-field-pest-v2/train/fall_armyworm/img_1dbae08aad1afbb35fc3bafd.jpg,train,fall_armyworm,tom2024,CC BY 4.0,grp_9a7e9b3bc42bd1bbe98cbdad,95b166415b4917df42180c4de7918577afe1bec53320f27f283a76d27fe60997,13178,1,lossless_jpeg_metadata_strip_preserve_orientation_v2,,,
datasets/corn-field-pest-v2/train/leaf_beetle_unknown/img_ff6752b7760555dac8e650f5.jpg,train,leaf_beetle_unknown,ccmt,CC BY 4.0,grp_97ac5488190a4e7a8661bde6,22a46a7044cd1114331769d8cb9237f06cbc23336ec16bda39bf2813a90e4610,52558,1,lossless_jpeg_metadata_strip_preserve_orientation_v2,,,
datasets/corn-field-pest-v2/val/leaf_beetle_unknown/img_510538293703c568a24f0afd.jpg,val,leaf_beetle_unknown,ccmt,CC BY 4.0,grp_5ed2588a455c17278c7e0194,6bf270411cd567c05885fc07138a6f4fcaf8f85a424220174a65fe3c9dcb953b,42216,1,lossless_jpeg_metadata_strip_preserve_orientation_v2,,,
datasets/corn-field-pest-v2/train/grasshopper_unknown/img_1d21c25d4f36fffda546c019.jpg,train,grasshopper_unknown,ccmt,CC BY 4.0,grp_f10b5ab56f23059fcbd9cdc0,126e1ef0cff0e6fdcd092383d5618766663936171a88d32f3d45569f7fec165a,30537,1,lossless_jpeg_metadata_strip_preserve_orientation_v2,,,
datasets/corn-field-pest-v2/train/leaf_beetle_unknown/img_e194378d10129229a225fc2e.jpg,train,leaf_beetle_unknown,ccmt,CC BY 4.0,grp_a7296191940810e4884e6749,cdf82222f4e8ca7f824f6a14558cd3f882a2b4b8bb4579ac5f6d3eb455990760,32136,1,lossless_jpeg_metadata_strip_preserve_orientation_v2,,,
datasets/corn-field-pest-v2/val/leaf_beetle_unknown/img_448c82335d263b68799ac1d3.jpg,val,leaf_beetle_unknown,ccmt,CC BY 4.0,grp_5314521e54149bf5d8fd71ef,52d08edaca49ad83188c1f51baf3890589a71e6761f23391d262fb75094027f9,35385,1,lossless_jpeg_metadata_strip_preserve_orientation_v2,,,
datasets/corn-field-pest-v2/train/fall_armyworm/img_b8292e5194f1776d94920500.jpg,train,fall_armyworm,ccmt,CC BY 4.0,grp_01f8a3f9bc3dd3aa08bcd32d,280512e94ed8930d7fda9fb841d9118abaa32ae08a2684b0965a4faae17e509b,67391,1,lossless_jpeg_metadata_strip_preserve_orientation_v2,,,
datasets/corn-field-pest-v2/train/grasshopper_unknown/img_9a370c76ddec490088534147.jpg,train,grasshopper_unknown,ccmt,CC BY 4.0,grp_4a49ba19607f5f85eb87d00f,23eb842766c1b11947de952cb2e2c2ee1d1f878af687a135747cb0e61b9804d6,32463,1,lossless_jpeg_metadata_strip_preserve_orientation_v2,,,
datasets/corn-field-pest-v2/train/leaf_beetle_unknown/img_4857dd1235d6b437a1abe378.jpg,train,leaf_beetle_unknown,ccmt,CC BY 4.0,grp_daeabe1b039595f71e642265,ca8fa3c69a2a8d37fa9c7458b08672779f77fb8d02de5982c43423dd7be521e5,31811,1,lossless_jpeg_metadata_strip_preserve_orientation_v2,,,
datasets/corn-field-pest-v2/train/leaf_beetle_unknown/img_815469525f750b7dd57ee7a9.jpg,train,leaf_beetle_unknown,ccmt,CC BY 4.0,grp_8121ab5ed6323de634c98ccb,d7945f7718cae48067928a3afedbc2d7f5a9881187bbeb76901e7204ef9231fa,28338,1,lossless_jpeg_metadata_strip_preserve_orientation_v2,,,
datasets/corn-field-pest-v2/train/fall_armyworm/img_759b9875dc3c50fc8c3e5e48.jpg,train,fall_armyworm,ccmt,CC BY 4.0,grp_bb2c92633f7303e189904396,1136f0ebba03c3161846826b5e4023e8b59e09da4a3ebd757160668263490a6d,34092,1,lossless_jpeg_metadata_strip_preserve_orientation_v2,,,
datasets/corn-field-pest-v2/train/leaf_beetle_unknown/img_b68be03cbcb1075f657a4f7c.jpg,train,leaf_beetle_unknown,ccmt,CC BY 4.0,grp_366e59b339fc4e4d787b47b4,1cfa4dfc5c6161bfbc662012981611a1ef42321c6859a1a888599dbf2720081d,32273,1,lossless_jpeg_metadata_strip_preserve_orientation_v2,,,
datasets/corn-field-pest-v2/train/grasshopper_unknown/img_5e0cb4d210669025baf16be3.jpg,train,grasshopper_unknown,ccmt,CC BY 4.0,grp_aea960ce4e9cf1c6e97b8003,4e58af6c58aa51c30599b353f7519acc95725608dd33d7548d3b20e61c4c72c8,37679,1,lossless_jpeg_metadata_strip_preserve_orientation_v2,,,
datasets/corn-field-pest-v2/train/healthy/img_4f6cbab5fe90ecfec699cdb2.jpg,train,healthy,ccmt,CC BY 4.0,grp_9253016d4188985e9419d042,a221efc2a5cb30e88df1cb80e81547ed4bb484d54a4f33bab588049320ec671f,33240,1,lossless_jpeg_metadata_strip_preserve_orientation_v2,,,
datasets/corn-field-pest-v2/train/fall_armyworm/img_0f1ca5ee80a7c06ff2ec4c8e.jpg,train,fall_armyworm,tom2024,CC BY 4.0,grp_00185029d3ea8cd66cb07b01,166ee462307df466771387349aa37bcbf207401f90cec4084f0c08b6b6c472db,8155,1,lossless_jpeg_metadata_strip_preserve_orientation_v2,,,
datasets/corn-field-pest-v2/train/maize_aphid_unknown/img_4308311f94a3a09502abccd3.jpg,train,maize_aphid_unknown,yeesi,CC BY 4.0,grp_ed471b353f4a6b148da3d189,7e7aa37edf564c8a149d087d46924b6c604bafb02f683192fd884548a01a43c3,5126171,1,lossless_jpeg_metadata_strip_preserve_orientation_v2,,,
datasets/corn-field-pest-v2/val/fall_armyworm/img_6d70c13e313254ba239334a0.jpg,val,fall_armyworm,tom2024,CC BY 4.0,grp_281f9ba2eb7d28c2c82eeb9d,0b9c7eb41c47e38c1c964e5708ec593bd2a20d5a83e8ef054f8965c8b139afac,3199,1,lossless_jpeg_metadata_strip_preserve_orientation_v2,,,
datasets/corn-field-pest-v2/train/healthy/img_ace8e561f6e449e99b2d3db0.jpg,train,healthy,ccmt,CC BY 4.0,grp_de26433339960f7e5dcccdb9,9cae10a8c03330169a5bb9157b8aa3a5bfec6f8f06325c52da582701417d831d,52012,1,lossless_jpeg_metadata_strip_preserve_orientation_v2,,,
datasets/corn-field-pest-v2/train/healthy/img_08b5a998c7a092d4101eecc3.jpg,train,healthy,ccmt,CC BY 4.0,grp_e4c85cd360205501c3506eb9,3297be39565ae29a45520f6a6ebdd85502d2a31b5e241d26373d72f14841373b,34530,1,lossless_jpeg_metadata_strip_preserve_orientation_v2,,,
datasets/corn-field-pest-v2/val/fall_armyworm/img_4a08ef7ae9531bef15017d69.jpg,val,fall_armyworm,ccmt,CC BY 4.0,grp_167b4a83177e1b38c6a2b41c,206f8de3211acb2e6b48ea11bde77840d77084f879c9df7e580b30ffae3ff576,41950,1,lossless_jpeg_metadata_strip_preserve_orientation_v2,,,
datasets/corn-field-pest-v2/train/fall_armyworm/img_eae22b1102b7ffa7aeda42b6.jpg,train,fall_armyworm,tom2024,CC BY 4.0,grp_e530d78cccd2b5366d110a2b,76246410effcc1b3dfcac8374c7d4eb935022a59b22b03ec7ded145c61d0b013,6326,1,lossless_jpeg_metadata_strip_preserve_orientation_v2,,,
datasets/corn-field-pest-v2/val/healthy/img_c18178a1bfc39da887fa8b93.jpg,val,healthy,tom2024,CC BY 4.0,grp_ccfc0e96a51b65772589ea27,90d23fa59672070d45eec3d9afe15f64a698e86106e22f84396f356afbdf6a33,11608,1,lossless_jpeg_metadata_strip_preserve_orientation_v2,,,
datasets/corn-field-pest-v2/val/leaf_beetle_unknown/img_994ad299648728ba0be5ff14.jpg,val,leaf_beetle_unknown,ccmt,CC BY 4.0,grp_1835b94145ebd2e2bf07d9f0,e23490611c1b66df8559e6645b304c65a78b11b37f961cecbf67efea148e0041,29274,1,lossless_jpeg_metadata_strip_preserve_orientation_v2,,,
datasets/corn-field-pest-v2/val/leaf_beetle_unknown/img_94cdef7352df5a99b8089425.jpg,val,leaf_beetle_unknown,ccmt,CC BY 4.0,grp_638f588b31a533c76670af07,e09c24a27765bcf532a4dc5e33fd9de6625e4ea123ba82213d7a763bced43328,33428,1,lossless_jpeg_metadata_strip_preserve_orientation_v2,,,
datasets/corn-field-pest-v2/train/healthy/img_5f97ae1a04098153798f0fad.jpg,train,healthy,tom2024,CC BY 4.0,grp_1ac23828ce7518944b9ec827,956910554e11f24277c16feb3007d699fb4aa2536320f3ac17f6536cafa12549,9238,1,lossless_jpeg_metadata_strip_preserve_orientation_v2,,,
datasets/corn-field-pest-v2/train/fall_armyworm/img_2d7f434cbb69e08c1ac8e373.jpg,train,fall_armyworm,tom2024,CC BY 4.0,grp_5b6df6dd74610e92deb19f4b,64576ebc66fbfa0c7ba2bbb7c77798ff07aafb1b682235c88e53caf0cf788ca6,9536,1,lossless_jpeg_metadata_strip_preserve_orientation_v2,,,
datasets/corn-field-pest-v2/train/leaf_beetle_unknown/img_ba60672fb477e024a83acda4.jpg,train,leaf_beetle_unknown,ccmt,CC BY 4.0,grp_6b84c9272970062504f0505c,cf2549f4538f15ea98321788823b3938ed923096a2d11d63ee3adb252488d93d,30940,1,lossless_jpeg_metadata_strip_preserve_orientation_v2,,,
datasets/corn-field-pest-v2/val/grasshopper_unknown/img_4312897946b4b9e198f2e8aa.jpg,val,grasshopper_unknown,ccmt,CC BY 4.0,grp_f32e80f65cb5743336afc41a,fe2949ff9349d3fb633c7b4ce64046c17ded44916a1580f094fea18058b4169f,28047,1,lossless_jpeg_metadata_strip_preserve_orientation_v2,,,
datasets/corn-field-pest-v2/train/leaf_beetle_unknown/img_d876006cfbbf23434918c430.jpg,train,leaf_beetle_unknown,ccmt,CC BY 4.0,grp_1139827bb8e82b1f65c144c2,d83dad5f9b096877ab42eeeb5feb90eef3c655165b1a5f34825087fc23e8e46f,31461,1,lossless_jpeg_metadata_strip_preserve_orientation_v2,,,
datasets/corn-field-pest-v2/train/fall_armyworm/img_1d79feccf6730de670037f03.jpg,train,fall_armyworm,tom2024,CC BY 4.0,grp_34df718b9a22eb0b06a4ef30,daa0b4aabef4d2f8ce5f2c4abbefd634fdadcdab0d485076f9dbc4b275e4308e,10443,1,lossless_jpeg_metadata_strip_preserve_orientation_v2,,,
datasets/corn-field-pest-v2/train/fall_armyworm/img_a31bc99058b5377c92f3e4d7.jpg,train,fall_armyworm,tom2024,CC BY 4.0,grp_8e30dd9b37441e92d84af9ed,5161a9e5ce622fb9472a7453cc3d21c2d94118d553da8a300998c6a59191339d,2961,1,lossless_jpeg_metadata_strip_preserve_orientation_v2,,,
datasets/corn-field-pest-v2/train/healthy/img_cd05c78d5538fc4acdf0b5fd.jpg,train,healthy,ccmt,CC BY 4.0,grp_810b74ff94b574fe36691df0,afbcc6d41fd4c344269e31b18c734c16a42e47ba52e5aeb0e0c31a3c16d87fb4,39545,1,lossless_jpeg_metadata_strip_preserve_orientation_v2,,,
datasets/corn-field-pest-v2/train/grasshopper_unknown/img_e0e01838b1ea0c16a16ae6f8.jpg,train,grasshopper_unknown,ccmt,CC BY 4.0,grp_26c502b920726f612369f35e,8ab368762825311f6461b85b23a5b77aa830ba175411c926d3915116c076d23e,42441,1,lossless_jpeg_metadata_strip_preserve_orientation_v2,,,
datasets/corn-field-pest-v2/train/fall_armyworm/img_1377be2a27af0dd8a36608ee.jpg,train,fall_armyworm,tom2024,CC BY 4.0,grp_acc9dbb8307090c2a0c27023,30b21b86608b4350780b54b975f0cfd4c1ec57accd50e5b9d3d105d19aa75da6,12325,1,lossless_jpeg_metadata_strip_preserve_orientation_v2,,,
datasets/corn-field-pest-v2/train/fall_armyworm/img_2c5bc3dbba64c0fc28cd18d2.jpg,train,fall_armyworm,ccmt,CC BY 4.0,grp_ce0976cd3a8bfa0d8fac9711,9a7e0cea74a64745dfd1c9a8c476e2b29b00d45b55b33fe5d20e2d8d3089c472,40724,1,lossless_jpeg_metadata_strip_preserve_orientation_v2,,,
datasets/corn-field-pest-v2/train/healthy/img_8755f754308f35f89ec3dc1a.jpg,train,healthy,tom2024,CC BY 4.0,grp_f40b8f068b3c887f661ef795,af71be3ade4d5c9d08b5e4f03c3b49fbee959d2a59eada818a5faef32d54383f,9615,1,lossless_jpeg_metadata_strip_preserve_orientation_v2,,,
datasets/corn-field-pest-v2/train/leaf_beetle_unknown/img_eb821ecca4cd2bcdebc6e128.jpg,train,leaf_beetle_unknown,ccmt,CC BY 4.0,grp_70ffbbceaa237dd177afaefa,68bb2912d6dec19d9945650b0e74e9c3e9124f67692db17726190d34e679eb8c,25977,1,lossless_jpeg_metadata_strip_preserve_orientation_v2,,,
datasets/corn-field-pest-v2/train/grasshopper_unknown/img_3d21278100dd80bbc1796ce9.jpg,train,grasshopper_unknown,ccmt,CC BY 4.0,grp_a5c5d0511047720f53fbf795,920873b75e730f3345f7b7cd1a5c8afe03b5d2888ec698f3cefeca5c6d2f1397,43981,1,lossless_jpeg_metadata_strip_preserve_orientation_v2,,,
datasets/corn-field-pest-v2/train/fall_armyworm/img_f4a34df472bd329008969e88.jpg,train,fall_armyworm,tom2024,CC BY 4.0,grp_5c268e267bfcce09b66d10e9,ef61845ded7cd3d48d1073710dc9bfcbbb2b4893a5cc011df91e79f5ec16944f,8224,1,lossless_jpeg_metadata_strip_preserve_orientation_v2,,,
datasets/corn-field-pest-v2/val/leaf_beetle_unknown/img_a8ba22b37dd58c2a649eb563.jpg,val,leaf_beetle_unknown,ccmt,CC BY 4.0,grp_ecd659320bb4b05e86370850,d8725da5bd2033e2c8d463440d0186c0eb3fc38520d2427921f946303be916c4,23588,1,lossless_jpeg_metadata_strip_preserve_orientation_v2,,,
datasets/corn-field-pest-v2/train/fall_armyworm/img_da6a45b26862f53c364361f2.jpg,train,fall_armyworm,tom2024,CC BY 4.0,grp_91efc1157e87669049a233b5,1f2ff9128f4df89f3c2e56a5c656e3c744fec624c8dba689b7f006ba640b0ed3,8956,1,lossless_jpeg_metadata_strip_preserve_orientation_v2,,,
datasets/corn-field-pest-v2/train/maize_aphid_unknown/img_f47e60695b73418e8ae19e12.jpg,train,maize_aphid_unknown,yeesi,CC BY 4.0,grp_c868b4d8ef23ec34bfbe6703,d8e4d23a2ebc9422ece22e2838bf1b071f7ec23572478184bd7ed08bac8f6213,4374700,1,lossless_jpeg_metadata_strip_preserve_orientation_v2,,,
datasets/corn-field-pest-v2/train/fall_armyworm/img_5982f1faf27342e8566c9b35.jpg,train,fall_armyworm,ccmt,CC BY 4.0,grp_d7fb758dc2cb324e59d31135,85be8ad1f56178ae2ac4272f961f4dcf23585b8fd606600fcd17c53a03ffe36a,62701,1,lossless_jpeg_metadata_strip_preserve_orientation_v2,,,
datasets/corn-field-pest-v2/train/healthy/img_b247c7ff8681262f3b756443.jpg,train,healthy,tom2024,CC BY 4.0,grp_990331be1e4d294d93a7c7e3,2040f14ef5b18a8f8c748b22b14bfd82dc3112679f983b599592a7fd62bdce10,7845,1,lossless_jpeg_metadata_strip_preserve_orientation_v2,,,
datasets/corn-field-pest-v2/train/grasshopper_unknown/img_9ac9bd50426834ed40af1b63.jpg,train,grasshopper_unknown,ccmt,CC BY 4.0,grp_a305e30c33ab48244f0f7449,39e40f8d9a051d68f48198654392b63b9c953e515e32e3ce36bfe036bc7d1f49,64355,1,lossless_jpeg_metadata_strip_preserve_orientation_v2,,,
datasets/corn-field-pest-v2/train/leaf_beetle_unknown/img_5167e55d7b777d8c5d5c4109.jpg,train,leaf_beetle_unknown,ccmt,CC BY 4.0,grp_24c4838b9c8520246010f152,f7f9b79cd7f39128d03a26eac3f1b16dfb08b01b501b6775eb7d038522a5a156,26584,1,lossless_jpeg_metadata_strip_preserve_orientation_v2,,,
datasets/corn-field-pest-v2/train/healthy/img_fe9cb3e15348d37b4e0586bd.jpg,train,healthy,tom2024,CC BY 4.0,grp_4a759e628ed45d7aadcd6b97,4ab07e0527702e985d3c446cd663043804aa5cdfd716eb8f4959f4193ed1fa1a,5937,1,lossless_jpeg_metadata_strip_preserve_orientation_v2,,,
datasets/corn-field-pest-v2/val/fall_armyworm/img_0192e094f532de9ca3d8d583.jpg,val,fall_armyworm,ccmt,CC BY 4.0,grp_bc1e33dd6084df4fff4f5446,690f0db470ea481010caf7b97428aba094be178fd81b6b26e8f0c0a0fab14951,39910,1,lossless_jpeg_metadata_strip_preserve_orientation_v2,,,
datasets/corn-field-pest-v2/train/fall_armyworm/img_cfbf665bc6c8671a8460fe7d.jpg,train,fall_armyworm,tom2024,CC BY 4.0,grp_4ffb8dd7a49328b3448336dc,a27ec1d0062cebb17237e467fefa16c116e8f8cf114e12c02c148caa9f55e953,5695,1,lossless_jpeg_metadata_strip_preserve_orientation_v2,,,
datasets/corn-field-pest-v2/train/fall_armyworm/img_aa298b9c771b9e89bbed4499.jpg,train,fall_armyworm,tom2024,CC BY 4.0,grp_65def786426f0eb9c2e97806,166862c7f21671ee22cff9ad2def5078789275c20a8b858dd44532c48ffad7b7,3095,1,lossless_jpeg_metadata_strip_preserve_orientation_v2,,,
datasets/corn-field-pest-v2/train/grasshopper_unknown/img_3d4dd89e7c2f5dc9692b0fea.jpg,train,grasshopper_unknown,ccmt,CC BY 4.0,grp_b41a7e005c40487af77881c6,52ae07c074b28a8688c483b8c31c9dec1bafc799a6ab3fa46473df7600645e7b,26258,1,lossless_jpeg_metadata_strip_preserve_orientation_v2,,,
datasets/corn-field-pest-v2/train/grasshopper_unknown/img_3e79a6066135c4d253ed21f9.jpg,train,grasshopper_unknown,ccmt,CC BY 4.0,grp_06f0b835efec91bd858a4f38,e7157775df0c749783d074c6a32bad2c55a32fb5e4726fb3b21b3c90370f1c23,41653,1,lossless_jpeg_metadata_strip_preserve_orientation_v2,,,
datasets/corn-field-pest-v2/train/leaf_beetle_unknown/img_4ec5567c75b77785a83d1352.jpg,train,leaf_beetle_unknown,ccmt,CC BY 4.0,grp_611e3bdc960a65c23ddacd35,60d686ba4c3864156089c97fe0f3709dad063b3b39d212e597fd08df53933a8e,43725,1,lossless_jpeg_metadata_strip_preserve_orientation_v2,,,
datasets/corn-field-pest-v2/train/fall_armyworm/img_af2fe94e4c6c9687940086cd.jpg,train,fall_armyworm,ccmt,CC BY 4.0,grp_2042c9b937a77f8a5740dee2,b36ced63e22a8c9d8f05549035908d90e4e691295d4c4bbe93f9e14423e3dd73,52791,1,lossless_jpeg_metadata_strip_preserve_orientation_v2,,,
datasets/corn-field-pest-v2/val/grasshopper_unknown/img_5fe277998ca5aff1e5958c00.jpg,val,grasshopper_unknown,ccmt,CC BY 4.0,grp_9060f12b423f061e97fa30a5,ade26891664a7a70d25e5a4ae84272929d8ce693a4ca9d865c93b18b6013e574,26247,1,lossless_jpeg_metadata_strip_preserve_orientation_v2,,,
datasets/corn-field-pest-v2/train/fall_armyworm/img_802886d859468bed17520fec.jpg,train,fall_armyworm,tom2024,CC BY 4.0,grp_dd2d59449566a7271cbe4e43,fe064f541ee4db74d92ed4d852f3cd158afd7fd10c5b5ca3d966dc196499a5df,12368,1,lossless_jpeg_metadata_strip_preserve_orientation_v2,,,
datasets/corn-field-pest-v2/train/grasshopper_unknown/img_980b1036cded75f2a0ee8432.jpg,train,grasshopper_unknown,ccmt,CC BY 4.0,grp_2e27c3869d0a69b782bfac10,6267fff4d95eceb6e37be70af316669d74c2c44794237fb303dd7b2db629db3b,26908,1,lossless_jpeg_metadata_strip_preserve_orientation_v2,,,
datasets/corn-field-pest-v2/train/grasshopper_unknown/img_c323da8ccf55aad20bef9a70.jpg,train,grasshopper_unknown,ccmt,CC BY 4.0,grp_3037804ef2e52d9582929ade,d3efae0fb6524e12824646ea3420477c6b4667f3a0bfb3e89af61ef38f199c88,45057,1,lossless_jpeg_metadata_strip_preserve_orientation_v2,,,
datasets/corn-field-pest-v2/train/leaf_beetle_unknown/img_44952e0f44a52d193aa1f856.jpg,train,leaf_beetle_unknown,ccmt,CC BY 4.0,grp_75013c4459138267ee4d7bff,147242fdc9b1fd5dd8634c1fae74dc48f3d30d1b739c7468fac6a1481b601e6d,23542,1,lossless_jpeg_metadata_strip_preserve_orientation_v2,,,
datasets/corn-field-pest-v2/train/leaf_beetle_unknown/img_86a9cc11b3a341c453187a4b.jpg,train,leaf_beetle_unknown,ccmt,CC BY 4.0,grp_59a48351564a95c88c5d7d2b,bd7c63920f3efd799f114894a19745b30639803d08308d3eb1f0f98aa451632f,28717,1,lossless_jpeg_metadata_strip_preserve_orientation_v2,,,
datasets/corn-field-pest-v2/train/fall_armyworm/img_1bf868e77f0264f4ce04b48a.jpg,train,fall_armyworm,ccmt,CC BY 4.0,grp_cc03d871d2255aa7f47b9a41,91766f5cbc7941ab762446b164daa52e577b7564c55339315842068f1263e771,38178,1,lossless_jpeg_metadata_strip_preserve_orientation_v2,,,
datasets/corn-field-pest-v2/train/healthy/img_64fb945ea0e289ec0de3e953.jpg,train,healthy,ccmt,CC BY 4.0,grp_8c8e0ce6a1ceca918e58d24d,7e5b3d9ea7b19d6da41e27e2860c2936289dd8734d8e482d108f7c42fa064c0c,54343,1,lossless_jpeg_metadata_strip_preserve_orientation_v2,,,
datasets/corn-field-pest-v2/train/healthy/img_3d329d67b1cb5514b2d58282.jpg,train,healthy,tom2024,CC BY 4.0,grp_4a52ea68f41661ee992fdc35,1187f598442f599fd9c7b0926815ccac0bbf6bf02a678bdcd8e7a25d265236ea,3037,1,lossless_jpeg_metadata_strip_preserve_orientation_v2,,,
datasets/corn-field-pest-v2/train/fall_armyworm/img_b90382ad1a67b6c4333f63de.jpg,train,fall_armyworm,tom2024,CC BY 4.0,grp_43a1df13ff1918f561e081ce,d422796f8fac1f4095b1a41dd9ea6a833012e698c739ded3d119da53305fba69,1781,1,lossless_jpeg_metadata_strip_preserve_orientation_v2,,,
datasets/corn-field-pest-v2/train/leaf_beetle_unknown/img_94ef27b0fe97aef74d39638c.jpg,train,leaf_beetle_unknown,ccmt,CC BY 4.0,grp_89fb9b4272a7622ffd08e4ab,f9dba082b4b7aa0f0157f2012981827cdfced9a82d7e85c24a602b7608519416,56943,1,lossless_jpeg_metadata_strip_preserve_orientation_v2,,,
datasets/corn-field-pest-v2/train/leaf_beetle_unknown/img_9c17259bc257b9eabe89e09e.jpg,train,leaf_beetle_unknown,ccmt,CC BY 4.0,grp_2a6cd1b7583c0c9eeb2e02cf,5ab36a585b5b340b450062abd4606cf6ce1afd23eb7592b65e80a27c66dfd9c4,29576,1,lossless_jpeg_metadata_strip_preserve_orientation_v2,,,
datasets/corn-field-pest-v2/train/leaf_beetle_unknown/img_8c3c2ef4f67af3b325249abc.jpg,train,leaf_beetle_unknown,ccmt,CC BY 4.0,grp_9a698db1237c19f6d42f0f90,280f5695a8b6b7424cb504a494a59b9c2bf9901115d3bd6a7da0fbca0fc190cd,36783,1,lossless_jpeg_metadata_strip_preserve_orientation_v2,,,
datasets/corn-field-pest-v2/train/grasshopper_unknown/img_4ac9d1ce5afafbdb731c7ca1.jpg,train,grasshopper_unknown,ccmt,CC BY 4.0,grp_a8343a54450aa648b28bb3f2,4211254b195d2dd1bcb498b64ad4383c46b4d6211c5ee3ab863b741dd271b348,43905,1,lossless_jpeg_metadata_strip_preserve_orientation_v2,,,
datasets/corn-field-pest-v2/train/maize_aphid_unknown/img_5a6189bbf8c5411a1b8deaf0.jpg,train,maize_aphid_unknown,yeesi,CC BY 4.0,grp_ed471b353f4a6b148da3d189,d5077bf954d502fc5011bec6585879f90f34b456564a509a67869a3f66da9fe9,4524985,1,lossless_jpeg_metadata_strip_preserve_orientation_v2,,,
datasets/corn-field-pest-v2/train/leaf_beetle_unknown/img_44cea32fe35021e259d50a67.jpg,train,leaf_beetle_unknown,ccmt,CC BY 4.0,grp_39e95cf5aec7fcd5409bf0fc,1cb5cb93d43b84927168893ddc5ead4b5a039e8fa2bf50404fbb9f356e15bb22,18343,1,lossless_jpeg_metadata_strip_preserve_orientation_v2,,,
datasets/corn-field-pest-v2/val/maize_aphid_unknown/img_7e4b3635a1607c00bf0d9554.jpg,val,maize_aphid_unknown,yeesi,CC BY 4.0,grp_1a075beb064f54e8059f91fe,49dc8467f45eb66b97a75c3f43e9b6ad1ad687242879912d453cc893dc7bc35a,1907218,1,lossless_jpeg_metadata_strip_preserve_orientation_v2,,,
datasets/corn-field-pest-v2/train/healthy/img_79f40e7cf041debc29242d74.jpg,train,healthy,tom2024,CC BY 4.0,grp_586631d0e5629bca6bbdade0,08e9850c5d0745a9fd331c66a66a5bfa69ac46266d22e360c03e4f80d8eea333,2383,1,lossless_jpeg_metadata_strip_preserve_orientation_v2,,,
datasets/corn-field-pest-v2/val/healthy/img_c67dfdbfdf0b59a17f407737.jpg,val,healthy,tom2024,CC BY 4.0,grp_85dbba6556cfc81258a978b9,d5b3615ff4023b4bcced48916a328fc6d529148a420ba4ca3426f319facfcc70,14973,1,lossless_jpeg_metadata_strip_preserve_orientation_v2,,,
datasets/corn-field-pest-v2/train/healthy/img_98bf0ebbc3956b5af3f3db64.jpg,train,healthy,tom2024,CC BY 4.0,grp_ee1f30855c3d89342468b16f,9e894f3b0aa740c1c74f15923a3cd0743ed3142d51f5abf976ec506ecde5bdb8,3854,1,lossless_jpeg_metadata_strip_preserve_orientation_v2,,,
datasets/corn-field-pest-v2/train/leaf_beetle_unknown/img_e7e85e5fad48c5ee42c40a97.jpg,train,leaf_beetle_unknown,ccmt,CC BY 4.0,grp_873cc5e6c86fdd035eae73c3,9d93455bd04fbb5bed57dd947799064729bceaf5eff8eaeaa83caf17958d4e92,33767,1,lossless_jpeg_metadata_strip_preserve_orientation_v2,,,
datasets/corn-field-pest-v2/val/healthy/img_37fcae03a4e19739d61c3eac.jpg,val,healthy,ccmt,CC BY 4.0,grp_445009ece531bb31c3fd8b52,ee4a0fd16a105a1b589e6c8634c812d418501cf345873dd0ada296bced57c8d2,44987,1,lossless_jpeg_metadata_strip_preserve_orientation_v2,,,
datasets/corn-field-pest-v2/train/grasshopper_unknown/img_89298b65f8b05c5440688b5c.jpg,train,grasshopper_unknown,ccmt,CC BY 4.0,grp_080c216b627fb223bdb82ba3,53a39ca8f18d7182311504c39d539f870a76d17aeb476c6598ec738bb7df3644,30423,1,lossless_jpeg_metadata_strip_preserve_orientation_v2,,,
datasets/corn-field-pest-v2/train/fall_armyworm/img_d2de3293a8598ddf9fd268b8.jpg,train,fall_armyworm,ccmt,CC BY 4.0,grp_58d5fcf24aa24444cebfc017,cf100d58975b5284f499ab51e47a84dd5182e4d467a71fb54239976f206b86fa,61867,1,lossless_jpeg_metadata_strip_preserve_orientation_v2,,,
datasets/corn-field-pest-v2/train/leaf_beetle_unknown/img_3d2a453b5c7d39920d24b8b5.jpg,train,leaf_beetle_unknown,ccmt,CC BY 4.0,grp_5fd336f6b7f47ca5b9285f33,7c775ed7e191f05e2047d228cb95ceeb9a4e1c9c196080d7e94c895a706af92f,18291,1,lossless_jpeg_metadata_strip_preserve_orientation_v2,,,
datasets/corn-field-pest-v2/train/fall_armyworm/img_e1c60fbc48ead8fa83c5f1f9.jpg,train,fall_armyworm,tom2024,CC BY 4.0,grp_23ce3974cf07aa1b83a41018,b259d6eddca80184d1afa050bdfe023a619742ccb7a071e0a39e5d680bb78f8f,2294,1,lossless_jpeg_metadata_strip_preserve_orientation_v2,,,
datasets/corn-field-pest-v2/train/fall_armyworm/img_6277b011a5895aab5ad8e1a8.jpg,train,fall_armyworm,ccmt,CC BY 4.0,grp_ce99f20f10a2f33ff20aa881,4394a6177d90943c2fe298a25343e063fd7331863db104b823307d85fcc45f83,38436,1,lossless_jpeg_metadata_strip_preserve_orientation_v2,,,
datasets/corn-field-pest-v2/val/leaf_beetle_unknown/img_7be54b09d6636413e0174362.jpg,val,leaf_beetle_unknown,ccmt,CC BY 4.0,grp_88310d49465b6cc3d4956435,3917e4700d640a85d4a2516d49d23dacecf23ac0fac20b47b99bc4c3146f4b8b,26404,1,lossless_jpeg_metadata_strip_preserve_orientation_v2,,,
datasets/corn-field-pest-v2/train/fall_armyworm/img_0c10d06fd103f049ac1b96bf.jpg,train,fall_armyworm,tom2024,CC BY 4.0,grp_4c4d3c82de08028a845291e1,5b5fbe31b94ed8ab7a93526f0c1ed9d47569ab9c5a9da720ca701a83b4adc555,3587,1,lossless_jpeg_metadata_strip_preserve_orientation_v2,,,
datasets/corn-field-pest-v2/train/grasshopper_unknown/img_249d71666ed6f6f69d92acd0.jpg,train,grasshopper_unknown,ccmt,CC BY 4.0,grp_d32a9d22dee9d2e6b027c18d,e75c7a4b0bb64f30b2569336959abb2d5427ec4106ecac404114606bce87e075,54854,1,lossless_jpeg_metadata_strip_preserve_orientation_v2,,,
datasets/corn-field-pest-v2/train/maize_aphid_unknown/img_7c9b29c1385b02f2277283be.jpg,train,maize_aphid_unknown,yeesi,CC BY 4.0,grp_e0eb53623cb7844c5dfe7994,46d4149546fbb46c98455874d0dac0851b32b73f7e78020aebf30300db29c520,2237254,1,lossless_jpeg_metadata_strip_preserve_orientation_v2,,,
datasets/corn-field-pest-v2/val/maize_aphid_unknown/img_17d574c0c36ff63702b7d9c3.jpg,val,maize_aphid_unknown,yeesi,CC BY 4.0,grp_1a075beb064f54e8059f91fe,6c0f003ca590aa7f54fda94e6e89034b4a927d54513f29170d1c52feb7ff5675,1572866,1,lossless_jpeg_metadata_strip_preserve_orientation_v2,,,
datasets/corn-field-pest-v2/val/fall_armyworm/img_72e8ef1fd43f07cc2cfb1e17.jpg,val,fall_armyworm,tom2024,CC BY 4.0,grp_5d0409f5e502807e00aab22f,d971751b792793d28d6244da8e29dab2ce54625e048169a47f5a257fae9f6421,7543,1,lossless_jpeg_metadata_strip_preserve_orientation_v2,,,
datasets/corn-field-pest-v2/train/leaf_beetle_unknown/img_0d513995bf48531360d67eae.jpg,train,leaf_beetle_unknown,ccmt,CC BY 4.0,grp_a3fd06a8d51ba2cef5e705a6,24cca972310cbf0ff8c06df58d6f91e0f69b2db5a260471521dda4a6c782cafa,32917,1,lossless_jpeg_metadata_strip_preserve_orientation_v2,,,
datasets/corn-field-pest-v2/train/grasshopper_unknown/img_82768ba79bbbbdd28ec662cb.jpg,train,grasshopper_unknown,ccmt,CC BY 4.0,grp_ed03fb2ef68375076c42aabf,613bb25ba723c1763fba09b7759281f697df80d6c418342eb95359fae0b6be41,58684,1,lossless_jpeg_metadata_strip_preserve_orientation_v2,,,
datasets/corn-field-pest-v2/train/leaf_beetle_unknown/img_7e8348181afebb8160827b8e.jpg,train,leaf_beetle_unknown,ccmt,CC BY 4.0,grp_16a34cfbaab9c040150558fc,380bf432666e9679cb1b9a4fdd720e9901412999be45321da5f1cc07c4e00493,56573,1,lossless_jpeg_metadata_strip_preserve_orientation_v2,,,
datasets/corn-field-pest-v2/train/fall_armyworm/img_5c903c162ac26caf7d48d980.jpg,train,fall_armyworm,ccmt,CC BY 4.0,grp_2b783dfff99466cec233c69e,be17c15184ff19c9581821f47f61cc505691441d8e30f44c7c6fb85aca4d275d,59836,1,lossless_jpeg_metadata_strip_preserve_orientation_v2,,,
datasets/corn-field-pest-v2/train/leaf_beetle_unknown/img_7a20972d2ae54d9fa4e09083.jpg,train,leaf_beetle_unknown,ccmt,CC BY 4.0,grp_a533755acb45fa32b2ed2096,197478b51315a49ba94497baad1fb70b638eb805de6fa3f66251bc68a52a06d4,40223,1,lossless_jpeg_metadata_strip_preserve_orientation_v2,,,
datasets/corn-field-pest-v2/train/leaf_beetle_unknown/img_a93f391f431d88faefe0e627.jpg,train,leaf_beetle_unknown,ccmt,CC BY 4.0,grp_120a6fb41dc755cef8074129,11d99d03d444b87ee61adc3aa49ae4b92a3083dff0e0ecec6d07ab504f2d4ebf,25953,1,lossless_jpeg_metadata_strip_preserve_orientation_v2,,,
datasets/corn-field-pest-v2/train/fall_armyworm/img_8b7639467a114692478ad7bb.jpg,train,fall_armyworm,tom2024,CC BY 4.0,grp_0697f0336951fe06527907db,8da925d42d3e93d4868d25a4eaa94cd03543ad6620a1111a2a8d19d1be929791,9179,1,lossless_jpeg_metadata_strip_preserve_orientation_v2,,,
datasets/corn-field-pest-v2/train/healthy/img_ba14d0948bf963decaee5f0d.jpg,train,healthy,tom2024,CC BY 4.0,grp_db68710c211dfc9da8a9fd17,5d1c77ce2e8fef1b33de39813ea88e80444312594122342895113fb338e00056,13966,1,lossless_jpeg_metadata_strip_preserve_orientation_v2,,,
datasets/corn-field-pest-v2/train/leaf_beetle_unknown/img_902faf229d998f726a0a91ee.jpg,train,leaf_beetle_unknown,ccmt,CC BY 4.0,grp_c973ebab90fbd8c46b5b3484,10f02ed7636cf7e03d94bef2c26f3a33732a8dd17f48e53fef179088c72604a8,28760,1,lossless_jpeg_metadata_strip_preserve_orientation_v2,,,
datasets/corn-field-pest-v2/train/fall_armyworm/img_5d43991663ce9b25283573df.jpg,train,fall_armyworm,tom2024,CC BY 4.0,grp_5ac0bf0cd11f23427ad4362c,70e6987b4b62ad90146e02ecbe7d6af2be732746b81939ee5f7f65435574ab48,6635,1,lossless_jpeg_metadata_strip_preserve_orientation_v2,,,
datasets/corn-field-pest-v2/train/grasshopper_unknown/img_64894031b69983372243095d.jpg,train,grasshopper_unknown,ccmt,CC BY 4.0,grp_b00c1d94a806491ed6fcaec1,2edb97d2c754988aa718941462d92b28e69dba3b64a875d481685082fe1dc04a,44627,1,lossless_jpeg_metadata_strip_preserve_orientation_v2,,,
datasets/corn-field-pest-v2/train/leaf_beetle_unknown/img_a8b42b7409d0908969d16d57.jpg,train,leaf_beetle_unknown,ccmt,CC BY 4.0,grp_4cec97cf4d0cfea38f5ce76b,d9a1c506682e0700852bf9e7948720334c1487e25997d5c0422c87f6710988e2,25018,1,lossless_jpeg_metadata_strip_preserve_orientation_v2,,,
datasets/corn-field-pest-v2/train/leaf_beetle_unknown/img_6cc799bc8bf153c8ee4b4701.jpg,train,leaf_beetle_unknown,ccmt,CC BY 4.0,grp_87d61e215a57b5c594035c61,25e4cdf6b916372740828b1dc244a53be0fe361c9baccad0763bba47d1b615f4,30318,1,lossless_jpeg_metadata_strip_preserve_orientation_v2,,,
datasets/corn-field-pest-v2/train/fall_armyworm/img_8ebc131a26210c23e1d395c3.jpg,train,fall_armyworm,ccmt,CC BY 4.0,grp_dcc4b4002db1f00d545463c8,c23dee664589390f295114b8ca7c85a5e89d3e1292ff2110509ecdb12638eaa6,66470,1,lossless_jpeg_metadata_strip_preserve_orientation_v2,,,
datasets/corn-field-pest-v2/train/leaf_beetle_unknown/img_08cfc00abc0ba927809dc817.jpg,train,leaf_beetle_unknown,ccmt,CC BY 4.0,grp_b58cf41da6a243be011af6a5,e06932dc8d14e7cc608a3b77cef9f1e22f78d3fd6be7bf0aaf3f7efc2c07c33a,38516,1,lossless_jpeg_metadata_strip_preserve_orientation_v2,,,
datasets/corn-field-pest-v2/train/leaf_beetle_unknown/img_d77f82888d3e375e0a3a484d.jpg,train,leaf_beetle_unknown,ccmt,CC BY 4.0,grp_3b5e1f747239bd10e7a790b8,9da54432d57e0c2f5ded6cbd7b6db0a23d372574eea7c6b1dbac8ec5ac9127e9,30438,1,lossless_jpeg_metadata_strip_preserve_orientation_v2,,,
datasets/corn-field-pest-v2/train/fall_armyworm/img_0be2508e35854790d911ea20.jpg,train,fall_armyworm,ccmt,CC BY 4.0,grp_413d8233f76666cb40a1650c,5d3f93ba338d09b7de915e28eb736f508f81b330218a76895a4a6b56d493706c,58817,1,lossless_jpeg_metadata_strip_preserve_orientation_v2,,,
datasets/corn-field-pest-v2/train/fall_armyworm/img_8f1a8080bdd952ddf9d388ca.jpg,train,fall_armyworm,ccmt,CC BY 4.0,grp_25c248fdbc356b8d1d99b7e5,ec36cc156ce652ed090fa0211dc8e0aabc679977a50ab9f9d89c1164c778af62,50335,1,lossless_jpeg_metadata_strip_preserve_orientation_v2,,,
datasets/corn-field-pest-v2/train/grasshopper_unknown/img_022c7f801db770d87aa0bd5c.jpg,train,grasshopper_unknown,ccmt,CC BY 4.0,grp_cc23da3574369e76dcc8a907,11db3ced035e4297fbc1b4ea6f403a1538c4112ea11f23a686e7c647cfccf2bf,42969,1,lossless_jpeg_metadata_strip_preserve_orientation_v2,,,
datasets/corn-field-pest-v2/train/grasshopper_unknown/img_65a30675e738fa3983ab8a0a.jpg,train,grasshopper_unknown,ccmt,CC BY 4.0,grp_321b4e1c62adf94afd021e8d,5c7c7fbe297fb7cfb3274af708a850221caefd502284f34eae4bad10aba0f0d3,31672,1,lossless_jpeg_metadata_strip_preserve_orientation_v2,,,
datasets/corn-field-pest-v2/val/grasshopper_unknown/img_dedd2decc1bf44f8f49c8e65.jpg,val,grasshopper_unknown,ccmt,CC BY 4.0,grp_d324ad3b5c9f0d158a0e2ee0,d076fef3284234bdc653b90542347eae3f44775bce7cbd430fe5cec81505ab09,36339,1,lossless_jpeg_metadata_strip_preserve_orientation_v2,,,
datasets/corn-field-pest-v2/val/healthy/img_18a9c213bbe174307e9d3bae.jpg,val,healthy,ccmt,CC BY 4.0,grp_9d00ce59ecf642474cdce4e0,81794b6a36b39a0bd8299618a656767036ab03d584155d4afb0fd289e1b05414,34559,1,lossless_jpeg_metadata_strip_preserve_orientation_v2,,,
datasets/corn-field-pest-v2/train/healthy/img_81f7a4f5311c6181016a6995.jpg,train,healthy,tom2024,CC BY 4.0,grp_40239afba312820b68524f1f,f2e8b223854eead3c2d1dd400cb3c6bb690fb3342eb4704dace278a24ff90a12,12907,1,lossless_jpeg_metadata_strip_preserve_orientation_v2,,,
datasets/corn-field-pest-v2/train/grasshopper_unknown/img_b5a3bbf4b462216b9455b7da.jpg,train,grasshopper_unknown,ccmt,CC BY 4.0,grp_ec4118dfd19b44ad648bd508,69f5db49b7838cc77b38cc162cc0d6684e12fcd583948a9262d9abaf43058168,39375,1,lossless_jpeg_metadata_strip_preserve_orientation_v2,,,
datasets/corn-field-pest-v2/val/leaf_beetle_unknown/img_901294942de7de9b86d3b703.jpg,val,leaf_beetle_unknown,ccmt,CC BY 4.0,grp_3c0ee77ad4163b5e9a0d1447,e89d644c9129c4c9826735f9eac4782e3a2c1da9fc800714ec08d5c12b27e2e5,39316,1,lossless_jpeg_metadata_strip_preserve_orientation_v2,,,
datasets/corn-field-pest-v2/train/grasshopper_unknown/img_9d4068af4994fe1a5501eda0.jpg,train,grasshopper_unknown,ccmt,CC BY 4.0,grp_3efb8b3da0c3eac440def0cd,c06fb476fa78f66686ecb51369104a6fda572c6ab4be2fa16efbb301483d0442,40128,1,lossless_jpeg_metadata_strip_preserve_orientation_v2,,,
datasets/corn-field-pest-v2/train/healthy/img_8d6373547fd10864f57ee0e7.jpg,train,healthy,tom2024,CC BY 4.0,grp_a1d67e3f0441f1595cb90237,509027118bb65442206c35a5ce260052f4228dc9f7bc643ed22cfec3e365c819,15514,1,lossless_jpeg_metadata_strip_preserve_orientation_v2,,,
datasets/corn-field-pest-v2/val/leaf_beetle_unknown/img_95417c01d5d1b881ef98551f.jpg,val,leaf_beetle_unknown,ccmt,CC BY 4.0,grp_5f787a18bc71ce93651448e2,4858ab4c491050352bb67bdfaef107a28c8889441f86d63731260384f7a9e0fa,42352,1,lossless_jpeg_metadata_strip_preserve_orientation_v2,,,
datasets/corn-field-pest-v2/train/fall_armyworm/img_9374c3dd78f5c5ba52f54e3c.jpg,train,fall_armyworm,tom2024,CC BY 4.0,grp_4861f7f21569b4454b3eb7d9,dcf7816455f16ca88b4d4487cc4181236d76495fb973fa6156f61097848a9242,8133,1,lossless_jpeg_metadata_strip_preserve_orientation_v2,,,
datasets/corn-field-pest-v2/train/grasshopper_unknown/img_3aaaecb4807dd7f56fb98c59.jpg,train,grasshopper_unknown,ccmt,CC BY 4.0,grp_7cdc4a9ed7b98cec5bdf4f77,ce6ef88d2beadfed24e7d0ecae85452a7cd9e9ecdca92f5ffafbb1d1468814a9,33969,1,lossless_jpeg_metadata_strip_preserve_orientation_v2,,,
datasets/corn-field-pest-v2/train/healthy/img_a4570e755090d4aaf270df68.jpg,train,healthy,tom2024,CC BY 4.0,grp_4a759e628ed45d7aadcd6b97,4e75ead158fde85a3ce80e2b1247048a037b33848f944fcdfc1d95c3228772dc,4269,1,lossless_jpeg_metadata_strip_preserve_orientation_v2,,,
datasets/corn-field-pest-v2/train/healthy/img_5712d91b9dcbdace31db51d3.jpg,train,healthy,ccmt,CC BY 4.0,grp_0862b4b5175891e450bec34e,1be909f727bcc3624a29dd56369cb2b23933357d0229260cf2f4daee766e99b1,54608,1,lossless_jpeg_metadata_strip_preserve_orientation_v2,,,
datasets/corn-field-pest-v2/train/healthy/img_f81d556a78407e78d2ce78a6.jpg,train,healthy,tom2024,CC BY 4.0,grp_7a20fe736ec1e181ea734b36,f0d2ee96e1fafde345db1ecf328c004b8ae04341aa7fdd417a7bc9f1b862628f,6486,1,lossless_jpeg_metadata_strip_preserve_orientation_v2,,,
datasets/corn-field-pest-v2/val/leaf_beetle_unknown/img_0afc037f13bb3c523f133a06.jpg,val,leaf_beetle_unknown,ccmt,CC BY 4.0,grp_ec5762d75aa905d86966d93a,bc3d092d897aa5129c7eb45bca162c0d8971388dbaecb63bdb1550a41f5490a6,71445,1,lossless_jpeg_metadata_strip_preserve_orientation_v2,,,
datasets/corn-field-pest-v2/train/leaf_beetle_unknown/img_964d2960f18ad5096df2c60e.jpg,train,leaf_beetle_unknown,ccmt,CC BY 4.0,grp_ace54b3708f791050ad8dece,389a9c5d14c20e9e1d6beb932447f0bfb4bc62e1a1b72c693dd0ef91f4715d9c,42909,1,lossless_jpeg_metadata_strip_preserve_orientation_v2,,,
datasets/corn-field-pest-v2/train/fall_armyworm/img_7cbf9ad348cba450749da5be.jpg,train,fall_armyworm,tom2024,CC BY 4.0,grp_ea25df98788d54ae03aa37ec,dae34b61995db8b7b5010b971933288e0f5a09d519d3c753e1f4cde725a6a846,8524,1,lossless_jpeg_metadata_strip_preserve_orientation_v2,,,
datasets/corn-field-pest-v2/train/healthy/img_1f5a3ad9091aaba7ce0ee403.jpg,train,healthy,ccmt,CC BY 4.0,grp_2ce6987275717cb23fa6abdf,e34b37b34f0d3aae9c07e79216aa374631fa891de6998cbafcb6c77e059704c6,47269,1,lossless_jpeg_metadata_strip_preserve_orientation_v2,,,
datasets/corn-field-pest-v2/train/fall_armyworm/img_34a593813b50332159de369c.jpg,train,fall_armyworm,tom2024,CC BY 4.0,grp_796a3a4931c80d9312e2351e,6256bbe71cc6acc6c62484111d14c864d77a054006b79af2a267dc258311cb6f,3475,1,lossless_jpeg_metadata_strip_preserve_orientation_v2,,,
datasets/corn-field-pest-v2/train/healthy/img_20d2433505b760b8cac79cbb.jpg,train,healthy,ccmt,CC BY 4.0,grp_51b9390045727e98eb91ca8d,4317996a6d4c68bacf4e3a3356030466c6997f531c1f322ad99f52e7a4c12eb5,45626,1,lossless_jpeg_metadata_strip_preserve_orientation_v2,,,
datasets/corn-field-pest-v2/train/grasshopper_unknown/img_5e144f1210179a5bbac11aa0.jpg,train,grasshopper_unknown,ccmt,CC BY 4.0,grp_ad9dcebe4f42d0991bd1cc61,d0413de332660c695bb8a26470ff9e49fc2c0e33c0018cc550d4caeb1d6f4da3,49585,1,lossless_jpeg_metadata_strip_preserve_orientation_v2,,,
datasets/corn-field-pest-v2/train/fall_armyworm/img_42f0d3dd9b26f314580eec80.jpg,train,fall_armyworm,tom2024,CC BY 4.0,grp_1c9f8ce8e58a165311287fdc,1649105fcceee3057b96afed987ceb59aa2cf895df8e0e7763a260d4a9391cee,3416,1,lossless_jpeg_metadata_strip_preserve_orientation_v2,,,
datasets/corn-field-pest-v2/train/fall_armyworm/img_9eafcde368d6f20549bc826a.jpg,train,fall_armyworm,ccmt,CC BY 4.0,grp_f2d4861cf48dc875db737765,8e4d00291ae015f6bae26913d02c8a32036ada3ded9cbb9ae2e7986af7b67f48,79821,1,lossless_jpeg_metadata_strip_preserve_orientation_v2,,,
datasets/corn-field-pest-v2/train/grasshopper_unknown/img_178454a88f5aa7cb39e81709.jpg,train,grasshopper_unknown,ccmt,CC BY 4.0,grp_982b008f405fb95e10c5b96e,b92464c29a83e65728ca96ae92b1d7455b084f26f36b9753f929979674b54cd7,27460,1,lossless_jpeg_metadata_strip_preserve_orientation_v2,,,
datasets/corn-field-pest-v2/train/leaf_beetle_unknown/img_eedac7f8b47719a5174e40aa.jpg,train,leaf_beetle_unknown,ccmt,CC BY 4.0,grp_390fab42d329f34665fd2a93,cd4f3e6293921469077394098c899778ca6140dadd2f2f73586cece68aed8ca1,44160,1,lossless_jpeg_metadata_strip_preserve_orientation_v2,,,
datasets/corn-field-pest-v2/train/grasshopper_unknown/img_0c1541b92fe178ab54b23975.jpg,train,grasshopper_unknown,ccmt,CC BY 4.0,grp_09e0fa3e3caeb578ebde5b2f,b51f0092c5c523e71eea688ee7a86a0b13b28459ce636fa1bcc6c07db0f4be05,32698,1,lossless_jpeg_metadata_strip_preserve_orientation_v2,,,
datasets/corn-field-pest-v2/train/leaf_beetle_unknown/img_6f13eed7fd1894a8a6c61188.jpg,train,leaf_beetle_unknown,ccmt,CC BY 4.0,grp_d02122ab6468984353fa1e97,5effd4a8b9b3ea85cfba070facb03de4eee9802cd310cd4257ccdcbeecd5e8e0,40289,1,lossless_jpeg_metadata_strip_preserve_orientation_v2,,,
datasets/corn-field-pest-v2/val/healthy/img_2bf0ac300acf1417b9c08e8c.jpg,val,healthy,tom2024,CC BY 4.0,grp_bc273d0efbaef29ed75abaa1,38c9227631749e2569149c98ffa82fc7b2be74d0a2695c78bd33ceed476e028b,10073,1,lossless_jpeg_metadata_strip_preserve_orientation_v2,,,
datasets/corn-field-pest-v2/train/healthy/img_1552713895779e66697539dd.jpg,train,healthy,tom2024,CC BY 4.0,grp_9df3f193ea81bf4ba249f8eb,d03d8bdf38ce70e449dab7f33e07f13df7e1064a32a24a2a4a41eb55feb7982d,2250,1,lossless_jpeg_metadata_strip_preserve_orientation_v2,,,
datasets/corn-field-pest-v2/val/leaf_beetle_unknown/img_107dd5d6a7f92a502acec6da.jpg,val,leaf_beetle_unknown,ccmt,CC BY 4.0,grp_f7bb4503daaca07f2f8f7758,d105050ed4b0685c2d4b535f53ee9b235bebb652e871f69c5ea47571e1d16c8b,30879,1,lossless_jpeg_metadata_strip_preserve_orientation_v2,,,
datasets/corn-field-pest-v2/val/fall_armyworm/img_dc5376952bce6863343f3490.jpg,val,fall_armyworm,ccmt,CC BY 4.0,grp_bffb2f61e3a21fc2662b9051,860bedf67096676e667cf1c8480cd7649f657a76c45ecd3a0906a1effbf1fb42,38128,1,lossless_jpeg_metadata_strip_preserve_orientation_v2,,,
datasets/corn-field-pest-v2/train/grasshopper_unknown/img_9d6d5df6f69be5caaef2ec88.jpg,train,grasshopper_unknown,ccmt,CC BY 4.0,grp_41d305b6190864dc8da4f96b,79be6c9d4faeed247e507ff2e4da05a07aadad9b66e43e89426101400f4692e9,22502,1,lossless_jpeg_metadata_strip_preserve_orientation_v2,,,
datasets/corn-field-pest-v2/train/leaf_beetle_unknown/img_a3a6253b5f5774db5fc0b64b.jpg,train,leaf_beetle_unknown,ccmt,CC BY 4.0,grp_2138272c35f0c3767d75a24a,e2bad687910af3a8da46e409ea46f988ad68504ddeff4e80582f590f273b4910,31569,1,lossless_jpeg_metadata_strip_preserve_orientation_v2,,,
datasets/corn-field-pest-v2/train/grasshopper_unknown/img_7827b4b20c52b66444b7fe18.jpg,train,grasshopper_unknown,ccmt,CC BY 4.0,grp_f6889c6c8c43b4f25ac2b6da,10ccbda073731549001c3e5e5dc72e172e3555d2f06c5c860ef42c2ec210e9d3,56744,1,lossless_jpeg_metadata_strip_preserve_orientation_v2,,,
datasets/corn-field-pest-v2/val/grasshopper_unknown/img_bc279d5e0be1d091703d72f5.jpg,val,grasshopper_unknown,ccmt,CC BY 4.0,grp_baca8fd9298d6667a45a7691,4a86bf8ab0b42a1ef89c24f9cec463786efd35108fc1b0f5b768f611bdc54198,51044,1,lossless_jpeg_metadata_strip_preserve_orientation_v2,,,
datasets/corn-field-pest-v2/val/leaf_beetle_unknown/img_b1030cb2120df717c3d54974.jpg,val,leaf_beetle_unknown,ccmt,CC BY 4.0,grp_e9b8bb69fc24ade62b4c5279,2118c699101e2d69cda4c9af8375a2cd9b04e7f05d871f6a05cb501d02f3816c,32232,1,lossless_jpeg_metadata_strip_preserve_orientation_v2,,,
datasets/corn-field-pest-v2/train/grasshopper_unknown/img_b67e07c7d647e68b7b541d28.jpg,train,grasshopper_unknown,ccmt,CC BY 4.0,grp_79c8de12b2ef432782c9f994,a9f5501ff17f51ae2bf4e96a0c059baef9871493fc3ddffb556ec01ba59b3f0f,61416,1,lossless_jpeg_metadata_strip_preserve_orientation_v2,,,
datasets/corn-field-pest-v2/val/healthy/img_e183ece45a2dc33377f55b42.jpg,val,healthy,tom2024,CC BY 4.0,grp_def3fbccbfd84dc85e2b40e7,7897d1c273549e145967006dbe55f270a275f07391911ea5effa3bdf95b1dc8f,7718,1,lossless_jpeg_metadata_strip_preserve_orientation_v2,,,
datasets/corn-field-pest-v2/train/leaf_beetle_unknown/img_384f38882fc31e7205c84d20.jpg,train,leaf_beetle_unknown,ccmt,CC BY 4.0,grp_dece2f844d48b34f1a52559a,f4232b414e8b1ec0b2dd6fb729676bfb2ef979f8df9e3875bcc95c139951241b,27012,1,lossless_jpeg_metadata_strip_preserve_orientation_v2,,,
datasets/corn-field-pest-v2/train/fall_armyworm/img_72758089fcbff749295e0217.jpg,train,fall_armyworm,ccmt,CC BY 4.0,grp_04a33d31b5f2b7dc91973bb8,f06298a9f0a5ec8ae7d56aaafa2da60b0d6f087243b1406a69e2b753092f6b88,45416,1,lossless_jpeg_metadata_strip_preserve_orientation_v2,,,
datasets/corn-field-pest-v2/val/grasshopper_unknown/img_f84886bd855171b1b22ce6ee.jpg,val,grasshopper_unknown,ccmt,CC BY 4.0,grp_fe01cd0c44042b7fd5631444,2d402907fdee529ecf200ba54787ff14e8939cb98d01a6c58f31c8c57b9a5e71,38245,1,lossless_jpeg_metadata_strip_preserve_orientation_v2,,,
datasets/corn-field-pest-v2/val/grasshopper_unknown/img_6a5a14c10784a732f1878138.jpg,val,grasshopper_unknown,ccmt,CC BY 4.0,grp_023f53d97faaa0326cbc3704,65444485be56166b32bd3e441c66cdd0a9705727f27b8d69fcfc066da6d1d2e4,58606,1,lossless_jpeg_metadata_strip_preserve_orientation_v2,,,
datasets/corn-field-pest-v2/train/fall_armyworm/img_c6b63c3e1056842fb566035a.jpg,train,fall_armyworm,ccmt,CC BY 4.0,grp_532a7011458582394612b6bf,d4903b8784d70ef3976fc08854abb4ea34e652d73fc16cb76c8ba797fae1243e,25347,1,lossless_jpeg_metadata_strip_preserve_orientation_v2,,,
datasets/corn-field-pest-v2/train/leaf_beetle_unknown/img_30d3400e4256a31ef06118d1.jpg,train,leaf_beetle_unknown,ccmt,CC BY 4.0,grp_8a113c7717d445d218145b82,c7b23d23d64875e6beac98913c30d1bbb8c15e2529807b46b4a9576ae080603f,32561,1,lossless_jpeg_metadata_strip_preserve_orientation_v2,,,
datasets/corn-field-pest-v2/train/fall_armyworm/img_bc8d8cf7d43ffbfea2a66901.jpg,train,fall_armyworm,ccmt,CC BY 4.0,grp_d81facaab0a98319858a7f3c,eb3c2181538eaf3ae9968430ef69a3ba5ef38a6d7cfa394e326a977a17957692,35350,1,lossless_jpeg_metadata_strip_preserve_orientation_v2,,,
datasets/corn-field-pest-v2/val/grasshopper_unknown/img_4f8785a9b532492e8a8ac950.jpg,val,grasshopper_unknown,ccmt,CC BY 4.0,grp_f15accb63957ba7a59993dea,8529108a8abc51a92084b9f6c48b7279d42404a86b136c7b52148c116e19f0ba,40627,1,lossless_jpeg_metadata_strip_preserve_orientation_v2,,,
datasets/corn-field-pest-v2/val/grasshopper_unknown/img_9ad70255aa73adcdd69e97c3.jpg,val,grasshopper_unknown,ccmt,CC BY 4.0,grp_1ca2b88f959b8f4d95372e08,2fdd1d495e84d71ea25f38ea6a3784cc3e51ac258e05781f9648e02dd7781ed2,39681,1,lossless_jpeg_metadata_strip_preserve_orientation_v2,,,
datasets/corn-field-pest-v2/val/fall_armyworm/img_65bd5f22741847822eeeaac6.jpg,val,fall_armyworm,tom2024,CC BY 4.0,grp_de88f5650be30c4d35ed2267,6a5b40da6550363aaf4577a804f4279f30b245ae64d1ffa3e9972c01a5dde845,5407,1,lossless_jpeg_metadata_strip_preserve_orientation_v2,,,
datasets/corn-field-pest-v2/train/fall_armyworm/img_bb05d31c83b102859526ae6f.jpg,train,fall_armyworm,tom2024,CC BY 4.0,grp_73b58ef9c7cfdc2730920985,06c11cbbd7292aba55255d37e414f4654ece5dac88e829acadba91a3b9845194,18813,1,lossless_jpeg_metadata_strip_preserve_orientation_v2,,,
datasets/corn-field-pest-v2/train/leaf_beetle_unknown/img_e72fa3ead94ad84756f150b1.jpg,train,leaf_beetle_unknown,ccmt,CC BY 4.0,grp_f7ef0194b9ac0b795e6e9978,7d2208c22e49409da2b2519dfd7206df35cc555a4c2d364e3f19a8db7e53410a,35895,1,lossless_jpeg_metadata_strip_preserve_orientation_v2,,,
datasets/corn-field-pest-v2/train/fall_armyworm/img_9ad6f4fe54deff2d76c7a796.jpg,train,fall_armyworm,ccmt,CC BY 4.0,grp_de936e428e67274c5e50735a,5136cdebebbb03ba1786db817da1b9ca79a5c2a8de7ab3b1f4e9a6c16fbaf482,41668,1,lossless_jpeg_metadata_strip_preserve_orientation_v2,,,
datasets/corn-field-pest-v2/val/grasshopper_unknown/img_242950ea22fa8d869212c0c9.jpg,val,grasshopper_unknown,ccmt,CC BY 4.0,grp_f5bd408b07dd973c6672261f,9e9984001a46ee24b52884b3a8a4588ff113c9fc6751ba18693400a0c0d9c184,48917,1,lossless_jpeg_metadata_strip_preserve_orientation_v2,,,
datasets/corn-field-pest-v2/val/fall_armyworm/img_d56075cd14df73592b0f1d32.jpg,val,fall_armyworm,tom2024,CC BY 4.0,grp_7d3f75bdc69f47e6d51566cd,60079349b5e2ad916372a6b4273a3721daa9a052c0446c748a58ef9ebfb9a11a,5900,1,lossless_jpeg_metadata_strip_preserve_orientation_v2,,,
datasets/corn-field-pest-v2/train/leaf_beetle_unknown/img_1c61de5ba39a40d2d2658b0a.jpg,train,leaf_beetle_unknown,ccmt,CC BY 4.0,grp_5119d85d84c307a6f79ed01e,f18e9e114551cde0cd975c176575218d76f0f6f49b4ed3c726320094c3ea2ad8,20327,1,lossless_jpeg_metadata_strip_preserve_orientation_v2,,,
datasets/corn-field-pest-v2/train/leaf_beetle_unknown/img_159f60f2b53ca1517a9c8bce.jpg,train,leaf_beetle_unknown,ccmt,CC BY 4.0,grp_81a46b610f4b1ba5571efd1f,52db18eff1569fd709177a9bf48942600980fafe742acdae7fa5968a57925025,32812,1,lossless_jpeg_metadata_strip_preserve_orientation_v2,,,
datasets/corn-field-pest-v2/train/fall_armyworm/img_5b601c651d580147ec43b8c5.jpg,train,fall_armyworm,ccmt,CC BY 4.0,grp_69ea63d08d79278288d8d009,2cd5f8c166c7e5d9c0581bec3d982511714ba7842b349279876ea89d531c0e1a,41490,1,lossless_jpeg_metadata_strip_preserve_orientation_v2,,,
datasets/corn-field-pest-v2/train/grasshopper_unknown/img_497c5c9151231b9fc2953a55.jpg,train,grasshopper_unknown,ccmt,CC BY 4.0,grp_fedd494f6f34519fa2830c72,311e630dfecccfe3066afb2e00fc3f4a99cd73437168f941dd4560349734849e,38246,1,lossless_jpeg_metadata_strip_preserve_orientation_v2,,,
datasets/corn-field-pest-v2/train/leaf_beetle_unknown/img_0c400683685b8ec8a06aee36.jpg,train,leaf_beetle_unknown,ccmt,CC BY 4.0,grp_29b4e1c9313cfd0ec9866ab3,1b1a7d0e67ecbe5bb51109cfeed77fdae7eda729a346a1918b3e47b2c24f132d,52264,1,lossless_jpeg_metadata_strip_preserve_orientation_v2,,,
datasets/corn-field-pest-v2/train/fall_armyworm/img_32d02a61b965f61e98101296.jpg,train,fall_armyworm,tom2024,CC BY 4.0,grp_79f4bfda17b201c07371dab5,3d87434936e21ba5719570d143b7c42065bf503d5ea4733d21a5e87222275da8,15038,1,lossless_jpeg_metadata_strip_preserve_orientation_v2,,,
datasets/corn-field-pest-v2/val/leaf_beetle_unknown/img_4b1eeb7c1e34595a17465360.jpg,val,leaf_beetle_unknown,ccmt,CC BY 4.0,grp_405b327958a0186ff994b526,174c938d81afaabd339b92508b1fd58fbc967a1d39df296ee95cd111e3da5e93,52468,1,lossless_jpeg_metadata_strip_preserve_orientation_v2,,,
datasets/corn-field-pest-v2/train/healthy/img_9a25ecdb93bf55dec1a14572.jpg,train,healthy,tom2024,CC BY 4.0,grp_d97500329a38d6c1c243c6e9,fb0b503fd5740e8fd6aaf2cf3e572783af0507c4ec8dd803e408ae531ca7d0d3,7149,1,lossless_jpeg_metadata_strip_preserve_orientation_v2,,,
datasets/corn-field-pest-v2/train/grasshopper_unknown/img_5c0b809e4d937d84d5ffc583.jpg,train,grasshopper_unknown,ccmt,CC BY 4.0,grp_8c8825d14c1e69f436fa8d5b,ac79b72e55fb1e59506b0f29a6b02571bae02eb01813ebadc3db26a10dad6d58,50398,1,lossless_jpeg_metadata_strip_preserve_orientation_v2,,,
datasets/corn-field-pest-v2/train/grasshopper_unknown/img_f75e9293dd222f2d3c2291e5.jpg,train,grasshopper_unknown,ccmt,CC BY 4.0,grp_ccdacb2bab8fc2c1e13da683,27b2e5547824ce7bac92eb77c41d7bb8599e27e8d82c7f5d3dba9246f4f0e5e0,45397,1,lossless_jpeg_metadata_strip_preserve_orientation_v2,,,
datasets/corn-field-pest-v2/train/healthy/img_9224d236ee173b7fec85b4ba.jpg,train,healthy,tom2024,CC BY 4.0,grp_c8511b609898189f3bbba132,8a477ce15c0dd22dd58a4324c4d9bac4c12d23c40b7dfa4548bfaf504b276a9b,3179,1,lossless_jpeg_metadata_strip_preserve_orientation_v2,,,
datasets/corn-field-pest-v2/val/grasshopper_unknown/img_63a707ab0da91334eee25c87.jpg,val,grasshopper_unknown,ccmt,CC BY 4.0,grp_3ca89f35e9f8b1aeb323cdb6,242e067bf4ec15e5593c013befb392a86d05b05b59e40eff6febee4612f51445,44368,1,lossless_jpeg_metadata_strip_preserve_orientation_v2,,,
datasets/corn-field-pest-v2/train/healthy/img_9d83788974b911089763a9d7.jpg,train,healthy,tom2024,CC BY 4.0,grp_725a870a8fb9eb5c489e19d4,80ee86f36807ae6870c74701589d2cbec2505f61ca9c67cea97db7625a962ca2,7801,1,lossless_jpeg_metadata_strip_preserve_orientation_v2,,,
datasets/corn-field-pest-v2/val/fall_armyworm/img_353037fedf3a7c828d0ae2ae.jpg,val,fall_armyworm,tom2024,CC BY 4.0,grp_108849bc34bb37a4962ac92a,ef704962293d18f83946019d5cb38e14f84713d579ed994b3e82ac6dcabc0327,10253,1,lossless_jpeg_metadata_strip_preserve_orientation_v2,,,
datasets/corn-field-pest-v2/val/grasshopper_unknown/img_d2a6fda9094f290fbff08295.jpg,val,grasshopper_unknown,ccmt,CC BY 4.0,grp_d2a406de9f1011fc037cff53,b112ceb619096f76444f025770bea963780424a155fc2036b675d5890a1a3404,30119,1,lossless_jpeg_metadata_strip_preserve_orientation_v2,,,
datasets/corn-field-pest-v2/train/healthy/img_5f3e1a2dd9f42db2a813b347.jpg,train,healthy,tom2024,CC BY 4.0,grp_9c9b37c8d90fdd4aabbd0730,615206d11d61cfd3fa95ff43742d90a4b2f5e7992fd10d7db3f94f746ecf637b,11509,1,lossless_jpeg_metadata_strip_preserve_orientation_v2,,,
datasets/corn-field-pest-v2/train/leaf_beetle_unknown/img_e77884bae504e7ff3842fae3.jpg,train,leaf_beetle_unknown,ccmt,CC BY 4.0,grp_af3e06655dc9ef0d1a292b92,83b1722a8c12860916eb33e66c19feb56c07645fb014420a3eda5cdd5dd08590,27957,1,lossless_jpeg_metadata_strip_preserve_orientation_v2,,,
datasets/corn-field-pest-v2/train/grasshopper_unknown/img_35a844509166823e4bd4a146.jpg,train,grasshopper_unknown,ccmt,CC BY 4.0,grp_409a63ebb13d9b202ceb35b0,0e3758463f0aec984a63ed6533111a4e0a5b4eb6979c9868ffbeaf82400fa333,48692,1,lossless_jpeg_metadata_strip_preserve_orientation_v2,,,
datasets/corn-field-pest-v2/train/leaf_beetle_unknown/img_19afad2f1b05be4a7beb0307.jpg,train,leaf_beetle_unknown,ccmt,CC BY 4.0,grp_d06f8a413f997ea5db91ff6f,3ff395df332d6370b6581db8c0d0518e3f701b0510bed42e7d11d3ca813ccc0e,36276,1,lossless_jpeg_metadata_strip_preserve_orientation_v2,,,
datasets/corn-field-pest-v2/train/leaf_beetle_unknown/img_06a4d4e0e3e0eacc8bfe6346.jpg,train,leaf_beetle_unknown,ccmt,CC BY 4.0,grp_3361a61a2cc28e7bae10d5fa,a7c4f4bedbe2cc247f4487369accd5b51b59f2ee08281fbdf472521158282bca,29154,1,lossless_jpeg_metadata_strip_preserve_orientation_v2,,,
datasets/corn-field-pest-v2/train/leaf_beetle_unknown/img_427c05b181a97063f058b73a.jpg,train,leaf_beetle_unknown,ccmt,CC BY 4.0,grp_520bfb77b234ce7884c722a4,c72ade6e2da4b6b8f82b653891830e8e0c8cd9f2b9814f1964461c8fe5de0c14,45141,1,lossless_jpeg_metadata_strip_preserve_orientation_v2,,,
datasets/corn-field-pest-v2/train/fall_armyworm/img_fbed3452d2db2dc51c9d5be3.jpg,train,fall_armyworm,tom2024,CC BY 4.0,grp_1092f7c211ab0fb05df4e41d,8f0f51ff9ee04d16cace19528967fb6dfba292893ef9be011ffe3149c9bd87b5,4551,1,lossless_jpeg_metadata_strip_preserve_orientation_v2,,,
datasets/corn-field-pest-v2/train/leaf_beetle_unknown/img_299294eb0346fb23364f2702.jpg,train,leaf_beetle_unknown,ccmt,CC BY 4.0,grp_d58ab6f47a8520987f06b872,c3cbd1e47f3f207ec5fc34f2fd92100f534b3321f643bcaad826210a21212769,54417,1,lossless_jpeg_metadata_strip_preserve_orientation_v2,,,
datasets/corn-field-pest-v2/train/grasshopper_unknown/img_b0a858fba5629ea1f32798d7.jpg,train,grasshopper_unknown,ccmt,CC BY 4.0,grp_3a7854d98fcda34b127813d6,cf7ae06c054015c9f4a39e3170111783759c83a8ddfb684a17bb109ac5a6f671,43499,1,lossless_jpeg_metadata_strip_preserve_orientation_v2,,,
datasets/corn-field-pest-v2/val/leaf_beetle_unknown/img_d8137e4fbe921d5cf3bdb1cb.jpg,val,leaf_beetle_unknown,ccmt,CC BY 4.0,grp_7aba7945a59c40ff7292b246,f5a8cbc3d7d40da95ab42354b84beb1acd0dde211808c1c9c00aa4c0728f07b0,37854,1,lossless_jpeg_metadata_strip_preserve_orientation_v2,,,
datasets/corn-field-pest-v2/train/grasshopper_unknown/img_b01c74a8cc63641058e6e7c3.jpg,train,grasshopper_unknown,ccmt,CC BY 4.0,grp_9a224398aaa3f45fbd9e310c,c6ea56b2065696fc3203df2241e458bd61531e5cd4a1360a50fc8df090d9bf0b,23775,1,lossless_jpeg_metadata_strip_preserve_orientation_v2,,,
datasets/corn-field-pest-v2/train/leaf_beetle_unknown/img_056b308acad502b43e6b7f02.jpg,train,leaf_beetle_unknown,ccmt,CC BY 4.0,grp_12756cf07c77127419ab6b12,04322c841255e97008423af3497cd49ec08b1cd0062e57eb8651d4dd4d2eec25,44947,1,lossless_jpeg_metadata_strip_preserve_orientation_v2,,,
datasets/corn-field-pest-v2/train/maize_aphid_unknown/img_b7a256db53b2c3bd90ea6384.jpg,train,maize_aphid_unknown,yeesi,CC BY 4.0,grp_ed471b353f4a6b148da3d189,d0c47b22a7b417dd10c97c659a480858ed94c8e224b95231b72833ed42e556fa,5057383,1,lossless_jpeg_metadata_strip_preserve_orientation_v2,,,
datasets/corn-field-pest-v2/train/grasshopper_unknown/img_049955fde11e6323ec29d39f.jpg,train,grasshopper_unknown,ccmt,CC BY 4.0,grp_099b1eea9082945c1ff36e9c,7bd754ad37ed03d5acaa769cbb87edcadcd12c91fbd69530218f0ca47c600958,39978,1,lossless_jpeg_metadata_strip_preserve_orientation_v2,,,
datasets/corn-field-pest-v2/train/leaf_beetle_unknown/img_9191b0fa6ca2305c18b255c3.jpg,train,leaf_beetle_unknown,ccmt,CC BY 4.0,grp_c4bb937bbcb42a69363c30d7,d24527a3bbcd82717e84b9ff882f0563cc2fce37276a491fa1671051c15c5774,43230,1,lossless_jpeg_metadata_strip_preserve_orientation_v2,,,
datasets/corn-field-pest-v2/train/leaf_beetle_unknown/img_04fe4ce1ee32ae05651f2fe9.jpg,train,leaf_beetle_unknown,ccmt,CC BY 4.0,grp_37e374f6c483c04e3a88efc4,58b5e1449b0839beb7150d3bd6c72567da24013598718d75473f751f982cf908,24622,1,lossless_jpeg_metadata_strip_preserve_orientation_v2,,,
datasets/corn-field-pest-v2/train/fall_armyworm/img_33bf5e6268605e46d6e1fa46.jpg,train,fall_armyworm,ccmt,CC BY 4.0,grp_36ea5cdb2bfce0c283502aee,f5374f782972a872d9d286395ec9b6fc160c59b211e8aed70c6eeb0526cc7252,53858,1,lossless_jpeg_metadata_strip_preserve_orientation_v2,,,
datasets/corn-field-pest-v2/train/grasshopper_unknown/img_37f8ed7e21c52a2356b3519c.jpg,train,grasshopper_unknown,ccmt,CC BY 4.0,grp_5f525dd5383c4dd1e8c7f6ad,b732994c36fc941b156b1666516943ce65a7573d46ce5ef13cd3620a46e47e4d,37769,1,lossless_jpeg_metadata_strip_preserve_orientation_v2,,,
datasets/corn-field-pest-v2/train/leaf_beetle_unknown/img_cff9b3e28a925268ad53ee97.jpg,train,leaf_beetle_unknown,ccmt,CC BY 4.0,grp_d9303a1aad157b302fca0536,7f8051361d9cad562f85c43292ef8589ce36de7c80130dec91b6b92ef131fd96,35892,1,lossless_jpeg_metadata_strip_preserve_orientation_v2,,,
datasets/corn-field-pest-v2/train/leaf_beetle_unknown/img_38a28cbc94c465af9f610a1a.jpg,train,leaf_beetle_unknown,ccmt,CC BY 4.0,grp_0ca612cf7095722dac6878bc,ef6f161c5056587c6ca18f21f88396781b9f2965d55ce7a89d012acd6efcf0d9,20797,1,lossless_jpeg_metadata_strip_preserve_orientation_v2,,,
datasets/corn-field-pest-v2/train/grasshopper_unknown/img_9cbac8ceaf32a1a41a75e079.jpg,train,grasshopper_unknown,ccmt,CC BY 4.0,grp_3ad244e5c713c34823b6b873,6c157e565b7a07dedc85412def67019a66f6ed26c74bc50788338ebad81d1d70,31466,1,lossless_jpeg_metadata_strip_preserve_orientation_v2,,,
datasets/corn-field-pest-v2/train/grasshopper_unknown/img_98e27ee1cda0380732a015d9.jpg,train,grasshopper_unknown,ccmt,CC BY 4.0,grp_9f043db980e4378ab5628bd3,6b72008b52fb7448262dff831ba156728370d899eca7407a84a28fafa2b994c6,37922,1,lossless_jpeg_metadata_strip_preserve_orientation_v2,,,
datasets/corn-field-pest-v2/train/grasshopper_unknown/img_7f95041d6974f202c1fb0a19.jpg,train,grasshopper_unknown,ccmt,CC BY 4.0,grp_904932850e49aae84d6eb2be,6d4d78a52defc0c42dcf45d0627a2028bf5c0f4d421de8e84229b0b5ffb674fc,39962,1,lossless_jpeg_metadata_strip_preserve_orientation_v2,,,
datasets/corn-field-pest-v2/train/leaf_beetle_unknown/img_57738c3e1caf58cbbf717693.jpg,train,leaf_beetle_unknown,ccmt,CC BY 4.0,grp_7c90e165537575a5f2d4e599,a56609483d3fd15dbb1ec5d6f07f5224c8793e760c3961b660d1469475269a64,31355,1,lossless_jpeg_metadata_strip_preserve_orientation_v2,,,
datasets/corn-field-pest-v2/val/healthy/img_3da3f40c979198aeca6d69a0.jpg,val,healthy,ccmt,CC BY 4.0,grp_542cde0f6496cddb2601f364,357ef9bffafc50ecb315f778089e4c99c4cac1b71f73e7750030657e31f7236e,35406,1,lossless_jpeg_metadata_strip_preserve_orientation_v2,,,
datasets/corn-field-pest-v2/train/fall_armyworm/img_eaf602bc7c47aada3577221e.jpg,train,fall_armyworm,ccmt,CC BY 4.0,grp_a832353df36ec4db6fdabd6c,3100bf4adb3c410e5ca4e8806cdc0289558056fe0ff344bfb3798109fa6c64ea,77611,1,lossless_jpeg_metadata_strip_preserve_orientation_v2,,,
datasets/corn-field-pest-v2/train/maize_aphid_unknown/img_4f94b466d51b641aca071a9b.jpg,train,maize_aphid_unknown,yeesi,CC BY 4.0,grp_ed471b353f4a6b148da3d189,f632d47459e986762a15c1738ccc3faa2d5c0ee419676ce737cd68b2134f18c2,4983803,1,lossless_jpeg_metadata_strip_preserve_orientation_v2,,,
datasets/corn-field-pest-v2/val/grasshopper_unknown/img_7130ba10b94843eeb0085659.jpg,val,grasshopper_unknown,ccmt,CC BY 4.0,grp_85452642210d26ccf8f0e214,29014c936c01013746d93dcca0f9f49dc48ad195f38cc5b202ad31f1db5f85e8,55532,1,lossless_jpeg_metadata_strip_preserve_orientation_v2,,,
datasets/corn-field-pest-v2/val/leaf_beetle_unknown/img_4e33308fa46a31c1a390d723.jpg,val,leaf_beetle_unknown,ccmt,CC BY 4.0,grp_9bf73ac20705ea60250fb75c,6fe7a5b5d0cd31f06c673484624d8ae32bf02fce6a65e2de35bca2523625e06b,27953,1,lossless_jpeg_metadata_strip_preserve_orientation_v2,,,
datasets/corn-field-pest-v2/train/fall_armyworm/img_f8be7417a9d4d9998c6a0428.jpg,train,fall_armyworm,ccmt,CC BY 4.0,grp_e08bd70cc92932dc5542bedf,7c9bda70ca5d9b13941857f3f86069b005546b1260c313307407dc5b0c43a4e5,37111,1,lossless_jpeg_metadata_strip_preserve_orientation_v2,,,
datasets/corn-field-pest-v2/train/leaf_beetle_unknown/img_290bcf9804c68113294519de.jpg,train,leaf_beetle_unknown,ccmt,CC BY 4.0,grp_5c54b28f2da939c1d51ae076,663fc3a9311593c0f83fa6db32374e85a644c32b6a0820c9f12c9271858b2cb1,35185,1,lossless_jpeg_metadata_strip_preserve_orientation_v2,,,
datasets/corn-field-pest-v2/train/leaf_beetle_unknown/img_6276cec60e80159a8e6fe26d.jpg,train,leaf_beetle_unknown,ccmt,CC BY 4.0,grp_7665ef20490a2f2c9e7dd3fc,756d45af176747bd03b6449fcee85ca7027bf7f6cce74991d73fa5efb5456aff,32708,1,lossless_jpeg_metadata_strip_preserve_orientation_v2,,,
datasets/corn-field-pest-v2/train/leaf_beetle_unknown/img_803f31d6d06df09868fb992f.jpg,train,leaf_beetle_unknown,ccmt,CC BY 4.0,grp_b96a8072a34d76ae4b4f8edc,868ef199a6c141ab56a674ee97ebbe49a5bf08a0d130b38aeaeb7e08ea3b301f,28243,1,lossless_jpeg_metadata_strip_preserve_orientation_v2,,,
datasets/corn-field-pest-v2/train/leaf_beetle_unknown/img_e60d860fc6b417009ddf3d3a.jpg,train,leaf_beetle_unknown,ccmt,CC BY 4.0,grp_cb4990421158c2e4c33d7b17,7ed58e094e5b23b29c55c75929e625bfe8c81423bc2043d4611af9edec80cf64,21783,1,lossless_jpeg_metadata_strip_preserve_orientation_v2,,,
datasets/corn-field-pest-v2/train/fall_armyworm/img_bd4145b101d963cc76566de6.jpg,train,fall_armyworm,ccmt,CC BY 4.0,grp_bc5437ea006ca0162e632713,15a27f5a2e8b6a127b76f11ce1b5ef1bfdfd817211bae9a43aa1560848a328ca,42967,1,lossless_jpeg_metadata_strip_preserve_orientation_v2,,,
datasets/corn-field-pest-v2/train/healthy/img_4d146c224ab931848f9da097.jpg,train,healthy,tom2024,CC BY 4.0,grp_661b4dfe46f4b659551775f4,77b57a195a896fd69e3fc3f394a3dd1cd7e8cdaa749853bfc02bbe80fede6d2e,5214,1,lossless_jpeg_metadata_strip_preserve_orientation_v2,,,
datasets/corn-field-pest-v2/train/healthy/img_0805c270a95ba764e01080d2.jpg,train,healthy,tom2024,CC BY 4.0,grp_ee1f30855c3d89342468b16f,685dfcc9c3b8fc12e82285f6dae437813d2476661819332f36e1194070f9d7bf,7626,1,lossless_jpeg_metadata_strip_preserve_orientation_v2,,,
datasets/corn-field-pest-v2/train/grasshopper_unknown/img_37f1b574a6f8ec622bfaffe4.jpg,train,grasshopper_unknown,ccmt,CC BY 4.0,grp_5bf544e189940aab0c164e5a,b01f4eaf09613f97b3e60dcd12e42353b65b611313b4f52142b567900dfbf98b,52035,1,lossless_jpeg_metadata_strip_preserve_orientation_v2,,,
datasets/corn-field-pest-v2/val/leaf_beetle_unknown/img_595b523b3a02171890ff6ce6.jpg,val,leaf_beetle_unknown,ccmt,CC BY 4.0,grp_3c7499fa723ea7d8f128497b,709abbe4e1663d0d9a4c43b977a085e906d89fe15fbcc3b91ab23bb72702243f,31603,1,lossless_jpeg_metadata_strip_preserve_orientation_v2,,,
datasets/corn-field-pest-v2/train/healthy/img_653c49a34452bb18308cb1d8.jpg,train,healthy,tom2024,CC BY 4.0,grp_6f365061ab0ac90e50d217af,c7425a4c3247560f201ece377637f525fce0369a3e154219dbb663b3f24db19c,10629,1,lossless_jpeg_metadata_strip_preserve_orientation_v2,,,
datasets/corn-field-pest-v2/train/healthy/img_736feb5b1b6984f7b4625b87.jpg,train,healthy,ccmt,CC BY 4.0,grp_9a206926d2dc38da1d56882c,4b55c3129ecaee765aafd26e6c50c6fd83773069825cce0631905e4668f02c24,37847,1,lossless_jpeg_metadata_strip_preserve_orientation_v2,,,
datasets/corn-field-pest-v2/train/healthy/img_4c0ce0bc6ea4387f53813538.jpg,train,healthy,tom2024,CC BY 4.0,grp_e70d702a66ad9a2eae6db1e2,64d69f293a0ef05f3e21386d67e1e449d99c596c563b296695ed995a027aeddc,11587,1,lossless_jpeg_metadata_strip_preserve_orientation_v2,,,
datasets/corn-field-pest-v2/train/leaf_beetle_unknown/img_f0bf7c9d168badcb1c7e1f8b.jpg,train,leaf_beetle_unknown,ccmt,CC BY 4.0,grp_60467e3617fb4fee39f76fd0,091c13b4977f5f2897d59cfd92a488d9e2c3271b92ff3a4ebfd27f662fac4a64,24455,1,lossless_jpeg_metadata_strip_preserve_orientation_v2,,,
datasets/corn-field-pest-v2/train/leaf_beetle_unknown/img_10ded6ba2cfe43be8104dc5c.jpg,train,leaf_beetle_unknown,ccmt,CC BY 4.0,grp_16c1f82c8b6b8bd9ca65c6c5,ed30158557a839b2bc11cfbe5a0c8dbe2e3e315d0755173e7b62e6827c6ba334,35183,1,lossless_jpeg_metadata_strip_preserve_orientation_v2,,,
datasets/corn-field-pest-v2/val/fall_armyworm/img_4e12d01aa8f2bc435c540e08.jpg,val,fall_armyworm,ccmt,CC BY 4.0,grp_c69a388b6984caf3c1fe31f2,b5ea1509e0a4557f37a8cc508b7ded02483f405c83a7ce126cce7b68dde66d13,31232,1,lossless_jpeg_metadata_strip_preserve_orientation_v2,,,
datasets/corn-field-pest-v2/train/grasshopper_unknown/img_dd688af35e0cf9dd18ec93a2.jpg,train,grasshopper_unknown,ccmt,CC BY 4.0,grp_59096b3f9ed637ac010c219f,df387092fd65381e6f9a9ff85687538ac09bb33e55bb6accb7a860d630d56b66,58680,1,lossless_jpeg_metadata_strip_preserve_orientation_v2,,,
datasets/corn-field-pest-v2/train/leaf_beetle_unknown/img_979c87af2774db99380c7373.jpg,train,leaf_beetle_unknown,ccmt,CC BY 4.0,grp_294f6bcfe32efc9063f4c03b,76a3657c7f4fea620ffa0cc880e4cbe596414fb4167c18178090ea0bba253f48,36293,1,lossless_jpeg_metadata_strip_preserve_orientation_v2,,,
datasets/corn-field-pest-v2/train/fall_armyworm/img_3f42c17810d7c3cb65da5b40.jpg,train,fall_armyworm,tom2024,CC BY 4.0,grp_1c9f8ce8e58a165311287fdc,3003abc49c6d54cf277e3b14a43ca36a072d8867bf6416528c321a1b3fff08e4,3889,1,lossless_jpeg_metadata_strip_preserve_orientation_v2,,,
datasets/corn-field-pest-v2/train/fall_armyworm/img_905a354899adf84c3db4b29e.jpg,train,fall_armyworm,ccmt,CC BY 4.0,grp_80641723f1329571b91fe493,c0994aee1706d576a5ef218789ac192644a4f693a50c019c2dbbd4f8197baf82,31698,1,lossless_jpeg_metadata_strip_preserve_orientation_v2,,,
datasets/corn-field-pest-v2/train/grasshopper_unknown/img_b9ba9595af87dd17b165823c.jpg,train,grasshopper_unknown,ccmt,CC BY 4.0,grp_aa1659a46aa741a982929043,b0039a46695f175914544dfc7aac8b9274b3ae9eef221e80351cfe6aedd5712e,40339,1,lossless_jpeg_metadata_strip_preserve_orientation_v2,,,
datasets/corn-field-pest-v2/train/leaf_beetle_unknown/img_d21d0ecf1b04ba71f3b76d62.jpg,train,leaf_beetle_unknown,ccmt,CC BY 4.0,grp_49a1cff5e28237849881ed79,2e02113234cacacc6083ac51d12d56959899d5b8807115ea1d512bd72f95a1f4,45200,1,lossless_jpeg_metadata_strip_preserve_orientation_v2,,,
datasets/corn-field-pest-v2/train/fall_armyworm/img_ded8cb03e926ffb23c7aea81.jpg,train,fall_armyworm,ccmt,CC BY 4.0,grp_1745f047abb72cbfd847c979,b5a14135e204d1baec86ae621557dd01a91c865f81d7f4c343c50666bec0bb1b,33507,1,lossless_jpeg_metadata_strip_preserve_orientation_v2,,,
datasets/corn-field-pest-v2/train/grasshopper_unknown/img_9aa99f0d46834bc349d87a6c.jpg,train,grasshopper_unknown,ccmt,CC BY 4.0,grp_5c8cb3b511c22cba7c487f7e,9afb7a386d7120e0b3690fe9042209885e1500e83d18104e834023be1c25e97e,33327,1,lossless_jpeg_metadata_strip_preserve_orientation_v2,,,
datasets/corn-field-pest-v2/train/grasshopper_unknown/img_905e8dbeeb7ede760f6eb1aa.jpg,train,grasshopper_unknown,ccmt,CC BY 4.0,grp_3406182f0c4138b914d2c526,dddcba7fcae62824a80b6d28ff506883a12516841964479be4031241e80f95cb,33237,1,lossless_jpeg_metadata_strip_preserve_orientation_v2,,,
datasets/corn-field-pest-v2/train/grasshopper_unknown/img_905d8e902624fef19ef606ea.jpg,train,grasshopper_unknown,ccmt,CC BY 4.0,grp_9da6312e869a4b2bc098c7e4,b44b060826db8c475b374348e25a75a5f06cc80159b60f00b157ccc4cc8535d0,39893,1,lossless_jpeg_metadata_strip_preserve_orientation_v2,,,
datasets/corn-field-pest-v2/train/healthy/img_4d0adb84324d8a2f8ce43cc9.jpg,train,healthy,tom2024,CC BY 4.0,grp_c90aef876e7409c483f597fe,9bb7c6910a0e4967873901d1b40dc846e4a6dbf6a4410f85667a569bc178267c,9668,1,lossless_jpeg_metadata_strip_preserve_orientation_v2,,,
datasets/corn-field-pest-v2/train/leaf_beetle_unknown/img_fded4eddd7f7b1967b3b5e4b.jpg,train,leaf_beetle_unknown,ccmt,CC BY 4.0,grp_a16bffb950ea9c9c3cc6a9ca,50fa6a907eaa77275d88ba780a120963e7a3811ad8518e3479b98883ad718946,30901,1,lossless_jpeg_metadata_strip_preserve_orientation_v2,,,
datasets/corn-field-pest-v2/train/grasshopper_unknown/img_dac7898860c07258e6ea9838.jpg,train,grasshopper_unknown,ccmt,CC BY 4.0,grp_3f98e31553dbb9540a0e6503,8fdd24dd9672f6590cd08294946b6c51a3f59ad930f98edbd870336b04cfc467,43742,1,lossless_jpeg_metadata_strip_preserve_orientation_v2,,,
datasets/corn-field-pest-v2/train/maize_aphid_unknown/img_f0ba179006bba19183ffc3bd.jpg,train,maize_aphid_unknown,yeesi,CC BY 4.0,grp_e37eb7f71d9e27f224f6bd58,d836edccc3c809216fd56d6be8a952d061c3856050629604200e456126189669,6378119,6,lossless_jpeg_metadata_strip_preserve_orientation_v2,,,
datasets/corn-field-pest-v2/train/leaf_beetle_unknown/img_4ef90fbeeaf0b6d39f7e0c56.jpg,train,leaf_beetle_unknown,ccmt,CC BY 4.0,grp_33891ed451d52ef13811a328,c144abeb367c4118da2f5ac08c9780fb400280fb25a074a359602bc262e51d2a,24211,1,lossless_jpeg_metadata_strip_preserve_orientation_v2,,,
datasets/corn-field-pest-v2/train/fall_armyworm/img_3ceb39e13a95d3c06e86c520.jpg,train,fall_armyworm,tom2024,CC BY 4.0,grp_209fbcb25df14bd5640d5847,b40ebd4283356b33e8fc3453648b59e2e7db6b7a32957efb3af7d98b92b7dc95,11648,1,lossless_jpeg_metadata_strip_preserve_orientation_v2,,,
datasets/corn-field-pest-v2/train/leaf_beetle_unknown/img_442707147f0f18f416c635ae.jpg,train,leaf_beetle_unknown,ccmt,CC BY 4.0,grp_348359d1027d7e3e5dc65963,d20c34b2340b99c578a8b71bee07b5e7668d375aec2ef46b3342bbfa4d759ca1,33943,1,lossless_jpeg_metadata_strip_preserve_orientation_v2,,,
datasets/corn-field-pest-v2/train/healthy/img_2591ac6dabd1ef9195a1240b.jpg,train,healthy,tom2024,CC BY 4.0,grp_4a52ea68f41661ee992fdc35,583fb7eef5d9fd1db6424e2b5670c4177bed98b227927c58c2479a6b0fa7b331,3633,1,lossless_jpeg_metadata_strip_preserve_orientation_v2,,,
datasets/corn-field-pest-v2/train/fall_armyworm/img_f387db5f0551c24b3af7945e.jpg,train,fall_armyworm,tom2024,CC BY 4.0,grp_21e3ba25f2159c95c85d854a,3911905236d7e2bfa1d7bb8ede43043bcd3bea3f1e8a01d2c32101a7f6bb1c85,3179,1,lossless_jpeg_metadata_strip_preserve_orientation_v2,,,
datasets/corn-field-pest-v2/val/leaf_beetle_unknown/img_a17043cbb5cd84fdf8ca6070.jpg,val,leaf_beetle_unknown,ccmt,CC BY 4.0,grp_1b342f43497456d4b2f6fa1c,4a10dee7e7fb79279e9f8e981c812b9cdb0282aa93ac3aecc5d20ecb36df5684,30708,1,lossless_jpeg_metadata_strip_preserve_orientation_v2,,,
datasets/corn-field-pest-v2/val/leaf_beetle_unknown/img_b9307f423113a9a9772828da.jpg,val,leaf_beetle_unknown,ccmt,CC BY 4.0,grp_512751e95d2a0350778b4c00,07f8380c9db40feeead71d9b0ab5669b9f531fd17b0014893cc2a7f3b27ff28b,61444,1,lossless_jpeg_metadata_strip_preserve_orientation_v2,,,
datasets/corn-field-pest-v2/train/fall_armyworm/img_3b10848d74db3ed041a3c9e3.jpg,train,fall_armyworm,ccmt,CC BY 4.0,grp_8f0c1e24fcf7f94fd6077b62,71a2f66a0d0a21bbc91674c9d0e01c56bdce49664f8b6fac4c824a674aef4ec3,48038,1,lossless_jpeg_metadata_strip_preserve_orientation_v2,,,
datasets/corn-field-pest-v2/train/leaf_beetle_unknown/img_e0caea8a155a7d60940bc030.jpg,train,leaf_beetle_unknown,ccmt,CC BY 4.0,grp_12c810132fe667e60231227c,da083b3246ecc9c8b389b56a80e4bd07538a2e8cc99809dc8f9be6c15d3f71fb,43031,1,lossless_jpeg_metadata_strip_preserve_orientation_v2,,,
datasets/corn-field-pest-v2/train/leaf_beetle_unknown/img_abb3ee3ad0d54a947e191c4e.jpg,train,leaf_beetle_unknown,ccmt,CC BY 4.0,grp_07b13b84b894e35067891c18,2acba69d07505c53bc4f6ffd2abc6d96b2674eda136300345bb0d9d189a05b1e,43146,1,lossless_jpeg_metadata_strip_preserve_orientation_v2,,,
datasets/corn-field-pest-v2/val/leaf_beetle_unknown/img_002da62e0f81f29d7cbe34b0.jpg,val,leaf_beetle_unknown,ccmt,CC BY 4.0,grp_da766f504dca35816f0e40c1,dd4e3545c35b12b3021a539a1154385a28f7952d86ee2b2575edd13551a42656,49354,1,lossless_jpeg_metadata_strip_preserve_orientation_v2,,,
datasets/corn-field-pest-v2/train/grasshopper_unknown/img_393de3fc37a3f8a955ec0872.jpg,train,grasshopper_unknown,ccmt,CC BY 4.0,grp_76dc3703cd4cb65a99b59893,f08f2a4b02f7c3c1bf8a7005b14bf3501b4cbfece0f248c01f8bb8a3e4d5eb05,46317,1,lossless_jpeg_metadata_strip_preserve_orientation_v2,,,
datasets/corn-field-pest-v2/val/fall_armyworm/img_0e474c86f80d5cfdf26b3751.jpg,val,fall_armyworm,tom2024,CC BY 4.0,grp_b7513f86eb722e15ba7dabd4,95190158f11c49c16a6f19cd15c25140e8f809e9d04f9e4d713b11ecf517ebc9,16906,1,lossless_jpeg_metadata_strip_preserve_orientation_v2,,,
datasets/corn-field-pest-v2/train/leaf_beetle_unknown/img_ec9ed725b8557bc7c315b479.jpg,train,leaf_beetle_unknown,ccmt,CC BY 4.0,grp_d741773471bcd17affaa3298,c14562ea29217a9d7ba3a00d4eb3090681430bb66d1e632908a1c4ab8c257dd5,30986,1,lossless_jpeg_metadata_strip_preserve_orientation_v2,,,
datasets/corn-field-pest-v2/train/leaf_beetle_unknown/img_59b4ec322427c96e8ac14d64.jpg,train,leaf_beetle_unknown,ccmt,CC BY 4.0,grp_581fdeb35d77c249d36fe57d,5df6bcc161ecdabc5fe5b2d140bc5fc9ec7759577ab151d02d196bd0c1673ad5,36966,1,lossless_jpeg_metadata_strip_preserve_orientation_v2,,,
datasets/corn-field-pest-v2/train/fall_armyworm/img_774f56235d29b415ce30eeaa.jpg,train,fall_armyworm,ccmt,CC BY 4.0,grp_669c6eddd87041700887a15e,c6785eb6fb67b956b4c8f8694d53ab1c855b95aa8eb70c53b501d5562c044049,41522,1,lossless_jpeg_metadata_strip_preserve_orientation_v2,,,
datasets/corn-field-pest-v2/train/fall_armyworm/img_3bf3456d7edf40f2fac1bef9.jpg,train,fall_armyworm,tom2024,CC BY 4.0,grp_8e30dd9b37441e92d84af9ed,5075d081278cd30e732726dce6946a1ab645b2a7cbb7ad097a255d790be70f0e,4934,1,lossless_jpeg_metadata_strip_preserve_orientation_v2,,,
datasets/corn-field-pest-v2/train/leaf_beetle_unknown/img_c02bcf3bff46e4c103e82168.jpg,train,leaf_beetle_unknown,ccmt,CC BY 4.0,grp_4d6a6b9536cb24349202836c,84f77122334edcfac7ca244cfcc967bc3ea012d03d5e7dbf6ccaac3dff5a117f,27032,1,lossless_jpeg_metadata_strip_preserve_orientation_v2,,,
datasets/corn-field-pest-v2/train/maize_aphid_unknown/img_aece180a15dc206a9bba9052.jpg,train,maize_aphid_unknown,yeesi,CC BY 4.0,grp_ed471b353f4a6b148da3d189,f54670f17c813153a4c4147e1a1d48b9f87214afff11999ff743fc667bf17ebc,4874169,1,lossless_jpeg_metadata_strip_preserve_orientation_v2,,,
datasets/corn-field-pest-v2/train/grasshopper_unknown/img_ec38a75396b32502d43037c7.jpg,train,grasshopper_unknown,ccmt,CC BY 4.0,grp_b045283118a47a6cb231bad5,78dc30d181872f8d8f3d381717916794cf95e66b6cef9ce7d0a5bdbae367b204,39530,1,lossless_jpeg_metadata_strip_preserve_orientation_v2,,,
datasets/corn-field-pest-v2/val/grasshopper_unknown/img_5d5a509ce47bc06bae633591.jpg,val,grasshopper_unknown,ccmt,CC BY 4.0,grp_aa41c0dde809ee60ce4ea375,788c5c75b7c52f54b5b15e26e0a588b49c4ee07ef76ae0b36c6b071f8f7075bb,39905,1,lossless_jpeg_metadata_strip_preserve_orientation_v2,,,
datasets/corn-field-pest-v2/train/leaf_beetle_unknown/img_200077d3090b4d6edec10903.jpg,train,leaf_beetle_unknown,ccmt,CC BY 4.0,grp_bc53d89061b1d1582619a83d,fee4a72d1b35b981cc9f10142cb544026a2ab0e2775a529e35c6fc99ad433bbe,28663,1,lossless_jpeg_metadata_strip_preserve_orientation_v2,,,
datasets/corn-field-pest-v2/train/fall_armyworm/img_0c1c7f158ed38497a143aa7b.jpg,train,fall_armyworm,tom2024,CC BY 4.0,grp_d85123e20e77535a27bc79f8,9581988fa3e7635d4ca7040aab7d7e6b9a121e962ebc8b82c2234eb67d2034eb,10827,1,lossless_jpeg_metadata_strip_preserve_orientation_v2,,,
datasets/corn-field-pest-v2/train/leaf_beetle_unknown/img_e72d208f7339e61e4833d9b3.jpg,train,leaf_beetle_unknown,ccmt,CC BY 4.0,grp_d5367b1d4d3c040eb32a73ef,5e2bf57577dbcd9cd05a92a02b0df8d0d91b449117075efbb7ab1c7858c14687,30492,1,lossless_jpeg_metadata_strip_preserve_orientation_v2,,,
datasets/corn-field-pest-v2/train/leaf_beetle_unknown/img_7d323dd182395bc6031345b5.jpg,train,leaf_beetle_unknown,ccmt,CC BY 4.0,grp_9c8566fd2fe9e668f2678f28,1b88378ca2be1589d0762af0aaf9dc5d5dc5613ac4461762f1fbde9f3f8662ed,33350,1,lossless_jpeg_metadata_strip_preserve_orientation_v2,,,
datasets/corn-field-pest-v2/train/leaf_beetle_unknown/img_013768df457c4fe5521d577c.jpg,train,leaf_beetle_unknown,ccmt,CC BY 4.0,grp_75ba75e49860559bbcf55e40,e254938dab00c6c2655b575a76b4c41bb1c603e0d69851f8b69beacc7427b4ab,43054,1,lossless_jpeg_metadata_strip_preserve_orientation_v2,,,
datasets/corn-field-pest-v2/train/fall_armyworm/img_c01a05c87660802549ca0772.jpg,train,fall_armyworm,ccmt,CC BY 4.0,grp_15f419397e468724a082e14f,a94a551fb8012d547f86de1c6662446ac7b4f58c6ca6724eb2d7d82266d1b3a2,79098,1,lossless_jpeg_metadata_strip_preserve_orientation_v2,,,
datasets/corn-field-pest-v2/train/maize_aphid_unknown/img_a146dab61f7ba540ae5cbfe4.jpg,train,maize_aphid_unknown,yeesi,CC BY 4.0,grp_ed471b353f4a6b148da3d189,1db691476bd13fd3f04b5d7e818cd994c5c2a504ee11b50ced7b191ad22f1a1e,4093894,1,lossless_jpeg_metadata_strip_preserve_orientation_v2,,,
datasets/corn-field-pest-v2/train/leaf_beetle_unknown/img_87f55249d7a32d6611cd8754.jpg,train,leaf_beetle_unknown,ccmt,CC BY 4.0,grp_870de0cf63bc2b58d74d25ac,a80da3c847cf90008fae7b820a124c2155d4dd4b345b5fcb8f61aac05d0b7d5e,18058,1,lossless_jpeg_metadata_strip_preserve_orientation_v2,,,
datasets/corn-field-pest-v2/train/fall_armyworm/img_9c940c003d26fe02581ebbf8.jpg,train,fall_armyworm,tom2024,CC BY 4.0,grp_9e2fa6296a503f13167d4056,ba1753010a516e1c136403d95da6bb9649ab4a6c8e32b712fb8204eb25d7fb8c,2597,1,lossless_jpeg_metadata_strip_preserve_orientation_v2,,,
datasets/corn-field-pest-v2/train/leaf_beetle_unknown/img_f185f6fdd3d0805c8753bf94.jpg,train,leaf_beetle_unknown,ccmt,CC BY 4.0,grp_139fb0c721c1588ef472f643,f8da4bd85abcb198886b30cb8390346cc0793f668f9e0520e181c28b9611439b,24853,1,lossless_jpeg_metadata_strip_preserve_orientation_v2,,,
datasets/corn-field-pest-v2/val/fall_armyworm/img_947ab2066060a171b06025cd.jpg,val,fall_armyworm,tom2024,CC BY 4.0,grp_12edc46574ae10c1a465254b,46c8abd81ef3f82276bced75f965dbf7cf233b3a806259538457eeb52221343d,10146,1,lossless_jpeg_metadata_strip_preserve_orientation_v2,,,
datasets/corn-field-pest-v2/train/healthy/img_952bc9904285e20c146cb6b0.jpg,train,healthy,ccmt,CC BY 4.0,grp_848a6eb214e730c86350fcb9,53cd4a0b38178ec367c30b997087c79e364d7487b98ae00cc4d9233176dc4394,47660,1,lossless_jpeg_metadata_strip_preserve_orientation_v2,,,
datasets/corn-field-pest-v2/train/fall_armyworm/img_1368af9ded2d0a76f21ef926.jpg,train,fall_armyworm,tom2024,CC BY 4.0,grp_f1e3f7f40d2f598e111849a8,fcaeeeb9d51199379d78e095831c3d2a0a71595852f1f36012f4839859ced073,8510,1,lossless_jpeg_metadata_strip_preserve_orientation_v2,,,
datasets/corn-field-pest-v2/train/healthy/img_676839c27d2cd56ca15dcb49.jpg,train,healthy,tom2024,CC BY 4.0,grp_0e0eed13b8c24e02043516bf,5ec7a49854c9219f9966e91fc64a0f422966ca3d7e18ddc658647b963f35f056,5863,1,lossless_jpeg_metadata_strip_preserve_orientation_v2,,,
datasets/corn-field-pest-v2/train/healthy/img_5797063c3d077ae20f680906.jpg,train,healthy,tom2024,CC BY 4.0,grp_21997fbf45e7ca15c9098de5,70006139d74bf28d30f64fb016ebb261a18a28b71995ae457bab61a31830ec1e,4883,1,lossless_jpeg_metadata_strip_preserve_orientation_v2,,,
datasets/corn-field-pest-v2/train/leaf_beetle_unknown/img_7bc523238219337b0608074d.jpg,train,leaf_beetle_unknown,ccmt,CC BY 4.0,grp_a3bb642e864f784127f627dc,87f73fbb9713415498fb1f0fb6b9d19b6717c7b1bc03d48a5d0bf67bc7979c49,19918,1,lossless_jpeg_metadata_strip_preserve_orientation_v2,,,
datasets/corn-field-pest-v2/train/healthy/img_0d29251ab2194add4e184323.jpg,train,healthy,tom2024,CC BY 4.0,grp_ee1f30855c3d89342468b16f,23c42824a0d418bb6baf8f9e5431ae784d2b1ced7bbf733e2a58235336cf0a2c,5404,1,lossless_jpeg_metadata_strip_preserve_orientation_v2,,,
datasets/corn-field-pest-v2/train/healthy/img_357bea8551bb649e952d5c47.jpg,train,healthy,tom2024,CC BY 4.0,grp_7ba4ceca38e4c81a295c5045,dde490585a74ea644234278ba124644aea461d9988b9ed5b4b25023ff4c5fc0a,6504,1,lossless_jpeg_metadata_strip_preserve_orientation_v2,,,
datasets/corn-field-pest-v2/train/grasshopper_unknown/img_2d0cc878415e193096c7ba95.jpg,train,grasshopper_unknown,ccmt,CC BY 4.0,grp_d91d111a54c50992cc6eb8db,88ec79d91b561613d716a4d2bbd6c5cc308862fe1c85040e3f92a67e2925355a,65127,1,lossless_jpeg_metadata_strip_preserve_orientation_v2,,,
datasets/corn-field-pest-v2/train/grasshopper_unknown/img_e003fcbb422166b5854003c2.jpg,train,grasshopper_unknown,ccmt,CC BY 4.0,grp_3d19dce7f9f15b2b0c600ecf,288ddd6d5411f9b41d903d352c93e767cb46746291d410e1efc812ed0ad66811,53004,1,lossless_jpeg_metadata_strip_preserve_orientation_v2,,,
datasets/corn-field-pest-v2/train/grasshopper_unknown/img_d06bb2ce49c99fbc3af9f5de.jpg,train,grasshopper_unknown,ccmt,CC BY 4.0,grp_9577117b8ce1ab9675f546d2,91157e753db17868006e806bd5710444adb77cc34bb5a7f3ca6d36fc5d5c929e,40100,1,lossless_jpeg_metadata_strip_preserve_orientation_v2,,,
datasets/corn-field-pest-v2/train/fall_armyworm/img_e1df042ea7b83abd2ac9fd2e.jpg,train,fall_armyworm,ccmt,CC BY 4.0,grp_fc7eab07131406c897ad4104,a9c9005c50043533d4fbfe2b43fbf59e97990851ad7232a7ffe30ba599be27be,60641,1,lossless_jpeg_metadata_strip_preserve_orientation_v2,,,
datasets/corn-field-pest-v2/train/grasshopper_unknown/img_c90201343d19e46d3fdba5ff.jpg,train,grasshopper_unknown,ccmt,CC BY 4.0,grp_aec4d64a0630df8284c482a2,5ca777a277618b28f5c0d8e92b6384c7e5739b00c8001082104c2153a4678b84,35668,1,lossless_jpeg_metadata_strip_preserve_orientation_v2,,,
datasets/corn-field-pest-v2/train/leaf_beetle_unknown/img_5bc90503efa6ce228bb9cddf.jpg,train,leaf_beetle_unknown,ccmt,CC BY 4.0,grp_344586f4ff81cc294ff096b4,765a1a87dbd802414df8b98f4f9c12c5d7e685c4d96e2c618dfebdf181967efe,25374,1,lossless_jpeg_metadata_strip_preserve_orientation_v2,,,
datasets/corn-field-pest-v2/train/healthy/img_79fd1ce89f6f070d646f1428.jpg,train,healthy,tom2024,CC BY 4.0,grp_4a52ea68f41661ee992fdc35,2962d84d5ddb0b6f19ced674ab5cac658906cc5e7477410b2b37bdbf2f4dac09,4671,1,lossless_jpeg_metadata_strip_preserve_orientation_v2,,,
datasets/corn-field-pest-v2/train/leaf_beetle_unknown/img_f4c98824b5f34521e90302f2.jpg,train,leaf_beetle_unknown,ccmt,CC BY 4.0,grp_5e7df194d5ee76e952be45f3,7251cce59df185248b5a6d63480bc39f482bb8f998c4bd9fa016f2fbda723a3b,33063,1,lossless_jpeg_metadata_strip_preserve_orientation_v2,,,
datasets/corn-field-pest-v2/train/healthy/img_daa590286a55fe50a55ae459.jpg,train,healthy,tom2024,CC BY 4.0,grp_434dfd51d732b19519017cf9,9a401174aa3c5428d92b53a9ba2a27ef835ff1cdd30cf13b3387cdd1119a61fe,15728,1,lossless_jpeg_metadata_strip_preserve_orientation_v2,,,
datasets/corn-field-pest-v2/train/grasshopper_unknown/img_38e043dd233b9e0caabe51d1.jpg,train,grasshopper_unknown,ccmt,CC BY 4.0,grp_7825f2627737757baa8c86e0,dbf34a8d10ed1010397ae39962d1b18098e14b1f60afbe5254a0adebb474f091,35096,1,lossless_jpeg_metadata_strip_preserve_orientation_v2,,,
datasets/corn-field-pest-v2/train/healthy/img_2a01fc5c927ed69c366d7bfe.jpg,train,healthy,tom2024,CC BY 4.0,grp_5eea4b07e771ba1d35ab7f75,7d26af1286267f89423d19f33a9e51a6d182b7df786350f822ba5d81f79dc277,22736,1,lossless_jpeg_metadata_strip_preserve_orientation_v2,,,
datasets/corn-field-pest-v2/val/grasshopper_unknown/img_f31dc8180ad2a9f2c73f814f.jpg,val,grasshopper_unknown,ccmt,CC BY 4.0,grp_8f61e1f229eed2d918eaaa37,596db6d0d110eab4dc113f7552b13da1a65ae1431c5868fd9dc099268bafa42f,34698,1,lossless_jpeg_metadata_strip_preserve_orientation_v2,,,
datasets/corn-field-pest-v2/train/grasshopper_unknown/img_6fd5b13cbdb4a6bb4c5234ad.jpg,train,grasshopper_unknown,ccmt,CC BY 4.0,grp_7c5e74c65383118468407734,d07ef630c4be05ed90dbbb57f9efdd3ae9ab79e14fc053b9eb4e1ff69b3226b6,47917,1,lossless_jpeg_metadata_strip_preserve_orientation_v2,,,
datasets/corn-field-pest-v2/train/grasshopper_unknown/img_48cd4df73c800253e6e0420d.jpg,train,grasshopper_unknown,ccmt,CC BY 4.0,grp_9f11b7b2d23a64b26aee7ca0,76a272306c02128e5b3142843dfb83b6bcedc5713dc9a9712a73cc718c579e13,53721,1,lossless_jpeg_metadata_strip_preserve_orientation_v2,,,
datasets/corn-field-pest-v2/train/fall_armyworm/img_c847870fff0220eba65fb594.jpg,train,fall_armyworm,ccmt,CC BY 4.0,grp_3c972ab7d97d87bebb55850c,74587ac32a9e9c19babf9b2fe257bae4ed2bcdf4692abb266c54f6a79a43bdee,48850,1,lossless_jpeg_metadata_strip_preserve_orientation_v2,,,
datasets/corn-field-pest-v2/train/leaf_beetle_unknown/img_e9b16c8dff754fc4a75cb89b.jpg,train,leaf_beetle_unknown,ccmt,CC BY 4.0,grp_aab28a7f8899e63b06668424,38bbdc6575f5b3aa1ccf56d71da502a3bbd1fd59cc9bf4eea1c708e53e4fbd43,27223,1,lossless_jpeg_metadata_strip_preserve_orientation_v2,,,
datasets/corn-field-pest-v2/train/grasshopper_unknown/img_fe5b37e5996a08ce56f7da2b.jpg,train,grasshopper_unknown,ccmt,CC BY 4.0,grp_002ee4258a5e88c6c59683b2,ae216e94450b3249e7428316a8b4ccd73e88ee30a670e73837752812aec01627,43076,1,lossless_jpeg_metadata_strip_preserve_orientation_v2,,,
datasets/corn-field-pest-v2/val/leaf_beetle_unknown/img_8034123f140fb4cf606bb1be.jpg,val,leaf_beetle_unknown,ccmt,CC BY 4.0,grp_4b83056085a91ba798c2eac7,594efc580c6a5347337dc7c88f0cba2c475c648971861cac06378d0874dc1610,24819,1,lossless_jpeg_metadata_strip_preserve_orientation_v2,,,
datasets/corn-field-pest-v2/train/grasshopper_unknown/img_738a841c35dcf673fa7c9d5f.jpg,train,grasshopper_unknown,ccmt,CC BY 4.0,grp_7e8929f234e4dae42795bae3,dd48e9808974eb3ce86c461d487b85f1776fdc790ed30b63af471c71a7825255,47237,1,lossless_jpeg_metadata_strip_preserve_orientation_v2,,,
datasets/corn-field-pest-v2/train/leaf_beetle_unknown/img_ee5bd827347559e4857243c7.jpg,train,leaf_beetle_unknown,ccmt,CC BY 4.0,grp_ed22aa6bbb7f6b84f924448f,887cd2a253e3f0b808d591b2f2817ba69cc2e6877a4f1d3db315530093eb2484,34950,1,lossless_jpeg_metadata_strip_preserve_orientation_v2,,,
datasets/corn-field-pest-v2/train/healthy/img_fae2d0d8485adc7dc9c2bebe.jpg,train,healthy,ccmt,CC BY 4.0,grp_2030c9522ae2d85ab43fb6f5,de8b2e8f43503d0d8b62555fde70b6c6c1a76440a6414aaca2c9ad3b57d9b797,37173,1,lossless_jpeg_metadata_strip_preserve_orientation_v2,,,
datasets/corn-field-pest-v2/val/leaf_beetle_unknown/img_4484967d12557e6ef67e0f23.jpg,val,leaf_beetle_unknown,ccmt,CC BY 4.0,grp_ac1ea7a0507ff16dcd09a63c,699b3130b51f2d72d660d1e53ed5d6d4b9537c3ac8c98ba104819446871752c1,21542,1,lossless_jpeg_metadata_strip_preserve_orientation_v2,,,
datasets/corn-field-pest-v2/train/leaf_beetle_unknown/img_e9873bd23af168d898951a6e.jpg,train,leaf_beetle_unknown,ccmt,CC BY 4.0,grp_18ddee04b204409c14e777c5,c19d67e6ebda89a266e50d1c8959fb4ad5a63f4fc54f775440406137947bd534,23866,1,lossless_jpeg_metadata_strip_preserve_orientation_v2,,,
datasets/corn-field-pest-v2/train/healthy/img_98ab3ddea34d22170b334a5e.jpg,train,healthy,ccmt,CC BY 4.0,grp_24eb649d85d67a9fceb163e9,b9b404304d120e20a5acda85655323794abcedf379d6ffad815476f3bde364a3,44166,1,lossless_jpeg_metadata_strip_preserve_orientation_v2,,,
datasets/corn-field-pest-v2/train/grasshopper_unknown/img_58c3acb17aa24fbf4ebe2a19.jpg,train,grasshopper_unknown,ccmt,CC BY 4.0,grp_001c275bd9a874b25067ba0d,dbd2e0495e9a3c7e57ed9a0f5120205688e19f7b717ef6b7706555e8b1e876da,51790,1,lossless_jpeg_metadata_strip_preserve_orientation_v2,,,
datasets/corn-field-pest-v2/train/leaf_beetle_unknown/img_a490fb90a67c14f64ac073fd.jpg,train,leaf_beetle_unknown,ccmt,CC BY 4.0,grp_efaf158f8cb6b2745df10c21,8bc83a6cc7f3ac52df7489d3c7058cda5ce10d0d3e3d047c24b1ff2d660f9ed6,39293,1,lossless_jpeg_metadata_strip_preserve_orientation_v2,,,
datasets/corn-field-pest-v2/train/leaf_beetle_unknown/img_d5b99aac05737f65f9cb6e95.jpg,train,leaf_beetle_unknown,ccmt,CC BY 4.0,grp_b71baff82bb42be3a6f47a1d,39b4117b085df8a098e3c84403523242812c039279ff6aff8bca8d45e6bd4f72,30098,1,lossless_jpeg_metadata_strip_preserve_orientation_v2,,,
datasets/corn-field-pest-v2/train/healthy/img_0807676d8612402ed7b24b7c.jpg,train,healthy,tom2024,CC BY 4.0,grp_2a54d4a5f9fe42bf582146a3,6a07db0887e32e31f64da17465215df1e2221ea3a464291567c1b2c85904057c,20749,1,lossless_jpeg_metadata_strip_preserve_orientation_v2,,,
datasets/corn-field-pest-v2/val/healthy/img_9ba11b8e69515f21b16d5c34.jpg,val,healthy,ccmt,CC BY 4.0,grp_53adddb44b6a0cef2515c899,6b541c0e15c7fdf71ac0f797a7eb515810ad8a5b8798349aec9f5ee8ece4fb25,44053,1,lossless_jpeg_metadata_strip_preserve_orientation_v2,,,
datasets/corn-field-pest-v2/train/healthy/img_63d6d1c64fe8048e00a4c48d.jpg,train,healthy,tom2024,CC BY 4.0,grp_6ccce3bd49848aab4bdac931,3fe6c6f2a0f52f6616953564700d38ce1b69686aa4e31de869da71a84ce1e71d,6419,1,lossless_jpeg_metadata_strip_preserve_orientation_v2,,,
datasets/corn-field-pest-v2/train/leaf_beetle_unknown/img_3539c9bce706998db78dfc3a.jpg,train,leaf_beetle_unknown,ccmt,CC BY 4.0,grp_e9a35113b6e9c51e695fce34,5b74b94e25aeab757eb10d51b0fac66994b71ca6ef20fc512c2610037de635ed,23687,1,lossless_jpeg_metadata_strip_preserve_orientation_v2,,,
datasets/corn-field-pest-v2/train/grasshopper_unknown/img_1e91706e9a97ada87b04e2eb.jpg,train,grasshopper_unknown,ccmt,CC BY 4.0,grp_10cf988f391f4dd3bb6c7373,b2d5ea119a7dd9f34b0707f50188a47df954cb3469fa652b5034cf03f5b6ed8a,33652,1,lossless_jpeg_metadata_strip_preserve_orientation_v2,,,
datasets/corn-field-pest-v2/val/maize_aphid_unknown/img_736e54eefa0f44f8b6a7afdc.jpg,val,maize_aphid_unknown,yeesi,CC BY 4.0,grp_1a075beb064f54e8059f91fe,87c3e301fb6100fc8816ac72ac56b4cff8f538aa759c7aa7f7f886d9dd1cecec,2357353,1,lossless_jpeg_metadata_strip_preserve_orientation_v2,,,
datasets/corn-field-pest-v2/train/healthy/img_058e77fb766fe0a87c943587.jpg,train,healthy,tom2024,CC BY 4.0,grp_3f34818fa86fc8397082a6dc,fdff013e744aee86325e3364e7fd228dd9c238671868c2fde3b12aad756275e1,4281,1,lossless_jpeg_metadata_strip_preserve_orientation_v2,,,
datasets/corn-field-pest-v2/train/grasshopper_unknown/img_816676b67eaf0104f422c620.jpg,train,grasshopper_unknown,ccmt,CC BY 4.0,grp_5da64654af5aa7b88f1491fc,e0343da0dbda40efe15a0e0478e66ff01e5e672855e63270e113c2fbbf3862f5,53505,1,lossless_jpeg_metadata_strip_preserve_orientation_v2,,,
datasets/corn-field-pest-v2/train/fall_armyworm/img_e4334a92838120958e839d4f.jpg,train,fall_armyworm,tom2024,CC BY 4.0,grp_792119b01683d481cf5de70a,21b3f92f7e3e503dbbd1d3492ca65056e5f4055aa57f82f133ce4a586ad1519e,7543,1,lossless_jpeg_metadata_strip_preserve_orientation_v2,,,
datasets/corn-field-pest-v2/train/grasshopper_unknown/img_d2d2612916df92faa96c9071.jpg,train,grasshopper_unknown,ccmt,CC BY 4.0,grp_fd5642535b0e76400e384a1b,13ced930f9e76a550e61b45a7906e0e7b5ec22c74caffb09b9c00c1ca887826c,46842,1,lossless_jpeg_metadata_strip_preserve_orientation_v2,,,
datasets/corn-field-pest-v2/train/leaf_beetle_unknown/img_ae9ea3c44d03fc65920cda63.jpg,train,leaf_beetle_unknown,ccmt,CC BY 4.0,grp_d3a07cb3da83e0d09282b05a,52c7a95fb6678dd36e9dc50d06027606b6ff7248ba18c1b01de703d055a29964,48375,1,lossless_jpeg_metadata_strip_preserve_orientation_v2,,,
datasets/corn-field-pest-v2/val/leaf_beetle_unknown/img_fb2d839dfea71e88855a7831.jpg,val,leaf_beetle_unknown,ccmt,CC BY 4.0,grp_6e6afb1ef9e6267ccfc793e2,7722eab3f2655cc3acc455870566cc8792ded92c5ad754185592ad8d25cb49f3,22862,1,lossless_jpeg_metadata_strip_preserve_orientation_v2,,,
datasets/corn-field-pest-v2/train/leaf_beetle_unknown/img_e6bdb74cbd93e2f7d9cec71c.jpg,train,leaf_beetle_unknown,ccmt,CC BY 4.0,grp_8f288fe0b7acac90c548ef8b,161dd7b6c8cab3d3f2dafc671f3158410feecaf99ad3ab0eacd78cd8444a3aaf,34870,1,lossless_jpeg_metadata_strip_preserve_orientation_v2,,,
datasets/corn-field-pest-v2/train/grasshopper_unknown/img_95a0d2f238fc247c4242c815.jpg,train,grasshopper_unknown,ccmt,CC BY 4.0,grp_8c6e9133657247af70abf041,28171f73799bc88004ee9c7e1e00ae6985104ec1a5c304456abc4bf87a9be239,42985,1,lossless_jpeg_metadata_strip_preserve_orientation_v2,,,
datasets/corn-field-pest-v2/train/grasshopper_unknown/img_570ae7f9dd05188c8a256dd8.jpg,train,grasshopper_unknown,ccmt,CC BY 4.0,grp_c82a9fe34298a7aee9c5c258,fcdfcfdf312dce84a4367e7ebf08de2dd0babdf35f453f563479af6fe38813e9,26507,1,lossless_jpeg_metadata_strip_preserve_orientation_v2,,,
datasets/corn-field-pest-v2/train/leaf_beetle_unknown/img_73dce59cb57197ff1aeb9f13.jpg,train,leaf_beetle_unknown,ccmt,CC BY 4.0,grp_603ee643cf2ee6e446b30942,6ec552aaa0e59b701644425b4baf5e4e38531cc31160efcfc6aad84e333dbf2f,29108,1,lossless_jpeg_metadata_strip_preserve_orientation_v2,,,
datasets/corn-field-pest-v2/train/fall_armyworm/img_27df06b94e584d0555ab34eb.jpg,train,fall_armyworm,tom2024,CC BY 4.0,grp_b41254220cbdfe308b3d04b7,a4583c999e9b221d7b38be32b103e5b9b3059b6ba8eb1f0cfef9ef487a833798,6043,1,lossless_jpeg_metadata_strip_preserve_orientation_v2,,,
datasets/corn-field-pest-v2/train/grasshopper_unknown/img_68cabdba47556a4b19969376.jpg,train,grasshopper_unknown,ccmt,CC BY 4.0,grp_cc0fa3731e6e1fd945bcc172,e2cd4783f9255db2e980404acc098fd30e11ae1b2be79442374682e891fe4146,34863,1,lossless_jpeg_metadata_strip_preserve_orientation_v2,,,
datasets/corn-field-pest-v2/train/fall_armyworm/img_237029db5509328f6f2ca207.jpg,train,fall_armyworm,tom2024,CC BY 4.0,grp_fe6225159934e539cdadf4a0,c96f3443bbf413ca2081ad8b38c5c67f7fed3c6e802c43c331eed139e3108e82,9153,1,lossless_jpeg_metadata_strip_preserve_orientation_v2,,,
datasets/corn-field-pest-v2/train/healthy/img_33075459b863021012e4aa3a.jpg,train,healthy,tom2024,CC BY 4.0,grp_661b4dfe46f4b659551775f4,ef7fd3538d9f0896d538d79ecddabf7a50029669d22751d10e8a9089a296eda7,3007,1,lossless_jpeg_metadata_strip_preserve_orientation_v2,,,
datasets/corn-field-pest-v2/train/grasshopper_unknown/img_7de476ca057d8ced105ad451.jpg,train,grasshopper_unknown,ccmt,CC BY 4.0,grp_01907d241a42f303f49557a1,ce94953f97257e6f849f0f429e04e5df39f1540d6eaa14e820d0c6957ff4026d,57381,1,lossless_jpeg_metadata_strip_preserve_orientation_v2,,,
datasets/corn-field-pest-v2/train/leaf_beetle_unknown/img_85f700bc4c219cc9f9c9a835.jpg,train,leaf_beetle_unknown,ccmt,CC BY 4.0,grp_3a0181f38f448258e5f73a56,bc4480efe25c8a85d2dfd221025f06223405a5b91e95129a4ec71b14b7d4de98,40383,1,lossless_jpeg_metadata_strip_preserve_orientation_v2,,,
datasets/corn-field-pest-v2/train/fall_armyworm/img_1a60ded0a721b5e15052f94d.jpg,train,fall_armyworm,tom2024,CC BY 4.0,grp_304fb4e36cbf1dd188a781f4,6c62051105df42d360514c4d5904678085ba4bf382562b8de4c3245bb30a4932,6959,1,lossless_jpeg_metadata_strip_preserve_orientation_v2,,,
datasets/corn-field-pest-v2/train/grasshopper_unknown/img_6a2adf399c7676471483c513.jpg,train,grasshopper_unknown,ccmt,CC BY 4.0,grp_1a220f7a5fdb3fdc6a8b0eb1,7763f0da5a2edc686b0f41ce640c61fec0c8bcb624e29d631e295ee96a406adb,53748,1,lossless_jpeg_metadata_strip_preserve_orientation_v2,,,
datasets/corn-field-pest-v2/train/leaf_beetle_unknown/img_c2f7faea15f183ad22061b9b.jpg,train,leaf_beetle_unknown,ccmt,CC BY 4.0,grp_01bb13c60b8e0abba9238d90,5ed52c9c60afc69f32e8f5097898cb5bcd89ecd413fa2e77bd46b3d4189ba54d,27293,1,lossless_jpeg_metadata_strip_preserve_orientation_v2,,,
datasets/corn-field-pest-v2/train/fall_armyworm/img_deef7ad8ca328228f3ffff31.jpg,train,fall_armyworm,ccmt,CC BY 4.0,grp_2421c5334e08f2d672577c46,deaeda581a9efc1c223f812a9e9f3872df91e4ce6b196649581d00b7443402de,43166,1,lossless_jpeg_metadata_strip_preserve_orientation_v2,,,
datasets/corn-field-pest-v2/train/fall_armyworm/img_0c629a670653b8bf0d087128.jpg,train,fall_armyworm,ccmt,CC BY 4.0,grp_884f20153e2903da64102485,82d4a44fe5006640652f6d42e32a54141e79a68e73de2166a12de613001bd7f2,41177,1,lossless_jpeg_metadata_strip_preserve_orientation_v2,,,
datasets/corn-field-pest-v2/val/leaf_beetle_unknown/img_d145a157c9ae2bb5c33f6c0b.jpg,val,leaf_beetle_unknown,ccmt,CC BY 4.0,grp_d4f255a438de58858b584193,146d73e96740cdef38be0cd6f76184175ff1e633a1bc7df87f34c88b85183406,38213,1,lossless_jpeg_metadata_strip_preserve_orientation_v2,,,
datasets/corn-field-pest-v2/train/grasshopper_unknown/img_3ff537c5510524e02bd8b75c.jpg,train,grasshopper_unknown,ccmt,CC BY 4.0,grp_3b38f1fbb835a39363bf79a4,656ee785aaa8cccc0c7df9b45dd83e3468e5614368347a62b6751897326ad342,45793,1,lossless_jpeg_metadata_strip_preserve_orientation_v2,,,
datasets/corn-field-pest-v2/train/leaf_beetle_unknown/img_d5e99af7bface9078ac225e9.jpg,train,leaf_beetle_unknown,ccmt,CC BY 4.0,grp_401d7aedb86f695ad9883313,9b3c0670171cfbce9576485cbea31c1c705b49bd6c0ce1105843d5c35e5d67aa,30652,1,lossless_jpeg_metadata_strip_preserve_orientation_v2,,,
datasets/corn-field-pest-v2/train/fall_armyworm/img_4d0f5e72007b3a25c896b6b0.jpg,train,fall_armyworm,ccmt,CC BY 4.0,grp_191db2343461611701fa57ec,48f3aa7459cda8aabf4a78baa44d8af460b1aae4f6104310ed1941a44fcb6080,55227,1,lossless_jpeg_metadata_strip_preserve_orientation_v2,,,
datasets/corn-field-pest-v2/train/leaf_beetle_unknown/img_09d18c9196ecd7188d229a46.jpg,train,leaf_beetle_unknown,ccmt,CC BY 4.0,grp_2221459ea763ed0ede9a8579,86374b17990034b277441dca212b45d581e707f41905c1fae8dce56afd9cc825,27753,1,lossless_jpeg_metadata_strip_preserve_orientation_v2,,,
datasets/corn-field-pest-v2/val/leaf_beetle_unknown/img_5fcbd3eb1c92ca0b80f7f4bb.jpg,val,leaf_beetle_unknown,ccmt,CC BY 4.0,grp_519683c21bbb2562db08eff5,11b276758a70b4413970b22fb97f08a8ab8d20efc0f851b71b50a03d59875966,35695,1,lossless_jpeg_metadata_strip_preserve_orientation_v2,,,
datasets/corn-field-pest-v2/train/leaf_beetle_unknown/img_ff4261bb17296d922282bbf4.jpg,train,leaf_beetle_unknown,ccmt,CC BY 4.0,grp_24ab20c44551fd1a9fadab36,cf37ddc723f460108e5a2fa45ad69b718ec8d306cc0b7afa7080cad1d80d247c,31957,1,lossless_jpeg_metadata_strip_preserve_orientation_v2,,,
datasets/corn-field-pest-v2/train/leaf_beetle_unknown/img_41174c3994b790f80535f0fb.jpg,train,leaf_beetle_unknown,ccmt,CC BY 4.0,grp_099721341e01b23a70de4f21,c942420108277f49d00d50ea1d6001682559b89c3800f2997922eb1d68c9914a,41455,1,lossless_jpeg_metadata_strip_preserve_orientation_v2,,,
datasets/corn-field-pest-v2/train/grasshopper_unknown/img_15cb92fa1817fea954faccaa.jpg,train,grasshopper_unknown,ccmt,CC BY 4.0,grp_e66aeb4c703a7663a0e3bda1,d9904770390f52512244431f5e100f2e8b9bc9722c9fc7fe479c370d31646f4c,49475,1,lossless_jpeg_metadata_strip_preserve_orientation_v2,,,
datasets/corn-field-pest-v2/val/leaf_beetle_unknown/img_191b54a87dd4cb4b6ba33f34.jpg,val,leaf_beetle_unknown,ccmt,CC BY 4.0,grp_da5a6525b669f94045c32eea,359035a1eb3c43e50a18bdf105c82175eadceabb42f1d6a8557ab114b7c1c73a,28811,1,lossless_jpeg_metadata_strip_preserve_orientation_v2,,,
datasets/corn-field-pest-v2/val/grasshopper_unknown/img_2cea41aeb0a32717093fbff7.jpg,val,grasshopper_unknown,ccmt,CC BY 4.0,grp_b573b0be75c403d42d82e8c1,470266b5e433127ff89d3457e5d9926b91d261ab0dbbc5f015d5698c97efd85b,38940,1,lossless_jpeg_metadata_strip_preserve_orientation_v2,,,
datasets/corn-field-pest-v2/train/leaf_beetle_unknown/img_cb163c602aa806089c273b90.jpg,train,leaf_beetle_unknown,ccmt,CC BY 4.0,grp_c107dd92e8a9bf38353b9b8c,13a9d9f24004628303c9a6f874bb1308f08a1a53a315148e7cb4d9566755c270,21887,1,lossless_jpeg_metadata_strip_preserve_orientation_v2,,,
datasets/corn-field-pest-v2/train/fall_armyworm/img_a9fd94149116d639ea819547.jpg,train,fall_armyworm,tom2024,CC BY 4.0,grp_792119b01683d481cf5de70a,8f6ac1c6803580233a19267a09f8a5709b59ac35ccedb3ff3f1c48eb9bf6d266,10928,1,lossless_jpeg_metadata_strip_preserve_orientation_v2,,,
datasets/corn-field-pest-v2/train/grasshopper_unknown/img_bd17502ad06d8a5e97a41bb7.jpg,train,grasshopper_unknown,ccmt,CC BY 4.0,grp_60f23629e15715031a863c6e,d8137287839f3e1b008e4b2a744007ec725b5e5dc7a40f5d643f7d79c02b9300,36899,1,lossless_jpeg_metadata_strip_preserve_orientation_v2,,,
datasets/corn-field-pest-v2/train/fall_armyworm/img_d3df55c3e4b6bede7a24170e.jpg,train,fall_armyworm,tom2024,CC BY 4.0,grp_028f6530fc66dcd293baeb08,f50aaf212087302bd92dbfe9b3ec8db237a12d9947c366cf74dd2ca81b671454,4173,1,lossless_jpeg_metadata_strip_preserve_orientation_v2,,,
datasets/corn-field-pest-v2/train/fall_armyworm/img_55424d24fa0048e15944a357.jpg,train,fall_armyworm,ccmt,CC BY 4.0,grp_c4d3016691655e34234dc51a,620e285d0a26b779f6e022a1456cb07dca85be37ef1835f4e915af8acb1a1edb,24236,1,lossless_jpeg_metadata_strip_preserve_orientation_v2,,,
datasets/corn-field-pest-v2/train/fall_armyworm/img_0f542709c46559c47c169607.jpg,train,fall_armyworm,tom2024,CC BY 4.0,grp_b1b08be78755a8b56d219219,6e22603058aa98e092d81e935f9f39a9811676d4f392d9dedbcfe8c1d87624f1,6094,1,lossless_jpeg_metadata_strip_preserve_orientation_v2,,,
datasets/corn-field-pest-v2/train/healthy/img_8dd14e35e4af4bb897a09e59.jpg,train,healthy,tom2024,CC BY 4.0,grp_4438f89c520c0914f20e600e,1a54862cf52d90bf0603973922e57854c6c680286497f172580b4bd585020858,3082,1,lossless_jpeg_metadata_strip_preserve_orientation_v2,,,
datasets/corn-field-pest-v2/train/fall_armyworm/img_1e2bebee73b203ccc35a930d.jpg,train,fall_armyworm,tom2024,CC BY 4.0,grp_26518c33ca4d68a721fafad7,558423ede4c9fd7bbca0e8f7579d415daf8e1a0b046c6c447d93e1bb87241b79,9490,1,lossless_jpeg_metadata_strip_preserve_orientation_v2,,,
datasets/corn-field-pest-v2/train/leaf_beetle_unknown/img_71e038f98c1aec1ec1b0f67d.jpg,train,leaf_beetle_unknown,ccmt,CC BY 4.0,grp_25a1b8af10eed7210fe2cd14,99c27170bc5a2fb2fb7136b704c4ec005589399c399474388436438756859c95,32707,1,lossless_jpeg_metadata_strip_preserve_orientation_v2,,,
datasets/corn-field-pest-v2/val/grasshopper_unknown/img_7742f3e166e8273cc1ca9a0e.jpg,val,grasshopper_unknown,ccmt,CC BY 4.0,grp_2420add4f81774a16aa5c2a2,32d1dc54c8caf73844af1f28f5afbd509874c5c9b06debc299828b16780dd5c0,44183,1,lossless_jpeg_metadata_strip_preserve_orientation_v2,,,
datasets/corn-field-pest-v2/val/maize_aphid_unknown/img_d0bcb63e7ef6531668d5c309.jpg,val,maize_aphid_unknown,yeesi,CC BY 4.0,grp_1a075beb064f54e8059f91fe,dbdbdab8d4cfdddfbc5df7bb935f8c5047e0cddcb5576862aec7c56f09bed63b,2214727,1,lossless_jpeg_metadata_strip_preserve_orientation_v2,,,
datasets/corn-field-pest-v2/train/healthy/img_04f9da9e546dbb3adaf4a818.jpg,train,healthy,tom2024,CC BY 4.0,grp_d5ba2fef81f4d6228c100eac,b5c44817a29426d1b4582124c1203725946b1d3d481fdf7b13461fa66bd1d67d,11978,1,lossless_jpeg_metadata_strip_preserve_orientation_v2,,,
datasets/corn-field-pest-v2/train/grasshopper_unknown/img_bac8ba62b67c1861b6ab3c55.jpg,train,grasshopper_unknown,ccmt,CC BY 4.0,grp_2951f19972aecab694e1cbab,b97c69a8c0f43b799152384c3ad1a25a21e7abfc377fcee795bb79d595af8247,30388,1,lossless_jpeg_metadata_strip_preserve_orientation_v2,,,
datasets/corn-field-pest-v2/train/fall_armyworm/img_eed77fd9febf90b99d050b61.jpg,train,fall_armyworm,tom2024,CC BY 4.0,grp_a7443153fceaa04174aa07ef,ea4341e4d83d745a82285164f3e3dd11247a1b33dce3c89af05ee6b4b3946180,7535,1,lossless_jpeg_metadata_strip_preserve_orientation_v2,,,
datasets/corn-field-pest-v2/train/grasshopper_unknown/img_3570c21b0890f7d5ffa575d2.jpg,train,grasshopper_unknown,ccmt,CC BY 4.0,grp_f242505205c44b77532d3273,4c9f194dcae38a3d71f249f4247a576f7fdbc2d34b13a1cd0b7701e56b917db2,61243,1,lossless_jpeg_metadata_strip_preserve_orientation_v2,,,
datasets/corn-field-pest-v2/train/grasshopper_unknown/img_0531a6c6ef5e037d04823561.jpg,train,grasshopper_unknown,ccmt,CC BY 4.0,grp_4ed61033ac1d2a2e913b9b3f,151124012c119aa83586a661c6108a57c3304a02be03be205dadcc729863cfb8,40272,1,lossless_jpeg_metadata_strip_preserve_orientation_v2,,,
datasets/corn-field-pest-v2/train/grasshopper_unknown/img_7f35da69a965b66539fdbb09.jpg,train,grasshopper_unknown,ccmt,CC BY 4.0,grp_445fa03e384b6f380eeb98a7,0b922352c8f35cc2dcacc911e7821a84ff9b2d44747225c153f55003992a3882,33168,1,lossless_jpeg_metadata_strip_preserve_orientation_v2,,,
datasets/corn-field-pest-v2/train/healthy/img_566fba40de71b9c94f2a4a3e.jpg,train,healthy,tom2024,CC BY 4.0,grp_19481966812e32637ef5848c,60281b5b9244e18a70479eddfb749b7e23bd0e62a925fa59507f943caeb5d650,12458,1,lossless_jpeg_metadata_strip_preserve_orientation_v2,,,
datasets/corn-field-pest-v2/train/leaf_beetle_unknown/img_7d764d71bc0cb7c078c9d496.jpg,train,leaf_beetle_unknown,ccmt,CC BY 4.0,grp_182afe57beda8a0eac34d029,3f3c9dc33759ec27e0af8304e4e9aeb10d52e1f2fbaf0ae9e6c23444a12566d3,32324,1,lossless_jpeg_metadata_strip_preserve_orientation_v2,,,
datasets/corn-field-pest-v2/train/leaf_beetle_unknown/img_ff237dc0bab6abc3b72760cd.jpg,train,leaf_beetle_unknown,ccmt,CC BY 4.0,grp_77c04da524cb2743ac099edf,33613ba35ad425d2295bf8001a035635715c3483cd78ee60263507ee2fce83eb,19913,1,lossless_jpeg_metadata_strip_preserve_orientation_v2,,,
datasets/corn-field-pest-v2/val/fall_armyworm/img_62d0e1d414eb151f444f13da.jpg,val,fall_armyworm,ccmt,CC BY 4.0,grp_1437e22e655bc5b712ce87a3,9a1f7e31f715f1c314ad29b045c20f33d88ce3eddf1b577bdcb640b5bcabaeae,61009,1,lossless_jpeg_metadata_strip_preserve_orientation_v2,,,
datasets/corn-field-pest-v2/val/maize_aphid_unknown/img_6d9e8af786cc36f120bb47ae.jpg,val,maize_aphid_unknown,yeesi,CC BY 4.0,grp_1a075beb064f54e8059f91fe,83ee38df3bd4ffc0003a78ec17cce16e582609e1fb17f3ca2fb4b7d2f1627f35,2100237,1,lossless_jpeg_metadata_strip_preserve_orientation_v2,,,
datasets/corn-field-pest-v2/train/healthy/img_2dfaea86164726afb00d52d8.jpg,train,healthy,tom2024,CC BY 4.0,grp_12044073f5e32c77deac3db1,f0db5333cbae64cbf2021b099907f6c05c4c77e4e8668608223a41e195d3ae7e,1614,1,lossless_jpeg_metadata_strip_preserve_orientation_v2,,,
datasets/corn-field-pest-v2/train/grasshopper_unknown/img_adf47e4f0165ae83a7809e12.jpg,train,grasshopper_unknown,ccmt,CC BY 4.0,grp_84e12940d5904ed019dbde57,e32d2e66ce8df64dabd3a496f3b1e7af21422df0094aa9f6d9912eaedc8d222c,33433,1,lossless_jpeg_metadata_strip_preserve_orientation_v2,,,
datasets/corn-field-pest-v2/train/grasshopper_unknown/img_6599970bfb6ba870d159b8ca.jpg,train,grasshopper_unknown,ccmt,CC BY 4.0,grp_4693316bc3b2e86bf7b66815,18954c1a33385aba975d26dd49e22591834d94602b669e5d45561430edbd02fd,62426,1,lossless_jpeg_metadata_strip_preserve_orientation_v2,,,
datasets/corn-field-pest-v2/train/healthy/img_f7eb880e9f585af3ca89fc44.jpg,train,healthy,tom2024,CC BY 4.0,grp_5facf4fd0638c2447ecd7818,86f4489892c63583377f67e19b7afda507e16d453048aec497206978bbaa7c17,9215,1,lossless_jpeg_metadata_strip_preserve_orientation_v2,,,
datasets/corn-field-pest-v2/train/fall_armyworm/img_309e4f62f1c2682a55b73164.jpg,train,fall_armyworm,tom2024,CC BY 4.0,grp_79d42e591193888e729996b8,f0d66aaa44b4c6ebe1598f308197be249d8b00bb72208fbce1b52decc1e28b63,3355,1,lossless_jpeg_metadata_strip_preserve_orientation_v2,,,
datasets/corn-field-pest-v2/train/fall_armyworm/img_a254d80f59b4d2c478a907ed.jpg,train,fall_armyworm,ccmt,CC BY 4.0,grp_0a7a2f95947b58c2f37a7f56,c5d86af05f315466f2d8b6ad48f6d1680a8aca8d793a706dc86d74b6e7b7c765,52551,1,lossless_jpeg_metadata_strip_preserve_orientation_v2,,,
datasets/corn-field-pest-v2/train/fall_armyworm/img_102f5d8822d30e1f4ea98c07.jpg,train,fall_armyworm,tom2024,CC BY 4.0,grp_70135649b4392cd9b3302a32,9232b038a45109ced8a6559654a7d474a7be1a84fe1fbd33b5c5dfdc0431ea9f,15623,1,lossless_jpeg_metadata_strip_preserve_orientation_v2,,,
datasets/corn-field-pest-v2/train/fall_armyworm/img_84b2ee97ca84e46b1f3f15b2.jpg,train,fall_armyworm,tom2024,CC BY 4.0,grp_3b6d24bb3a5cea0dea515143,663422ee5ef3c44d68832f2111a17a08ce5d6da01dfa6b2b5641f46dbf8ebe18,7242,1,lossless_jpeg_metadata_strip_preserve_orientation_v2,,,
datasets/corn-field-pest-v2/train/leaf_beetle_unknown/img_e16290511e9e7b4093378b5c.jpg,train,leaf_beetle_unknown,ccmt,CC BY 4.0,grp_2ea9b0c8609d0d70d97b26bd,620ced12329598dc14fe0ff85175fa7c0ecdad10d569ab1f823b037622ebb27f,22789,1,lossless_jpeg_metadata_strip_preserve_orientation_v2,,,
datasets/corn-field-pest-v2/train/leaf_beetle_unknown/img_1e92cf9b5fc5f22fc962f23b.jpg,train,leaf_beetle_unknown,ccmt,CC BY 4.0,grp_83ea8b013cae8652032e67e4,a6f4fdd1915230e1f4ab5e322ff67ac9f7f41f4321f75036d91b30fef8df1c57,25632,1,lossless_jpeg_metadata_strip_preserve_orientation_v2,,,
datasets/corn-field-pest-v2/train/maize_aphid_unknown/img_6a8665dee74081e9bb7c6917.jpg,train,maize_aphid_unknown,yeesi,CC BY 4.0,grp_c868b4d8ef23ec34bfbe6703,f84d67635c65cf2a3738a7f023c13aab3202b4c03245effbac6a84270d5e45b2,4825688,1,lossless_jpeg_metadata_strip_preserve_orientation_v2,,,
datasets/corn-field-pest-v2/val/grasshopper_unknown/img_492131c19052265f16ae64ea.jpg,val,grasshopper_unknown,ccmt,CC BY 4.0,grp_63da3e107d13436efbefe02b,d0e1f1195f2dece5a6b2049215f145b3c9e421b06bc11c27bfaf01dd5d3089c7,67050,1,lossless_jpeg_metadata_strip_preserve_orientation_v2,,,
datasets/corn-field-pest-v2/train/fall_armyworm/img_748285ed6577c1900bbe3d4f.jpg,train,fall_armyworm,tom2024,CC BY 4.0,grp_4861f7f21569b4454b3eb7d9,86b2431dd95c6f7803e3d3a2882f1e328c15a0821db288a514677ff777ea68ec,6468,1,lossless_jpeg_metadata_strip_preserve_orientation_v2,,,
datasets/corn-field-pest-v2/train/fall_armyworm/img_85ca83ee2c6acb2acb0adb35.jpg,train,fall_armyworm,ccmt,CC BY 4.0,grp_143fd606530607aee8e7a836,aac4f13b2837c6795638cc8d477587e4f18d9fcca85746b009dc6b62261e8bc4,68330,1,lossless_jpeg_metadata_strip_preserve_orientation_v2,,,
datasets/corn-field-pest-v2/train/leaf_beetle_unknown/img_1ef1eb8509f4807583de2eed.jpg,train,leaf_beetle_unknown,ccmt,CC BY 4.0,grp_6a4e52704fe446e7e0f50ef7,41a3e23d9b52de688ca8863cdce4c02625a55a82de61ff207a365fa411c5bb24,29520,1,lossless_jpeg_metadata_strip_preserve_orientation_v2,,,
datasets/corn-field-pest-v2/train/healthy/img_2233ba1c1e17a6eb9fac39dc.jpg,train,healthy,tom2024,CC BY 4.0,grp_661b4dfe46f4b659551775f4,95e1203e269dc3744ae00c6ce3e64913f4cc8276bfb6d7894ce2df2d2c160e59,1660,1,lossless_jpeg_metadata_strip_preserve_orientation_v2,,,
datasets/corn-field-pest-v2/train/fall_armyworm/img_0928260aa0fcb2bf1027cf22.jpg,train,fall_armyworm,ccmt,CC BY 4.0,grp_44f372d803d6f31a115102c6,f8b79d9b9aaaa0a7c5ba1eed4a9951eb1528f43ef6f0dadd2bd490a53287e04e,30926,1,lossless_jpeg_metadata_strip_preserve_orientation_v2,,,
datasets/corn-field-pest-v2/train/leaf_beetle_unknown/img_0cc95e4061a6284e4ae74bfd.jpg,train,leaf_beetle_unknown,ccmt,CC BY 4.0,grp_6de237c2e689755fd038b777,ea2c4c8988559df9037d91b442a4b070a8677cddaa525de52b7f521c108eccbb,44698,1,lossless_jpeg_metadata_strip_preserve_orientation_v2,,,
datasets/corn-field-pest-v2/train/fall_armyworm/img_bcab97cf9dc05526b3ff363e.jpg,train,fall_armyworm,ccmt,CC BY 4.0,grp_3399df2c47bc8785cb1f92cf,a54620c8d7824f37ac928e67134400e0fb764c79e9d3e5028a653a11e348c893,48062,1,lossless_jpeg_metadata_strip_preserve_orientation_v2,,,
datasets/corn-field-pest-v2/train/grasshopper_unknown/img_c2374089c3f1ba1471f33150.jpg,train,grasshopper_unknown,ccmt,CC BY 4.0,grp_98f6d18f673b15e7f1c20e0a,2059699e54542552126057bc8e98dd2d3314d47793d8c6dee0b0315f159e51c4,21600,1,lossless_jpeg_metadata_strip_preserve_orientation_v2,,,
datasets/corn-field-pest-v2/train/grasshopper_unknown/img_871e659ee9a852d365892340.jpg,train,grasshopper_unknown,ccmt,CC BY 4.0,grp_b6f4403e22cbebb72fdecc05,77023c48a8dd14c478e310d4c608aa99fcd0d75c491e2f45f9cc68ae88cbf1c7,28581,1,lossless_jpeg_metadata_strip_preserve_orientation_v2,,,
datasets/corn-field-pest-v2/train/grasshopper_unknown/img_58675254d4f526461be6cb2d.jpg,train,grasshopper_unknown,ccmt,CC BY 4.0,grp_81b14e89ed49e84081bafda9,748a32e415ab1236243d9f4511e0310b500715a7507ff08518f1436877eba9a7,39240,1,lossless_jpeg_metadata_strip_preserve_orientation_v2,,,
datasets/corn-field-pest-v2/val/fall_armyworm/img_c999ddc160cc16e34ed7b88c.jpg,val,fall_armyworm,tom2024,CC BY 4.0,grp_e011506a7aa586e7de7aa1af,74d2e75778c8f114c330b7a8a9d7ea9b31c0abd30d3ecef9bdb5543592d99b37,21176,1,lossless_jpeg_metadata_strip_preserve_orientation_v2,,,
datasets/corn-field-pest-v2/val/leaf_beetle_unknown/img_82ff7e2e505649c29558c2b6.jpg,val,leaf_beetle_unknown,ccmt,CC BY 4.0,grp_6c97aad5b58c7437fa0a35a6,5baa5909003e645ce8b927a9c6e971f23138f956955d76bcb3faa6ac66e4adc8,24400,1,lossless_jpeg_metadata_strip_preserve_orientation_v2,,,
datasets/corn-field-pest-v2/train/healthy/img_6d54dae7c7d4f20eb29b2592.jpg,train,healthy,ccmt,CC BY 4.0,grp_b7d63fdb319b702d76a08201,91172c52566e0778f3fce8eb55618ce8d751ffadf505fe7d916a9968fb433858,40015,1,lossless_jpeg_metadata_strip_preserve_orientation_v2,,,
datasets/corn-field-pest-v2/train/fall_armyworm/img_d21875e2f38385f0224c1094.jpg,train,fall_armyworm,ccmt,CC BY 4.0,grp_2dc9a90f34abef9ab75e8378,95ebd229b7b6504280042e08c017ffe00e9027038863a64b46f25339c7b0a7ba,24117,1,lossless_jpeg_metadata_strip_preserve_orientation_v2,,,
datasets/corn-field-pest-v2/train/fall_armyworm/img_23bbc36699be832f80265efa.jpg,train,fall_armyworm,ccmt,CC BY 4.0,grp_4414eda964647e5c7f5ddc1c,a1f7c1b94bf15af3e52c778ac7c453eea99564221dde0a35546829b63a28026f,63117,1,lossless_jpeg_metadata_strip_preserve_orientation_v2,,,
datasets/corn-field-pest-v2/train/leaf_beetle_unknown/img_8d03a4897fec1d92620b914e.jpg,train,leaf_beetle_unknown,ccmt,CC BY 4.0,grp_110461cb1dcc945e412b6824,a4a076e64f0143609622bc6d61a9270d8d8095f42fa0c6da2b0edf68cdf8793b,22412,1,lossless_jpeg_metadata_strip_preserve_orientation_v2,,,
datasets/corn-field-pest-v2/train/healthy/img_2db5676bf9bb070e22364ec0.jpg,train,healthy,ccmt,CC BY 4.0,grp_431002ba523c1e2f96865269,787102009eb49898017f86ac43602e41d0c810de5ed868b04c6cd970807d94af,38569,1,lossless_jpeg_metadata_strip_preserve_orientation_v2,,,
datasets/corn-field-pest-v2/val/leaf_beetle_unknown/img_bf427c14e138d110033596ae.jpg,val,leaf_beetle_unknown,ccmt,CC BY 4.0,grp_32d50c6da25eca349c649d28,22ef46307f7c7026915d085c605d7ba7359e6c19138fca306df56bf0071243f2,32749,1,lossless_jpeg_metadata_strip_preserve_orientation_v2,,,
datasets/corn-field-pest-v2/train/leaf_beetle_unknown/img_8438823a0ac52b997944eab9.jpg,train,leaf_beetle_unknown,ccmt,CC BY 4.0,grp_c68e7df0a6237511b6feb170,29590eb5844291fce881712110ae66fad682ff90d48416184565ffaeec9a8aca,36703,1,lossless_jpeg_metadata_strip_preserve_orientation_v2,,,
datasets/corn-field-pest-v2/train/fall_armyworm/img_d7823466304a80988e5cc07f.jpg,train,fall_armyworm,tom2024,CC BY 4.0,grp_ef7a5f61ad3066d7f22c35ed,3fb7ccbfe0e68a3f1bf492ad68bb7cfcab0f4abc1532f377fe8560ab3645c8ce,3224,1,lossless_jpeg_metadata_strip_preserve_orientation_v2,,,
datasets/corn-field-pest-v2/val/leaf_beetle_unknown/img_5eab6fbbec414ed2b5e0c831.jpg,val,leaf_beetle_unknown,ccmt,CC BY 4.0,grp_30e1542aa05b8a7b2fc77626,8772db3b3da7b34f66b42d5d15a1758a2faca9e019a8634336cccfb7b446a51a,36189,1,lossless_jpeg_metadata_strip_preserve_orientation_v2,,,
datasets/corn-field-pest-v2/train/healthy/img_4fe8d9c93939ffbf4c41ffa2.jpg,train,healthy,tom2024,CC BY 4.0,grp_7ba4ceca38e4c81a295c5045,61b0814d9a3bfc41dc37d7a389d564d48fd37cda063f90a71bcd1d182bb7062d,5822,1,lossless_jpeg_metadata_strip_preserve_orientation_v2,,,
datasets/corn-field-pest-v2/train/leaf_beetle_unknown/img_9ea146321634aa95f3ceb51c.jpg,train,leaf_beetle_unknown,ccmt,CC BY 4.0,grp_13ce43e8aa29df04edd16a0f,8332df8ad6ad9e87520fe616951370ef98587ba68f31eebc82ff8112c5480a9e,47160,1,lossless_jpeg_metadata_strip_preserve_orientation_v2,,,
datasets/corn-field-pest-v2/val/fall_armyworm/img_7880fdb261e9697da1c92269.jpg,val,fall_armyworm,ccmt,CC BY 4.0,grp_b6bd86bb64ca49e2b7678571,24924f34b667b252bd638ddb4a9b2c415bd11277f6d83a225dc53b59d8175eeb,60566,1,lossless_jpeg_metadata_strip_preserve_orientation_v2,,,
datasets/corn-field-pest-v2/train/fall_armyworm/img_3e63ca85057d4c72581ecb75.jpg,train,fall_armyworm,tom2024,CC BY 4.0,grp_187e25f364d3a4c835f5f5c0,6ba0859f12be299c3ff6c073a036cf026e6388c5d92c7e965e6330c72a19c95c,13134,1,lossless_jpeg_metadata_strip_preserve_orientation_v2,,,
datasets/corn-field-pest-v2/train/healthy/img_679d2f7ea454161ca7320c2a.jpg,train,healthy,ccmt,CC BY 4.0,grp_5e3b11d1464aec8452f0d560,95a7de188f434d04bce421fca481235db249e37e837b881f00270fb7f79a9927,40522,1,lossless_jpeg_metadata_strip_preserve_orientation_v2,,,
datasets/corn-field-pest-v2/val/fall_armyworm/img_52bc61d25b8b463a42fa7fe6.jpg,val,fall_armyworm,tom2024,CC BY 4.0,grp_f4fca5406204450dfa6bb2fa,f6a6d5b69482535a4ad60d50de4252e4eaf0d0869b09287d556a2012e768920f,10979,1,lossless_jpeg_metadata_strip_preserve_orientation_v2,,,
datasets/corn-field-pest-v2/val/grasshopper_unknown/img_f718ed080da287d5442d3b55.jpg,val,grasshopper_unknown,ccmt,CC BY 4.0,grp_cf93ee6e314ede7fd35a3f32,98a57797cada54b2f6d20b9bbeee70e3e7e2f6da499aba0155b4ba7f511fc048,28642,1,lossless_jpeg_metadata_strip_preserve_orientation_v2,,,
datasets/corn-field-pest-v2/train/healthy/img_647a0b76736f425e2dbfa3d9.jpg,train,healthy,tom2024,CC BY 4.0,grp_7bd3fa0ebde3cf5f8dc903da,94c6f785f20e6a15b38a8161bd4771cffd1577188505d00598d460983d1171d4,1779,1,lossless_jpeg_metadata_strip_preserve_orientation_v2,,,
datasets/corn-field-pest-v2/train/leaf_beetle_unknown/img_68f90e34efb8d74de0785ba4.jpg,train,leaf_beetle_unknown,ccmt,CC BY 4.0,grp_e52a14f42668ba642fba0ffe,337800369a43e219d34e8162ee762c1f7ded0ab451381f491b699ca594d12599,30940,1,lossless_jpeg_metadata_strip_preserve_orientation_v2,,,
datasets/corn-field-pest-v2/train/fall_armyworm/img_a115d2b8c376769a68d32713.jpg,train,fall_armyworm,tom2024,CC BY 4.0,grp_6f0f3807a78dd58d1870d205,7bd4cf52035d157762b1d0891e7ed1acd849324258c4c6676bf69c25c62dad20,8825,1,lossless_jpeg_metadata_strip_preserve_orientation_v2,,,
datasets/corn-field-pest-v2/train/grasshopper_unknown/img_66f0115fed41a83f9f67e865.jpg,train,grasshopper_unknown,ccmt,CC BY 4.0,grp_ad3a141639961bcb9c603c9a,f1e2da536405651fd0b73d224afd19bee37e6cf87191592354074e5bf4919bcb,68408,1,lossless_jpeg_metadata_strip_preserve_orientation_v2,,,
datasets/corn-field-pest-v2/train/healthy/img_ee64b49e49f9c5ed1dc65e5c.jpg,train,healthy,tom2024,CC BY 4.0,grp_7bd3fa0ebde3cf5f8dc903da,9786b5ad77a7c44caecf687777ca01483c279ceb32e15c689aedbea9216dae1d,1051,1,lossless_jpeg_metadata_strip_preserve_orientation_v2,,,
datasets/corn-field-pest-v2/train/grasshopper_unknown/img_4b6f8bc31fc47cad62d71667.jpg,train,grasshopper_unknown,ccmt,CC BY 4.0,grp_238c26d8560ed758f6f8ffb5,cea8bbbde08e937e474802454f82a6df722dfba63089dc4a222b50393ba18d4f,30956,1,lossless_jpeg_metadata_strip_preserve_orientation_v2,,,
datasets/corn-field-pest-v2/val/leaf_beetle_unknown/img_05328b6863c4e744e163c4a9.jpg,val,leaf_beetle_unknown,ccmt,CC BY 4.0,grp_b36c71918bdaa4d11fc14386,29cd82f8e23018708643a9f838603c04bcf03c4533f8255b0a37f5c26a5efd67,32820,1,lossless_jpeg_metadata_strip_preserve_orientation_v2,,,
datasets/corn-field-pest-v2/train/leaf_beetle_unknown/img_349cdc55649d95153094f4d8.jpg,train,leaf_beetle_unknown,ccmt,CC BY 4.0,grp_5aaa3a2ae2cc346fcba1e56e,78a3532c71017b8fe1468991b1889a1422368e69428fe8dd126a5db19a5997ac,35608,1,lossless_jpeg_metadata_strip_preserve_orientation_v2,,,
datasets/corn-field-pest-v2/train/leaf_beetle_unknown/img_2cfbd2eb2e7c22644472d173.jpg,train,leaf_beetle_unknown,ccmt,CC BY 4.0,grp_591b9352a3ba50b49c06b87f,19891e72d85f5eed3b1afc0bfb818b9d0c6482a202654af6ed79b257dab17b92,32247,1,lossless_jpeg_metadata_strip_preserve_orientation_v2,,,
datasets/corn-field-pest-v2/train/fall_armyworm/img_81f2daf586d76ed708758548.jpg,train,fall_armyworm,tom2024,CC BY 4.0,grp_5fd85faafa8acf7f6e3fa8e8,16af1eddf71a2dadc23bf5533bc3592b7fef7a20ee74b54e80ae6c7151ac5a54,5997,1,lossless_jpeg_metadata_strip_preserve_orientation_v2,,,
datasets/corn-field-pest-v2/train/grasshopper_unknown/img_0a99738425e1c20b75c9e81c.jpg,train,grasshopper_unknown,ccmt,CC BY 4.0,grp_d5958cff3caf29b0e70b45c0,55e263adbb636ec0b9b549831161f2545611855c7e2f4feb6c0a5f675a08a21f,72442,1,lossless_jpeg_metadata_strip_preserve_orientation_v2,,,
datasets/corn-field-pest-v2/train/fall_armyworm/img_a8ec98378681bf79850d4a66.jpg,train,fall_armyworm,tom2024,CC BY 4.0,grp_74a263b87bbbf43de351b424,266f3a487a4945f46a7b6c001a6c43d2497ba148dd6534c17809b218c3a94b94,9610,1,lossless_jpeg_metadata_strip_preserve_orientation_v2,,,
datasets/corn-field-pest-v2/train/maize_aphid_unknown/img_517dd596afa962f19cfe6d2e.jpg,train,maize_aphid_unknown,yeesi,CC BY 4.0,grp_f29ddf78d40f1505d1a47f44,b8ff257e18405b7a26dd3b41a34cdca4a8e38fedea01a2018b89590b0ce7714c,4843650,1,lossless_jpeg_metadata_strip_preserve_orientation_v2,,,
datasets/corn-field-pest-v2/train/leaf_beetle_unknown/img_2187fe8184ce843c56298e07.jpg,train,leaf_beetle_unknown,ccmt,CC BY 4.0,grp_7e53c0176ee5fed7a67d147a,816187b7f89decc2e0235f9122ab3727ada571c4ed10648624f00c08b3a4265c,29830,1,lossless_jpeg_metadata_strip_preserve_orientation_v2,,,
datasets/corn-field-pest-v2/train/fall_armyworm/img_c7cddc5f4a718624ca9ffcdd.jpg,train,fall_armyworm,ccmt,CC BY 4.0,grp_1eabecf21ef2bdf5e66389e6,70ea4747d1121d24f998d86f83a7e6e5f8592128b875161596f7ad835f9a2c0d,73352,1,lossless_jpeg_metadata_strip_preserve_orientation_v2,,,
datasets/corn-field-pest-v2/train/leaf_beetle_unknown/img_163cc955a3421f2ed8f98e0a.jpg,train,leaf_beetle_unknown,ccmt,CC BY 4.0,grp_193730321f7585d9bcf115e7,24f31d040d73e75b1d1e014e81742bb618dfeb6a7c6e06cd856add41cd241464,39556,1,lossless_jpeg_metadata_strip_preserve_orientation_v2,,,
datasets/corn-field-pest-v2/train/maize_aphid_unknown/img_e221964cb824415290d17fb2.jpg,train,maize_aphid_unknown,yeesi,CC BY 4.0,grp_ed471b353f4a6b148da3d189,30822c8dcfed8accb1be2a5dd71ea02396cb6589cc086e8e9d63ab9d76e80e1e,5018868,1,lossless_jpeg_metadata_strip_preserve_orientation_v2,,,
datasets/corn-field-pest-v2/val/leaf_beetle_unknown/img_4e99d30abbd11d645b88e885.jpg,val,leaf_beetle_unknown,ccmt,CC BY 4.0,grp_f96d39837692c91c4a1aef82,6251d91d542b57498789ba6b9492ecb26351fbb0bfc467c5ce44f01007023cb1,38341,1,lossless_jpeg_metadata_strip_preserve_orientation_v2,,,
datasets/corn-field-pest-v2/train/grasshopper_unknown/img_813df88a2bdce750e79daec4.jpg,train,grasshopper_unknown,ccmt,CC BY 4.0,grp_9c514b9390461fb5b555387a,e46f6aa98d9a54b820aaaf54309a3cc939c56e7fadaf01b5da2724fe5b535050,29935,1,lossless_jpeg_metadata_strip_preserve_orientation_v2,,,
datasets/corn-field-pest-v2/train/maize_aphid_unknown/img_36197c5ff5637bc95f31b5e7.jpg,train,maize_aphid_unknown,yeesi,CC BY 4.0,grp_f29ddf78d40f1505d1a47f44,1425b532e1eac5821babd4bb7d7aee08085cc183ce9cf4fde21741e139bb073c,4472588,1,lossless_jpeg_metadata_strip_preserve_orientation_v2,,,
datasets/corn-field-pest-v2/train/fall_armyworm/img_606bcf476f7d6e9b794a7c98.jpg,train,fall_armyworm,ccmt,CC BY 4.0,grp_761038d52a74ac755c49129f,2226963573b0bd8fccc18a058797823795e8a7d69f68fd3596107c366b4fac9a,52859,1,lossless_jpeg_metadata_strip_preserve_orientation_v2,,,
datasets/corn-field-pest-v2/train/leaf_beetle_unknown/img_41d39533aae85dc47000ba0e.jpg,train,leaf_beetle_unknown,ccmt,CC BY 4.0,grp_278321e053c64f6f7e163a36,c6b24b0de2a9353f1ec1c1589ca986b17a0ba3035133d4503196aad66e7ec3d4,38653,1,lossless_jpeg_metadata_strip_preserve_orientation_v2,,,
datasets/corn-field-pest-v2/train/leaf_beetle_unknown/img_f978d29de39a2827654f0cef.jpg,train,leaf_beetle_unknown,ccmt,CC BY 4.0,grp_c7615f20b7daf2950b7ca9ef,e9edc8e1be93e78e29c2ab94b97bb7e62f505e573c7b060a9857750492889d4e,28665,1,lossless_jpeg_metadata_strip_preserve_orientation_v2,,,
datasets/corn-field-pest-v2/train/leaf_beetle_unknown/img_ec73ba3c737766780af6cb18.jpg,train,leaf_beetle_unknown,ccmt,CC BY 4.0,grp_c62c9f3d57bf20d51a9f487f,6c2d1e92518e02aa75e820d3d0177da9714498f1d8cc73f53f51dbd6d1181827,45520,1,lossless_jpeg_metadata_strip_preserve_orientation_v2,,,
datasets/corn-field-pest-v2/train/grasshopper_unknown/img_9e7249f7bc3c8f90f5f55c10.jpg,train,grasshopper_unknown,ccmt,CC BY 4.0,grp_ebeef14bb515f26ab10e26d2,9442163056011f3549748f3ddb1a981197d3d553a615c2aa354c09164648763a,52857,1,lossless_jpeg_metadata_strip_preserve_orientation_v2,,,
datasets/corn-field-pest-v2/train/grasshopper_unknown/img_8794d70d8fa87153b0588b7b.jpg,train,grasshopper_unknown,ccmt,CC BY 4.0,grp_a7b918bc5b02b13dfff26081,25a05fce9ea473cc0eadc1cbdaed025c6ad4b92d3ff4a389da2923420ed428ee,86666,1,lossless_jpeg_metadata_strip_preserve_orientation_v2,,,
datasets/corn-field-pest-v2/train/leaf_beetle_unknown/img_9e87636355331b6bb6667d88.jpg,train,leaf_beetle_unknown,ccmt,CC BY 4.0,grp_f9ef1ff79eaa43528fae89b8,67c0cf494deab0fa88284aa8382c812b145fa4d5e514d872ea984ae5da6eeb19,44057,1,lossless_jpeg_metadata_strip_preserve_orientation_v2,,,
datasets/corn-field-pest-v2/train/healthy/img_cafd7428fcb0edb1de488472.jpg,train,healthy,ccmt,CC BY 4.0,grp_5243f69605e1a003358236fb,24476c34205fe12e2d34fa6792b6cbb5de321f35c3f5352920f1dda34e0fdba1,45054,1,lossless_jpeg_metadata_strip_preserve_orientation_v2,,,
datasets/corn-field-pest-v2/train/grasshopper_unknown/img_dc90e67b9c5aaa46c3fb4aa3.jpg,train,grasshopper_unknown,ccmt,CC BY 4.0,grp_e7daaeb4a7040c14eda396dd,b3048c2b886b1b925dc03c657ba2a6b69e17f6c5f854d8116c5bb8640a76c308,46206,1,lossless_jpeg_metadata_strip_preserve_orientation_v2,,,
datasets/corn-field-pest-v2/train/leaf_beetle_unknown/img_c31b0f846121fe4ee9e3dc0e.jpg,train,leaf_beetle_unknown,ccmt,CC BY 4.0,grp_b1a6652e94c5e5ef46176574,4703dae5a5f4a1c1c944947ae83a9adc97a35f460051d8494ba2154b37a0f70c,41235,1,lossless_jpeg_metadata_strip_preserve_orientation_v2,,,
datasets/corn-field-pest-v2/val/leaf_beetle_unknown/img_1be74c09bf28324ba077cf18.jpg,val,leaf_beetle_unknown,ccmt,CC BY 4.0,grp_aa76bf2c3e4dfddb0c6c15fb,59d767e91de939732d6a82d20795ef17597017b0052fcc857677972101e4318a,24986,1,lossless_jpeg_metadata_strip_preserve_orientation_v2,,,
datasets/corn-field-pest-v2/val/grasshopper_unknown/img_afffb775ba909abb628f73f2.jpg,val,grasshopper_unknown,ccmt,CC BY 4.0,grp_d2612f25ee9b05b831ab7b7b,a0d085d4cd2fc918ff77ddc3e63d940d18fdf9212359152058fdcf919f9ab939,33661,1,lossless_jpeg_metadata_strip_preserve_orientation_v2,,,
datasets/corn-field-pest-v2/train/fall_armyworm/img_4fb3050800ad31aa3dda18ac.jpg,train,fall_armyworm,tom2024,CC BY 4.0,grp_acc9dbb8307090c2a0c27023,9c5e3d098a333ed58f31cfc87468e539ed6c7c897f464bf2075b54a83621eba4,10656,1,lossless_jpeg_metadata_strip_preserve_orientation_v2,,,
datasets/corn-field-pest-v2/train/fall_armyworm/img_35a94179ab2a610671bf7684.jpg,train,fall_armyworm,ccmt,CC BY 4.0,grp_ddd7f17684a0e8921c08146d,8180cd456f55c211ead0fc9c38715a38f3c9fcba8f756d0282c81924880291c4,41124,1,lossless_jpeg_metadata_strip_preserve_orientation_v2,,,
datasets/corn-field-pest-v2/train/healthy/img_60e44e03807d4b90f07072b4.jpg,train,healthy,tom2024,CC BY 4.0,grp_e3ff173b3d9accae00543802,552364be93badf99cee0f259f46bb4ec41b7c74d2b4fde95c8956a64fb2ef07c,6683,1,lossless_jpeg_metadata_strip_preserve_orientation_v2,,,
datasets/corn-field-pest-v2/train/grasshopper_unknown/img_8e4c0fd8874eb91bfe6921c5.jpg,train,grasshopper_unknown,ccmt,CC BY 4.0,grp_993a46f2c2bc93ba69f5f87e,4ffdc29fade889c2c9651564d57271fd218a75d8a241bf899da98c2f01588175,26574,1,lossless_jpeg_metadata_strip_preserve_orientation_v2,,,
datasets/corn-field-pest-v2/train/grasshopper_unknown/img_74f060bf1667ea77329525fb.jpg,train,grasshopper_unknown,ccmt,CC BY 4.0,grp_e8afb168ff9f12e34856caee,82834f45e9ef1bd1d3e8e3574e948c74e90b3d0c16166bfd03115de843a49da6,54330,1,lossless_jpeg_metadata_strip_preserve_orientation_v2,,,
datasets/corn-field-pest-v2/val/grasshopper_unknown/img_1f11ff0e8ef954728037937d.jpg,val,grasshopper_unknown,ccmt,CC BY 4.0,grp_65d2a4895e1c024f04dff221,ba2a9482aef4949d8d337920f647fec114fdbaf22de02d48345e15b045e575b5,60409,1,lossless_jpeg_metadata_strip_preserve_orientation_v2,,,
datasets/corn-field-pest-v2/train/leaf_beetle_unknown/img_9cdd98e59c5366c3f0492286.jpg,train,leaf_beetle_unknown,ccmt,CC BY 4.0,grp_7944d27b185f400956c36fc3,9cfee7e9e30a94fcda9808d7d417a74e285cb7b05884444c7ce07c018031611c,47342,1,lossless_jpeg_metadata_strip_preserve_orientation_v2,,,
datasets/corn-field-pest-v2/train/maize_aphid_unknown/img_6af2ebbadf7bc76b53751109.jpg,train,maize_aphid_unknown,yeesi,CC BY 4.0,grp_ed471b353f4a6b148da3d189,6db5981d30bfc6481ae4963bd98702e6daa56f8ef78186d908d03d12031d4e99,5352165,1,lossless_jpeg_metadata_strip_preserve_orientation_v2,,,
datasets/corn-field-pest-v2/train/leaf_beetle_unknown/img_875085a5770d03ff6a61ba9f.jpg,train,leaf_beetle_unknown,ccmt,CC BY 4.0,grp_be908115c5786daad3b9f3ca,120a0fb8c681abc91ea7f0d5fe31505194b1b1e1ac0c570bdf7a9ae756299441,27430,1,lossless_jpeg_metadata_strip_preserve_orientation_v2,,,
datasets/corn-field-pest-v2/train/leaf_beetle_unknown/img_93a500eee23175d2e65243cb.jpg,train,leaf_beetle_unknown,ccmt,CC BY 4.0,grp_28b8867d8ee5876d30001eda,f290e93edf8c0db88f5ee3bde31fba399bd80c9c81eaec42ab4faedb7def19d5,28984,1,lossless_jpeg_metadata_strip_preserve_orientation_v2,,,
datasets/corn-field-pest-v2/train/leaf_beetle_unknown/img_2b265c55111a754907a28e3c.jpg,train,leaf_beetle_unknown,ccmt,CC BY 4.0,grp_c7e652847c6e71f3c52a6928,8697c6e470ea83d1eae207e4bf5ca5e7c11d2e3a6008c60d82b2c63d27ea9c53,42772,1,lossless_jpeg_metadata_strip_preserve_orientation_v2,,,
datasets/corn-field-pest-v2/val/fall_armyworm/img_b27db7f2ab4e34686efec28d.jpg,val,fall_armyworm,tom2024,CC BY 4.0,grp_1c1716efe43a8fd050b66573,ab07d225623690a28e0af7056d73b8363184b2403950a7aebc6fb67485572c84,21380,1,lossless_jpeg_metadata_strip_preserve_orientation_v2,,,
datasets/corn-field-pest-v2/train/healthy/img_98ffe21f7bcf8093a080a9a9.jpg,train,healthy,ccmt,CC BY 4.0,grp_79be39df49b8cd8f1bdeb311,5806f141bfe570e0645544499519870dcc2674528290ed5cbe2773ccfd05936e,46520,1,lossless_jpeg_metadata_strip_preserve_orientation_v2,,,
datasets/corn-field-pest-v2/train/leaf_beetle_unknown/img_cab7d242d7c507feae27d963.jpg,train,leaf_beetle_unknown,ccmt,CC BY 4.0,grp_ea7df3f3ad4802aebe2cd285,0b39bee4861cd9de11c93637d26a013de59165b1d0cd58e75ff5084d24b78c9e,25501,1,lossless_jpeg_metadata_strip_preserve_orientation_v2,,,
datasets/corn-field-pest-v2/train/grasshopper_unknown/img_9dd10d65abd40192950adbd3.jpg,train,grasshopper_unknown,ccmt,CC BY 4.0,grp_ee61c8b325468db0259e7771,e34d557078f70ac9c23da645b68769e0fa6a4bd9744a1269b0ccd24d559da90f,56751,1,lossless_jpeg_metadata_strip_preserve_orientation_v2,,,
datasets/corn-field-pest-v2/train/fall_armyworm/img_1a60c6f2a05b52abe6f0479d.jpg,train,fall_armyworm,ccmt,CC BY 4.0,grp_47a79b8dada3fad5c6d5ead0,14956eccbaeb5aaa0e49e6c87faf227a08a0449f3202e622bd16751991f4b1ec,58448,1,lossless_jpeg_metadata_strip_preserve_orientation_v2,,,
datasets/corn-field-pest-v2/train/leaf_beetle_unknown/img_4e2cb6401941100d8063e85b.jpg,train,leaf_beetle_unknown,ccmt,CC BY 4.0,grp_ccc68c23faa68979c7a9f1f0,4486315f47606ff785527df20be71a2dfbefc84d94298b43d497f7189df1614d,44339,1,lossless_jpeg_metadata_strip_preserve_orientation_v2,,,
datasets/corn-field-pest-v2/val/fall_armyworm/img_2f3618d9f68f6a8f195b1a10.jpg,val,fall_armyworm,ccmt,CC BY 4.0,grp_6da6c6187a66255e36a6946f,1e24c732959388fb0983794ba9f4302afeedb0f3cd7212050b4079e928341834,61129,1,lossless_jpeg_metadata_strip_preserve_orientation_v2,,,
datasets/corn-field-pest-v2/val/grasshopper_unknown/img_57e2e1dda996f7269d856ba8.jpg,val,grasshopper_unknown,ccmt,CC BY 4.0,grp_ec86b3231b690fec88326382,e755a083ce4ac1c5c8eba837b4e4ea82de3886fe64104c8f181d8f0d9c822a70,45868,1,lossless_jpeg_metadata_strip_preserve_orientation_v2,,,
datasets/corn-field-pest-v2/train/fall_armyworm/img_10b7f95f0f0d1cec753e6517.jpg,train,fall_armyworm,ccmt,CC BY 4.0,grp_544aae9e0c2c1b463ef25884,8a24287f0d5b383fc6d110aceb5e1e20e91dea9d87e0d742a8988350dec7fb24,54447,1,lossless_jpeg_metadata_strip_preserve_orientation_v2,,,
datasets/corn-field-pest-v2/val/fall_armyworm/img_41c7514861f83647611aefbe.jpg,val,fall_armyworm,tom2024,CC BY 4.0,grp_e497b8667bbae7ef21c00560,3615d42c0a41904ec09366248074962ac6e2b0e37e129e01d31f383e10a13866,20384,1,lossless_jpeg_metadata_strip_preserve_orientation_v2,,,
datasets/corn-field-pest-v2/train/leaf_beetle_unknown/img_0d32aff804b5e7cb54b75c0c.jpg,train,leaf_beetle_unknown,ccmt,CC BY 4.0,grp_1083bd2650341adf0c856367,50121cbb1db1d15e2a0bb8fb1ea8d27dafcd496c03cbaefc8eb92d28c04f5784,30087,1,lossless_jpeg_metadata_strip_preserve_orientation_v2,,,
datasets/corn-field-pest-v2/train/leaf_beetle_unknown/img_1e746ed7e1f94961da2b974e.jpg,train,leaf_beetle_unknown,ccmt,CC BY 4.0,grp_86330d2f61974dfeeca71561,5294b66178d20f11a76f68a3867153683ab2eb56033d4927034dcd0b3376fdf1,33312,1,lossless_jpeg_metadata_strip_preserve_orientation_v2,,,
datasets/corn-field-pest-v2/train/grasshopper_unknown/img_43d4b12e21653ed55de092f7.jpg,train,grasshopper_unknown,ccmt,CC BY 4.0,grp_8b83a00d0da7b24b4cfd6ebb,e7799b5a782aec358428f0287541ff059f61729f87496abdb161f617fd98be12,44903,1,lossless_jpeg_metadata_strip_preserve_orientation_v2,,,
datasets/corn-field-pest-v2/train/leaf_beetle_unknown/img_7da8fca598056bcd841273ae.jpg,train,leaf_beetle_unknown,ccmt,CC BY 4.0,grp_987ae6d0a73ce146e26470ef,5ac51f467d83f413304249a602dc19660219ad5808680a904b33d10c868d9ea4,33209,1,lossless_jpeg_metadata_strip_preserve_orientation_v2,,,
datasets/corn-field-pest-v2/train/fall_armyworm/img_556329270752483af514236d.jpg,train,fall_armyworm,tom2024,CC BY 4.0,grp_3e99faea9488183cfbb44667,d78a83fb8bdebe5ff57e98b51831a9d4548045b1726398335aef7909b82d14df,4572,1,lossless_jpeg_metadata_strip_preserve_orientation_v2,,,
datasets/corn-field-pest-v2/train/healthy/img_21cd35ab02f2427059a52b27.jpg,train,healthy,tom2024,CC BY 4.0,grp_661b4dfe46f4b659551775f4,009178b7b2bcc62d6334f3e8d04ee34562287845ae7da81af2208b03d82ce284,4726,1,lossless_jpeg_metadata_strip_preserve_orientation_v2,,,
datasets/corn-field-pest-v2/train/fall_armyworm/img_421db39217a2b7c5eeeda857.jpg,train,fall_armyworm,ccmt,CC BY 4.0,grp_b65aceef31e9074baa276398,f1b58cab052c252142d2d678f43eb30bc7cdf2bed1f1afaf1e42380394554fb9,46450,1,lossless_jpeg_metadata_strip_preserve_orientation_v2,,,
datasets/corn-field-pest-v2/train/leaf_beetle_unknown/img_52239cea4c37acba84548871.jpg,train,leaf_beetle_unknown,ccmt,CC BY 4.0,grp_79ef7e5866c5eea6032a1953,ed37df4538e76638135b4b599735acfe23e6b463737f751310f09a27cc20360e,40652,1,lossless_jpeg_metadata_strip_preserve_orientation_v2,,,
datasets/corn-field-pest-v2/train/leaf_beetle_unknown/img_5f62fae7eef237e11f507583.jpg,train,leaf_beetle_unknown,ccmt,CC BY 4.0,grp_d44848f5365a6bafbc8f7875,970c574938a4274335f3aa887ea71701803694c27d06117d6dd1ce4db5c39377,17458,1,lossless_jpeg_metadata_strip_preserve_orientation_v2,,,
datasets/corn-field-pest-v2/train/fall_armyworm/img_f19dc90af04a7ab2ba58e9ae.jpg,train,fall_armyworm,ccmt,CC BY 4.0,grp_f84359cbc3a2f85942516c11,6e232a73cdfd8df0ea09320835e92bd6324b6c29c5bdf441930c7ca4c7e89839,81331,1,lossless_jpeg_metadata_strip_preserve_orientation_v2,,,
datasets/corn-field-pest-v2/train/leaf_beetle_unknown/img_73642712225b77e157be5d3e.jpg,train,leaf_beetle_unknown,ccmt,CC BY 4.0,grp_20b434a7f9ad4d6f67d511d7,e18035ffec127a0434b34e6a762ef48ce08aac63ee27e17aab6660c9b18b1abc,21906,1,lossless_jpeg_metadata_strip_preserve_orientation_v2,,,
datasets/corn-field-pest-v2/train/grasshopper_unknown/img_bfc47ce49244c58543eefbc8.jpg,train,grasshopper_unknown,ccmt,CC BY 4.0,grp_9e9a18b4f60e75efb92efd10,21e12d250cba925397016f25962d9b73d28867424aa7cb8bc81e00167fd83c29,33292,1,lossless_jpeg_metadata_strip_preserve_orientation_v2,,,
datasets/corn-field-pest-v2/val/maize_aphid_unknown/img_537d6eeea97c310715878286.jpg,val,maize_aphid_unknown,yeesi,CC BY 4.0,grp_1a075beb064f54e8059f91fe,3b0e21d6df0323a3885945411efacbe062a6600cb984bb85a7e51d728e92bf8a,1713364,1,lossless_jpeg_metadata_strip_preserve_orientation_v2,,,
datasets/corn-field-pest-v2/train/fall_armyworm/img_ccf52774f0e4708a66c14ca1.jpg,train,fall_armyworm,tom2024,CC BY 4.0,grp_a4429df6a87b62efaa3493e4,25fdef762f4cbbd8c441b6f391d94326c6e338da1b7234e90ce870133c935e6c,12345,1,lossless_jpeg_metadata_strip_preserve_orientation_v2,,,
datasets/corn-field-pest-v2/train/fall_armyworm/img_f03ee20223e9203ab9dead36.jpg,train,fall_armyworm,tom2024,CC BY 4.0,grp_80b7e4bc08a7c467bfba88ef,428d6e462f52bdb42455701d8ca97d71c9db5346a52f64ec0a5f4230bc11e0a4,5560,1,lossless_jpeg_metadata_strip_preserve_orientation_v2,,,
datasets/corn-field-pest-v2/train/fall_armyworm/img_c6cb98728fbc68ed33afd985.jpg,train,fall_armyworm,tom2024,CC BY 4.0,grp_6524807b6da4fe064ff9e07f,92bc5d298a03a9937235cfe6f0f5b5534aeb205f08226cf534dec56d31ab0b16,13265,1,lossless_jpeg_metadata_strip_preserve_orientation_v2,,,
datasets/corn-field-pest-v2/train/grasshopper_unknown/img_e5e0f6e1c9c449db69d52087.jpg,train,grasshopper_unknown,ccmt,CC BY 4.0,grp_a7f836ffa7d46c286e60e551,3237095a3ccc683b0f7ada5c841d45ee978a0437a78581056331c6360fc62fdb,44348,1,lossless_jpeg_metadata_strip_preserve_orientation_v2,,,
datasets/corn-field-pest-v2/train/leaf_beetle_unknown/img_83563c97d8242201089261af.jpg,train,leaf_beetle_unknown,ccmt,CC BY 4.0,grp_6cd90c4a37a5eaf8d455d71b,2ab2e8f4ed1a5a586ccc47c0016ce32ee583cfbf04140f4bce3a82c14f6bc485,21928,1,lossless_jpeg_metadata_strip_preserve_orientation_v2,,,
datasets/corn-field-pest-v2/train/leaf_beetle_unknown/img_dd955229091fd090d9908b4c.jpg,train,leaf_beetle_unknown,ccmt,CC BY 4.0,grp_18d6f6107e86ded44a3c6f42,c94c96828fe1a0093a66a85e403beff67eaa26379404517bd1af84a1ccab67a9,24639,1,lossless_jpeg_metadata_strip_preserve_orientation_v2,,,
datasets/corn-field-pest-v2/train/fall_armyworm/img_12d653165795d9cfa367e9c3.jpg,train,fall_armyworm,tom2024,CC BY 4.0,grp_d3079b1b30012001d9fd0cb5,83c993b99fca784d2dc1cf0e28ddc178d21e6d6da27f480995e9cfabaa6e4803,5437,1,lossless_jpeg_metadata_strip_preserve_orientation_v2,,,
datasets/corn-field-pest-v2/train/grasshopper_unknown/img_7a36b0b294ad73a12681333c.jpg,train,grasshopper_unknown,ccmt,CC BY 4.0,grp_a34df6bf1c03eaf1e5fadce3,9e64ae9772f61ca53f00f36cabf640151f3155c5d07d678612b86e4dbdfd4d6d,31953,1,lossless_jpeg_metadata_strip_preserve_orientation_v2,,,
datasets/corn-field-pest-v2/train/fall_armyworm/img_a22546ee897de93d777e7247.jpg,train,fall_armyworm,tom2024,CC BY 4.0,grp_4c8be0ed0ed7936038500bc0,701191c214ef63da15ddd518512bd6458f259a5c5256ab1a159af468c8e03982,4173,1,lossless_jpeg_metadata_strip_preserve_orientation_v2,,,
datasets/corn-field-pest-v2/val/fall_armyworm/img_38b2dd7d707c884b6aac9390.jpg,val,fall_armyworm,tom2024,CC BY 4.0,grp_942049decf484df6720f36f6,371891713b50de4a180f0cc540bd47a5424376aa8a5cabfac2f91db4f6e505b4,3129,1,lossless_jpeg_metadata_strip_preserve_orientation_v2,,,
datasets/corn-field-pest-v2/train/healthy/img_b872943c81ead748099e5897.jpg,train,healthy,tom2024,CC BY 4.0,grp_a319521b4c5e1a0c231a74e1,7281767087d0e1400d9d4d4c3cf444d72a20817f2c9eb0a4e626d0761707c6eb,4397,1,lossless_jpeg_metadata_strip_preserve_orientation_v2,,,
datasets/corn-field-pest-v2/train/healthy/img_1017e594cec2d0508e0c0c10.jpg,train,healthy,tom2024,CC BY 4.0,grp_661b4dfe46f4b659551775f4,8239a592d5e22484b63a1155dbddec24a4baf35c136cf81f8822ec3485cb81ff,2643,1,lossless_jpeg_metadata_strip_preserve_orientation_v2,,,
datasets/corn-field-pest-v2/train/leaf_beetle_unknown/img_01fb9444d755ca1d0e5d73fc.jpg,train,leaf_beetle_unknown,ccmt,CC BY 4.0,grp_3c4a76395fb081ffdffa8f48,107f77314bd3f015fa329132b7b702ee2a3e12358eecd5d2f4fca133685ca7e2,38248,1,lossless_jpeg_metadata_strip_preserve_orientation_v2,,,
datasets/corn-field-pest-v2/train/grasshopper_unknown/img_054e63418e34264f96d36fcc.jpg,train,grasshopper_unknown,ccmt,CC BY 4.0,grp_32257e52d167086717ba5a90,d45ff846d638bae7db1c44819fe38bb92d68e4d92f65806828f708b68ce8d07f,26875,1,lossless_jpeg_metadata_strip_preserve_orientation_v2,,,
datasets/corn-field-pest-v2/val/grasshopper_unknown/img_9bc608c2801f420b388a15a3.jpg,val,grasshopper_unknown,ccmt,CC BY 4.0,grp_fb96ef91831b83d1847e68e1,160753859cf9485afe8533394ee8c4f0a16a002ac5506617cab6f3aa7ace9f22,69540,1,lossless_jpeg_metadata_strip_preserve_orientation_v2,,,
datasets/corn-field-pest-v2/train/grasshopper_unknown/img_581a106b9034f353a5223d84.jpg,train,grasshopper_unknown,ccmt,CC BY 4.0,grp_89f5a74d51fe54137fead9ac,aea43fd6291e093a45fa9a16775ca274ec94795c35872c8a52cd116f16a47f84,37755,1,lossless_jpeg_metadata_strip_preserve_orientation_v2,,,
datasets/corn-field-pest-v2/val/fall_armyworm/img_dda1942a84976375544b5d22.jpg,val,fall_armyworm,tom2024,CC BY 4.0,grp_e497b8667bbae7ef21c00560,1a5c25d8f3224eb3b80993f85ce48d9fa744c411d3e9e85e546ccf06c65f2607,11606,1,lossless_jpeg_metadata_strip_preserve_orientation_v2,,,
datasets/corn-field-pest-v2/train/fall_armyworm/img_033425134732e1d140d8c108.jpg,train,fall_armyworm,ccmt,CC BY 4.0,grp_0a27145b32158f3eeaa38c16,8cc4dfe6be8d6a23353c7b2a028fd4a41eb6913969b89ee6cdbd881537574cc7,38257,1,lossless_jpeg_metadata_strip_preserve_orientation_v2,,,
datasets/corn-field-pest-v2/train/leaf_beetle_unknown/img_b8a3dec42277c9832bd7e85e.jpg,train,leaf_beetle_unknown,ccmt,CC BY 4.0,grp_4efd6fd501be27d52be47aac,78c4bf4d7a6303b5f9b95531178a8d49ee3795cc7ad900b56029e3a582e93c7d,36079,1,lossless_jpeg_metadata_strip_preserve_orientation_v2,,,
datasets/corn-field-pest-v2/train/grasshopper_unknown/img_00deed2418f582758cf94f01.jpg,train,grasshopper_unknown,ccmt,CC BY 4.0,grp_1ef20f81679331290bc71705,f580ddf583cb2ed5024ac22055671cb7ddbc60b4b1789cdb7f306e230d800eca,42625,1,lossless_jpeg_metadata_strip_preserve_orientation_v2,,,
datasets/corn-field-pest-v2/train/grasshopper_unknown/img_785a0090760a76a9653841e6.jpg,train,grasshopper_unknown,ccmt,CC BY 4.0,grp_8be39cfbe718065b31ec26a1,1770cab1773297fe31ae388ab1cebe587b8f1dd99e5fe2052914aa0f3f3a2bbe,36950,1,lossless_jpeg_metadata_strip_preserve_orientation_v2,,,
datasets/corn-field-pest-v2/val/grasshopper_unknown/img_b9d86a9bdd517547d0dfe1a5.jpg,val,grasshopper_unknown,ccmt,CC BY 4.0,grp_1b16bf0ab20f1bf7c3997f0f,aa53170d1ea8cb30d7f1cf336e27340f889e30ba15368f2d047b7053eee2e5bf,55981,1,lossless_jpeg_metadata_strip_preserve_orientation_v2,,,
datasets/corn-field-pest-v2/train/grasshopper_unknown/img_e34a5c22b2162d8af48caadc.jpg,train,grasshopper_unknown,ccmt,CC BY 4.0,grp_a3df18345652b6e168d468b6,ce2df768b39eb2e0ebd4aa91fc3e2e03c76157fa7f7b6bd4af066e4ffb36d19a,39524,1,lossless_jpeg_metadata_strip_preserve_orientation_v2,,,
datasets/corn-field-pest-v2/train/leaf_beetle_unknown/img_a636d130d80a0bc561b7b34a.jpg,train,leaf_beetle_unknown,ccmt,CC BY 4.0,grp_31b8ffb11329e15c9578eb81,9973d2f1955161eb05cf21a8f2f0bb8e7cb584cb732756447f4df53eeaee88fb,28657,1,lossless_jpeg_metadata_strip_preserve_orientation_v2,,,
datasets/corn-field-pest-v2/val/leaf_beetle_unknown/img_ad6c1bcc8dc78faff000f605.jpg,val,leaf_beetle_unknown,ccmt,CC BY 4.0,grp_e823ecef14bd49f616fe5826,a1b0e30876ffc692ea1aedba50ae536d3932c1f56e9cb3a9136e3dd45bd9452a,18385,1,lossless_jpeg_metadata_strip_preserve_orientation_v2,,,
datasets/corn-field-pest-v2/train/grasshopper_unknown/img_171139b26371f677efb5e6da.jpg,train,grasshopper_unknown,ccmt,CC BY 4.0,grp_ad0537096ab59240b350c8ae,b0a0ff5671833b78a068f12df5bd62dac07a8089cc97d6edca023fc916daa426,58000,1,lossless_jpeg_metadata_strip_preserve_orientation_v2,,,
datasets/corn-field-pest-v2/train/fall_armyworm/img_d261b1fecae548b5032c7eea.jpg,train,fall_armyworm,tom2024,CC BY 4.0,grp_6f1f8d3e835600c2a583ffc8,d70f653f4b2b6c53e77af1b006c65062a10062aa9a6f62580ee868556b9e1d36,3402,1,lossless_jpeg_metadata_strip_preserve_orientation_v2,,,
datasets/corn-field-pest-v2/train/leaf_beetle_unknown/img_a5749f9eeb05687c8f0d0d38.jpg,train,leaf_beetle_unknown,ccmt,CC BY 4.0,grp_1e159c2f8c2d9a6e3800149b,57acd41fde48618d0459126075a7b95e941632b6717294846f82be04836fb0dd,35734,1,lossless_jpeg_metadata_strip_preserve_orientation_v2,,,
datasets/corn-field-pest-v2/train/fall_armyworm/img_e1f0cc6bea5c06076e513245.jpg,train,fall_armyworm,ccmt,CC BY 4.0,grp_5d01b859074d261a10fdbe48,e236677c618f1ad971e2d08b1058c6d2b00591dc6b50eb22af91f38d2d87e384,51758,1,lossless_jpeg_metadata_strip_preserve_orientation_v2,,,
datasets/corn-field-pest-v2/train/grasshopper_unknown/img_2859fbb2292904a45b402b40.jpg,train,grasshopper_unknown,ccmt,CC BY 4.0,grp_2b304fbf9da835e8ecd28faa,bfb00630638e90db2532856320b58a7ea802b649038df8c2b7267ecb57c129fb,40103,1,lossless_jpeg_metadata_strip_preserve_orientation_v2,,,
datasets/corn-field-pest-v2/train/grasshopper_unknown/img_6d949caf7caee89a07b4e978.jpg,train,grasshopper_unknown,ccmt,CC BY 4.0,grp_d4c951faea6b4d7d932fb651,20eaedafecf6a9bd46fbfc5175068015d6e0325b564aca52570aaff20907d147,36513,1,lossless_jpeg_metadata_strip_preserve_orientation_v2,,,
datasets/corn-field-pest-v2/train/healthy/img_5da148bb414717df7b1b6b4d.jpg,train,healthy,ccmt,CC BY 4.0,grp_b8f6629812e027dbd8bebdb1,43d1426326c2f4f9edaa5baf5fa4ee2d526905ea56ff4b8a0eec45bffadfa74d,39594,1,lossless_jpeg_metadata_strip_preserve_orientation_v2,,,
datasets/corn-field-pest-v2/val/fall_armyworm/img_7ae1c278f674a7212204ae31.jpg,val,fall_armyworm,tom2024,CC BY 4.0,grp_83196b166a48cd9ce832fe71,9173591cd9966ab86144a6793a6744a004a3105c385456373d2f31d605c99efa,7233,1,lossless_jpeg_metadata_strip_preserve_orientation_v2,,,
datasets/corn-field-pest-v2/val/leaf_beetle_unknown/img_7e41cee7d0b4e563e35abc86.jpg,val,leaf_beetle_unknown,ccmt,CC BY 4.0,grp_08469c38bedfdee14a35c0b1,4f53b0603badbe40a472d68be8ed3866b949fc309b765ac82efae430cc5c525a,29982,1,lossless_jpeg_metadata_strip_preserve_orientation_v2,,,
datasets/corn-field-pest-v2/train/fall_armyworm/img_64dbb8e1791a0989d3785b72.jpg,train,fall_armyworm,tom2024,CC BY 4.0,grp_5ecdefa918a63745a57869cc,be7d45f50b86e0abe3c2dc9b22e70bbfc6f0dc7465198af896d145ad48f017a2,6072,1,lossless_jpeg_metadata_strip_preserve_orientation_v2,,,
datasets/corn-field-pest-v2/val/fall_armyworm/img_35103df605ed7ce0b028be3c.jpg,val,fall_armyworm,tom2024,CC BY 4.0,grp_b0084e5f8f75dda3fd5b01c9,b17e0d9ab8d6a6203f3b12871fdfe1b3ff714ffbae16992b666e373237f219bc,4904,1,lossless_jpeg_metadata_strip_preserve_orientation_v2,,,
datasets/corn-field-pest-v2/train/grasshopper_unknown/img_395cc9d6e56b8cf68df0c9c6.jpg,train,grasshopper_unknown,ccmt,CC BY 4.0,grp_7b4706e3388462ccdcdfc76e,63a883b2c65fba172e073b32a8ac276f67ed01a2b2b47f9e426e7cccce12fdb7,54299,1,lossless_jpeg_metadata_strip_preserve_orientation_v2,,,
datasets/corn-field-pest-v2/train/leaf_beetle_unknown/img_c10a787477c9f610b277a31d.jpg,train,leaf_beetle_unknown,ccmt,CC BY 4.0,grp_09071eb04dc7674471516481,29e9cdfaed4d27d9568a18be158885490cf48d4bf774fffc728dd4b26477553f,27168,1,lossless_jpeg_metadata_strip_preserve_orientation_v2,,,
datasets/corn-field-pest-v2/train/maize_aphid_unknown/img_c35cf4c40833a1d8367fbf12.jpg,train,maize_aphid_unknown,yeesi,CC BY 4.0,grp_87149d1d7f97e69ee057f0c8,693db0e18cd8218db334d59fa707f4ebb3a99bf6122293f12b81e6c6625ffc5f,1877367,1,lossless_jpeg_metadata_strip_preserve_orientation_v2,,,
datasets/corn-field-pest-v2/train/leaf_beetle_unknown/img_2fd46b076f05bcd36a2bab06.jpg,train,leaf_beetle_unknown,ccmt,CC BY 4.0,grp_839076caa1f8aa9fa81b3689,e36dac680ebb469ca0d559a0ae1fd7edc156f0c35df203ae511b300069bc0482,53288,1,lossless_jpeg_metadata_strip_preserve_orientation_v2,,,
datasets/corn-field-pest-v2/train/grasshopper_unknown/img_e01673cce6db8e747e0eaea3.jpg,train,grasshopper_unknown,ccmt,CC BY 4.0,grp_dc98c431e24aac4489c84164,87c6a3f823af5f71a2be833b7c66ffa8b2312e14fcfee4ae1ab766a49ce385e9,107279,1,lossless_jpeg_metadata_strip_preserve_orientation_v2,,,
datasets/corn-field-pest-v2/val/fall_armyworm/img_564ee8f4f78ef5fb06d02142.jpg,val,fall_armyworm,ccmt,CC BY 4.0,grp_8fd8deb47100f67a2aa20544,a0e5babfa14bf75149fd6f86775534c86c18b9c6b659f77abc2d98938955b7d1,56922,1,lossless_jpeg_metadata_strip_preserve_orientation_v2,,,
datasets/corn-field-pest-v2/val/leaf_beetle_unknown/img_4073164b39932f29bb19c52d.jpg,val,leaf_beetle_unknown,ccmt,CC BY 4.0,grp_18ca713f281ce3621050d495,d8a034488754a97d9a33a4da94471fc9619146389b4c00aab8afc623fc1cfb4a,25013,1,lossless_jpeg_metadata_strip_preserve_orientation_v2,,,
datasets/corn-field-pest-v2/val/healthy/img_2b8e0eafebad3120d6646bd1.jpg,val,healthy,tom2024,CC BY 4.0,grp_5921cfae928640a203796a47,5b808d9fa7dc8398443b16ba211af3a63d4de8d46fbefbcc19df042e7702f768,7121,1,lossless_jpeg_metadata_strip_preserve_orientation_v2,,,
datasets/corn-field-pest-v2/train/leaf_beetle_unknown/img_162505b212c831d542f75b26.jpg,train,leaf_beetle_unknown,ccmt,CC BY 4.0,grp_716d25734bc6ef883b574627,e0fa75aec02fe5b9630902a15bb28f26e3319a6b44e18af0850dd3792f7cfc88,37074,1,lossless_jpeg_metadata_strip_preserve_orientation_v2,,,
datasets/corn-field-pest-v2/train/fall_armyworm/img_30e71726fc2309767cebf811.jpg,train,fall_armyworm,ccmt,CC BY 4.0,grp_d338e2260b9a8b86cd1f73a1,57b4d0ac0b70b311f3422b8e7146dd557297bfa443819f210471798b172c8978,33184,1,lossless_jpeg_metadata_strip_preserve_orientation_v2,,,
datasets/corn-field-pest-v2/train/leaf_beetle_unknown/img_a2f7c47d0dbd262a64abf967.jpg,train,leaf_beetle_unknown,ccmt,CC BY 4.0,grp_e7830025771c125c12e1198c,2f48ed827256403c2d1774765d9c97356832a405fd297f87060b06b2af7f1d31,25859,1,lossless_jpeg_metadata_strip_preserve_orientation_v2,,,
datasets/corn-field-pest-v2/train/healthy/img_bad968bb9ae76f395dd5702d.jpg,train,healthy,tom2024,CC BY 4.0,grp_20ab34d23b50a722e3336b55,7a8693b4ff778d1274c7e304f9d5aa4b76eb027f858b4807c7fb22e4e7d68b54,10523,1,lossless_jpeg_metadata_strip_preserve_orientation_v2,,,
datasets/corn-field-pest-v2/val/leaf_beetle_unknown/img_cb5db9f79354e5bb69066fdb.jpg,val,leaf_beetle_unknown,ccmt,CC BY 4.0,grp_9cc8b805c2c46647a3d536a0,9c90b5928527bfa6a6010e30b10fecc8c2baf72f61a1fcee67e79ce929c0929b,20702,1,lossless_jpeg_metadata_strip_preserve_orientation_v2,,,
datasets/corn-field-pest-v2/train/healthy/img_b64d5d625385a30817fd7f5f.jpg,train,healthy,tom2024,CC BY 4.0,grp_4438f89c520c0914f20e600e,06f6c5acc16825e84dbdf0133dcc7ac2d10e18a26b0e1d6452a1e0f26765a036,9880,1,lossless_jpeg_metadata_strip_preserve_orientation_v2,,,
datasets/corn-field-pest-v2/train/leaf_beetle_unknown/img_73254dd64fe680217b89e4ef.jpg,train,leaf_beetle_unknown,ccmt,CC BY 4.0,grp_deb24134ba311cfb55cc5472,645a051a0dd151b45ca346842adaeeca356d8195578acf9a5168454a294c0f5c,41409,1,lossless_jpeg_metadata_strip_preserve_orientation_v2,,,
datasets/corn-field-pest-v2/val/grasshopper_unknown/img_891f5f75b2186c85ace694c3.jpg,val,grasshopper_unknown,ccmt,CC BY 4.0,grp_6abec399ba681e34a78dc352,bbe7d84b45cd46355a018177868291bedc54ba5a08752ca92677770e6c44cdc8,67124,1,lossless_jpeg_metadata_strip_preserve_orientation_v2,,,
datasets/corn-field-pest-v2/train/healthy/img_16bba626c84641707698935c.jpg,train,healthy,ccmt,CC BY 4.0,grp_5389d9070bd652ce11de246a,25c1a424037d894c478ea572ec005dc8c2d2cfcc8175730b7bf6c9b0c4703fd4,35969,1,lossless_jpeg_metadata_strip_preserve_orientation_v2,,,
datasets/corn-field-pest-v2/train/healthy/img_6fc8d41f71ff32cb27ed60a7.jpg,train,healthy,tom2024,CC BY 4.0,grp_ee1f30855c3d89342468b16f,2cc31c60ce735d58a64f346c4198147eac97f406f28444feaf9ffe597a12ae02,3447,1,lossless_jpeg_metadata_strip_preserve_orientation_v2,,,
datasets/corn-field-pest-v2/val/leaf_beetle_unknown/img_3ecbadd7bb408f74e55c1a9a.jpg,val,leaf_beetle_unknown,ccmt,CC BY 4.0,grp_8e68b7281837bd9561fc58f1,8af3e8e4a96293672a3451b5844a2120fe60c00c48bfe85213ce775e1c222860,32958,1,lossless_jpeg_metadata_strip_preserve_orientation_v2,,,
datasets/corn-field-pest-v2/train/leaf_beetle_unknown/img_cf01ccdd9b6108c9c74c1b40.jpg,train,leaf_beetle_unknown,ccmt,CC BY 4.0,grp_3ed619dcbb92576d99113ece,ef90ea9f97a69290c14019da006df0ecf283ef46d87c3f4731ed451f1eb662f5,36979,1,lossless_jpeg_metadata_strip_preserve_orientation_v2,,,
datasets/corn-field-pest-v2/train/healthy/img_0d8e9fb7726594334b4b7622.jpg,train,healthy,tom2024,CC BY 4.0,grp_7ba4ceca38e4c81a295c5045,7e9033327b5aa8053162440264d3def422ece092210b6c34fe77720967bade47,4529,1,lossless_jpeg_metadata_strip_preserve_orientation_v2,,,
datasets/corn-field-pest-v2/val/healthy/img_064fa449a1fafc40c6dd6d74.jpg,val,healthy,tom2024,CC BY 4.0,grp_5921cfae928640a203796a47,ba7d1d988660f2b839aaed6a1873073d5addd5f2df06b6248c0e3017bf1ca811,10329,1,lossless_jpeg_metadata_strip_preserve_orientation_v2,,,
datasets/corn-field-pest-v2/train/leaf_beetle_unknown/img_00a2c16ee55d705a11aac4fd.jpg,train,leaf_beetle_unknown,ccmt,CC BY 4.0,grp_193fac2a4e4375a3efc609ac,2607ccc597a1cf1a9ea35bedb4ea22a06b826094eb0226b3f034d5b1dfe89618,23326,1,lossless_jpeg_metadata_strip_preserve_orientation_v2,,,
datasets/corn-field-pest-v2/train/leaf_beetle_unknown/img_c77d6a1c7ae2000bbc4c247d.jpg,train,leaf_beetle_unknown,ccmt,CC BY 4.0,grp_23d157db028640312df07108,e825d4d6d276e43972a0d214877bc1aedf443b2e6e522b4a426f9a6a3bb5030b,28392,1,lossless_jpeg_metadata_strip_preserve_orientation_v2,,,
datasets/corn-field-pest-v2/train/leaf_beetle_unknown/img_64dc5a5771ca54e6de4043dd.jpg,train,leaf_beetle_unknown,ccmt,CC BY 4.0,grp_d0736e80caffd9189b5ff601,a56ddff14709fe7ad68f7b4c30e9c2d03e285ac19e54304858360787c2adc91d,23871,1,lossless_jpeg_metadata_strip_preserve_orientation_v2,,,
datasets/corn-field-pest-v2/val/leaf_beetle_unknown/img_337582bc713b5592486cbf5f.jpg,val,leaf_beetle_unknown,ccmt,CC BY 4.0,grp_74ccc04f5f71aa224061dc94,eec5a5a6eb600a0f9fd12cfa066adac354cdf292c16d133d700cddb69eff2cf1,34632,1,lossless_jpeg_metadata_strip_preserve_orientation_v2,,,
datasets/corn-field-pest-v2/val/fall_armyworm/img_abbeefd3d41e05759e40821f.jpg,val,fall_armyworm,ccmt,CC BY 4.0,grp_37051e89d9bbbd190cf7982c,045b815ea84eb695a22da4070d0a24662d871415d2ce5c5d649b4304aeea8d51,42280,1,lossless_jpeg_metadata_strip_preserve_orientation_v2,,,
datasets/corn-field-pest-v2/train/fall_armyworm/img_97e14be0a32869a240805487.jpg,train,fall_armyworm,ccmt,CC BY 4.0,grp_f36afac39a50d2dbdab5daaf,d26dbc93d2584975c87b47962f673d9bdbdc60f488d319b1a071941611e19f2a,54677,1,lossless_jpeg_metadata_strip_preserve_orientation_v2,,,
datasets/corn-field-pest-v2/train/grasshopper_unknown/img_e9a3b4f8f97777b7a4cc63fd.jpg,train,grasshopper_unknown,ccmt,CC BY 4.0,grp_87403d1c927c16c63e6137bc,00677e072fa7b7fb1370069a983a01a1654e3bca78a73a4bdb217ffdf1258f8f,36430,1,lossless_jpeg_metadata_strip_preserve_orientation_v2,,,
datasets/corn-field-pest-v2/val/grasshopper_unknown/img_9270d6b7980972f9514a0a08.jpg,val,grasshopper_unknown,ccmt,CC BY 4.0,grp_c866451818627f74ff170372,8f8a61b6f776d7d50dc3c902e02eca501bba59056b6bc1cbd3d2c2a1951d39ad,38695,1,lossless_jpeg_metadata_strip_preserve_orientation_v2,,,
datasets/corn-field-pest-v2/train/leaf_beetle_unknown/img_dc18f241d4e14473492fc3b8.jpg,train,leaf_beetle_unknown,ccmt,CC BY 4.0,grp_524f1063589009ab4028220a,132227390f9e7c4829b8057c78ee4f9d55565d6a1b8a17906fd23ef9b724678e,31377,1,lossless_jpeg_metadata_strip_preserve_orientation_v2,,,
datasets/corn-field-pest-v2/train/leaf_beetle_unknown/img_6c4655b7ac646bd1b3c33d51.jpg,train,leaf_beetle_unknown,ccmt,CC BY 4.0,grp_8ef66ea827318d293977bfae,e3aafeb4f2aef1b678fe067a25986694de2d07284b516aadac06208ce19a6d96,24511,1,lossless_jpeg_metadata_strip_preserve_orientation_v2,,,
datasets/corn-field-pest-v2/train/fall_armyworm/img_4317f42675e7e6fa87b1ff4a.jpg,train,fall_armyworm,ccmt,CC BY 4.0,grp_6c49695880f0610b97584ef9,3b106d0a9962180b95f0c123da0453d5d7c4e93ed6645aa64e6ed4cfa2a67366,51019,1,lossless_jpeg_metadata_strip_preserve_orientation_v2,,,
datasets/corn-field-pest-v2/train/fall_armyworm/img_f5e2df5c96cb657b532337fa.jpg,train,fall_armyworm,tom2024,CC BY 4.0,grp_10a3d09d45fd2cc447c967a2,ef3c80bf457912a2a1c3ce1e0280a6d07b09463884e54e3fcc538b7ba13b48cf,7281,1,lossless_jpeg_metadata_strip_preserve_orientation_v2,,,
datasets/corn-field-pest-v2/val/healthy/img_f8821672a351dfac340985e0.jpg,val,healthy,tom2024,CC BY 4.0,grp_5921cfae928640a203796a47,ce15a61b689d592734b00a0e87f4f4ef3251947bf0b16c76ca9e58a69fa6c4ff,8975,1,lossless_jpeg_metadata_strip_preserve_orientation_v2,,,
datasets/corn-field-pest-v2/train/fall_armyworm/img_667e7bd5d1f7b8810f7e1924.jpg,train,fall_armyworm,ccmt,CC BY 4.0,grp_8770630fb2ba51e3523112e5,938720da363aaea3f7ddfac9208b3ceaca2bba720556a95b95b24cdc3391f902,43147,1,lossless_jpeg_metadata_strip_preserve_orientation_v2,,,
datasets/corn-field-pest-v2/val/leaf_beetle_unknown/img_fa220ccf29fa757938935c63.jpg,val,leaf_beetle_unknown,ccmt,CC BY 4.0,grp_9a1e70ba84dec03fb11274d3,6513d380de088b3f7ca1402dccb21da90b48c2fce63b2d8b41deac5edc7ab572,32022,1,lossless_jpeg_metadata_strip_preserve_orientation_v2,,,
datasets/corn-field-pest-v2/train/leaf_beetle_unknown/img_07252a74c34ce89b6961b284.jpg,train,leaf_beetle_unknown,ccmt,CC BY 4.0,grp_4f688790801789898c3847e8,a88719c9e96b0ffbf4c368101787a8c2433a761088e960ae3a111caea157d78d,43835,1,lossless_jpeg_metadata_strip_preserve_orientation_v2,,,
datasets/corn-field-pest-v2/train/leaf_beetle_unknown/img_cf75011bdf6cad3f389dfaf7.jpg,train,leaf_beetle_unknown,ccmt,CC BY 4.0,grp_aa64ba274b2f9fed56cb7f20,0cad006836c32f8ba1d2b8be7dc1469378aa677e79a2c677c1d86d768a6aeb15,60094,1,lossless_jpeg_metadata_strip_preserve_orientation_v2,,,
datasets/corn-field-pest-v2/train/leaf_beetle_unknown/img_a32294c1ce52c4bc8a3e1ff5.jpg,train,leaf_beetle_unknown,ccmt,CC BY 4.0,grp_6e094b6bc48e5e16e6130b74,d6c5403749da020c09c414c7fb97fb4fa6cf77abbe93364cbc24f01b333b6d84,33947,1,lossless_jpeg_metadata_strip_preserve_orientation_v2,,,
datasets/corn-field-pest-v2/train/leaf_beetle_unknown/img_a3f3b0d36e4a212a6973e58e.jpg,train,leaf_beetle_unknown,ccmt,CC BY 4.0,grp_9a689469c75e3faf43d53f2b,9383534aa71244603ff453c1af5e79b8ebbc8f036bf3171afef3b4a75a2cd428,27905,1,lossless_jpeg_metadata_strip_preserve_orientation_v2,,,
datasets/corn-field-pest-v2/train/leaf_beetle_unknown/img_0f686d8dab69cc3185686201.jpg,train,leaf_beetle_unknown,ccmt,CC BY 4.0,grp_44ed79341c689886eb5724ba,abb82289aa2144804856e2c47399b1284333eac09997646b36f262adc30800bc,29533,1,lossless_jpeg_metadata_strip_preserve_orientation_v2,,,
datasets/corn-field-pest-v2/val/healthy/img_6c93bdf8e0b03f789a25c6d7.jpg,val,healthy,tom2024,CC BY 4.0,grp_91c4ca3708b3b12f88726ecc,0d96ab2cc2cf702e51da6a629247cb6ea47e173b45596125108423c5da0c9d4d,5627,1,lossless_jpeg_metadata_strip_preserve_orientation_v2,,,
datasets/corn-field-pest-v2/train/leaf_beetle_unknown/img_e5294f59ddee2e547db93959.jpg,train,leaf_beetle_unknown,ccmt,CC BY 4.0,grp_a0ba2bcf4a6516a39db32d86,d3a0f7368802c3038065ccd4d4b0ae3b533a18e66dbef2a9d97c226a7e0dae60,45187,1,lossless_jpeg_metadata_strip_preserve_orientation_v2,,,
datasets/corn-field-pest-v2/train/leaf_beetle_unknown/img_3401cfb482676879afcaf368.jpg,train,leaf_beetle_unknown,ccmt,CC BY 4.0,grp_91ff545c68f86c2d864acefd,ef35eac382d0a2f87df07f0886ac7d7112e3672f467aa7766da67c4abfe03739,48914,1,lossless_jpeg_metadata_strip_preserve_orientation_v2,,,
datasets/corn-field-pest-v2/train/grasshopper_unknown/img_30411ef25dd5e253bd79cc47.jpg,train,grasshopper_unknown,ccmt,CC BY 4.0,grp_6b8a4d1da082a4748d5f7988,33f4f40ab3bc07ddc7eb49cef8272d855caaa8a7a0719af104db19f489283051,30455,1,lossless_jpeg_metadata_strip_preserve_orientation_v2,,,
datasets/corn-field-pest-v2/train/leaf_beetle_unknown/img_d0fff21332430a564a4e5f04.jpg,train,leaf_beetle_unknown,ccmt,CC BY 4.0,grp_35e6255048d1c1c5e4f7a533,027bba98de521e2848f2dd4c8cc392cf1ff962990bccee511ca73033018a6da5,34914,1,lossless_jpeg_metadata_strip_preserve_orientation_v2,,,
datasets/corn-field-pest-v2/train/fall_armyworm/img_18923dcd61b832a21712a217.jpg,train,fall_armyworm,tom2024,CC BY 4.0,grp_43a1df13ff1918f561e081ce,6779480949b4ad0c17fd23d659b05689f30f7e7b6eb5dc728ffbb90e1f25bd10,2492,1,lossless_jpeg_metadata_strip_preserve_orientation_v2,,,
datasets/corn-field-pest-v2/train/fall_armyworm/img_ef0fa957dae7bd98381b01d1.jpg,train,fall_armyworm,tom2024,CC BY 4.0,grp_403c766074be79255ab02dca,a421e58ed23f2346b5446323be63175231fdcb266a52db40eb98ce297aa6e0ff,4332,1,lossless_jpeg_metadata_strip_preserve_orientation_v2,,,
datasets/corn-field-pest-v2/train/fall_armyworm/img_1b75e0903ef6cb5c70da3bbd.jpg,train,fall_armyworm,tom2024,CC BY 4.0,grp_6eb6fe28a4855022b86ec57c,ab9fec8c22ac565351be7f4404e84039ab23cd58a2593d4d67ed32518a4bdc50,7991,1,lossless_jpeg_metadata_strip_preserve_orientation_v2,,,
datasets/corn-field-pest-v2/train/leaf_beetle_unknown/img_f9987403b60a365c48882690.jpg,train,leaf_beetle_unknown,ccmt,CC BY 4.0,grp_c0eb952d38ee24c516786445,9549e80d47cae375d1c96b528707d206894444c236bb7099924183c34f9506c0,25896,1,lossless_jpeg_metadata_strip_preserve_orientation_v2,,,
datasets/corn-field-pest-v2/train/leaf_beetle_unknown/img_cc97f71804f51ef7c1e186e9.jpg,train,leaf_beetle_unknown,ccmt,CC BY 4.0,grp_2837b9ff1c901fe09a52a6ff,d107f3ad3c73f078042ae9ef4c4f0d64340f8752f9855e51170d7a57dec1d447,43891,1,lossless_jpeg_metadata_strip_preserve_orientation_v2,,,
datasets/corn-field-pest-v2/train/fall_armyworm/img_226eb4a47a2a5a374c5c5232.jpg,train,fall_armyworm,ccmt,CC BY 4.0,grp_ca0a1d428c2fb42074b917e0,a22e15c65ef3cc84eed2b8e5d3aa600447ce145727f68a8c44e71b28b57d87fe,43283,1,lossless_jpeg_metadata_strip_preserve_orientation_v2,,,
datasets/corn-field-pest-v2/train/fall_armyworm/img_fd0c68f5c9e556afd2b172d8.jpg,train,fall_armyworm,ccmt,CC BY 4.0,grp_e90523b1e35d1d4817d3f256,65bed99c72642be8f8996157820a7e1e6a3990673584a7e0689c3cae801a0213,55747,1,lossless_jpeg_metadata_strip_preserve_orientation_v2,,,
datasets/corn-field-pest-v2/train/grasshopper_unknown/img_282db77d20a957d31c44c3af.jpg,train,grasshopper_unknown,ccmt,CC BY 4.0,grp_a3441c50c1a4c74ebc31b493,5d70ec6bf003e40769da193c5bae6d6bca54466beac43d88e046a0d78188f25d,37039,1,lossless_jpeg_metadata_strip_preserve_orientation_v2,,,
datasets/corn-field-pest-v2/train/leaf_beetle_unknown/img_384150a9b914c6b79b58a9a0.jpg,train,leaf_beetle_unknown,ccmt,CC BY 4.0,grp_cc11313cec7c95e0280f02aa,4e631cb51853ce5ec53c34954019b144aada84e4ee72a08ce51b757e5acc25f5,22885,1,lossless_jpeg_metadata_strip_preserve_orientation_v2,,,
datasets/corn-field-pest-v2/train/leaf_beetle_unknown/img_1ebf4c0e3967e7ab97797df5.jpg,train,leaf_beetle_unknown,ccmt,CC BY 4.0,grp_33cac21f5d029e70b3d7c804,b1729687c5b0e1fe97fa5d53e5dcb1ec3f4bac111229775db95642eddb19fa85,29658,1,lossless_jpeg_metadata_strip_preserve_orientation_v2,,,
datasets/corn-field-pest-v2/val/grasshopper_unknown/img_27c1901f86d726276f66ba7c.jpg,val,grasshopper_unknown,ccmt,CC BY 4.0,grp_cf966ed857b93230bd81d45f,076ee2f88677faea98e78ecafc2baf871ac2510c313060d67d97a40fb8fd13b9,42552,1,lossless_jpeg_metadata_strip_preserve_orientation_v2,,,
datasets/corn-field-pest-v2/train/grasshopper_unknown/img_4c4ec3c87cbcf0d4f10efe83.jpg,train,grasshopper_unknown,ccmt,CC BY 4.0,grp_2fb96b32af8f4579a7b7a950,8b12471fbddabc699ae94bf55ea9871c2fdeb2b2ee219abf32801cd009bf0c57,48471,1,lossless_jpeg_metadata_strip_preserve_orientation_v2,,,
datasets/corn-field-pest-v2/train/leaf_beetle_unknown/img_1f0d130b0ba06314cf2b12e7.jpg,train,leaf_beetle_unknown,ccmt,CC BY 4.0,grp_080bf85e72e0b52f8518924c,8658aae076ba89eb75240ea60b1850f6bba6a3541e1be6d97c2992079b2069c9,26767,1,lossless_jpeg_metadata_strip_preserve_orientation_v2,,,
datasets/corn-field-pest-v2/train/fall_armyworm/img_645c8e97c1d70d006f25b617.jpg,train,fall_armyworm,ccmt,CC BY 4.0,grp_e6cc0804ff476026a48dd64b,cc81b20aecee87c11b45349ad88250d2fe8b5575dd71808a8c7332704b811ea3,46813,1,lossless_jpeg_metadata_strip_preserve_orientation_v2,,,
datasets/corn-field-pest-v2/train/healthy/img_f75806436e40b05e8a16e5cd.jpg,train,healthy,tom2024,CC BY 4.0,grp_9e7322b821a3a2ec8ccd1208,112c9a533b07465a46e4ab74048902cd6647eede61d03e15d18739901abce377,11228,1,lossless_jpeg_metadata_strip_preserve_orientation_v2,,,
datasets/corn-field-pest-v2/train/fall_armyworm/img_6442031e00b773fb84236bd2.jpg,train,fall_armyworm,ccmt,CC BY 4.0,grp_29213af3245c26e6d7616f4c,d270e7e406fb0711fc98000fe1487bd7bf8a1554b529a742b9f4fdab69f38703,60241,1,lossless_jpeg_metadata_strip_preserve_orientation_v2,,,
datasets/corn-field-pest-v2/train/fall_armyworm/img_524e77014b453d598a8a51c1.jpg,train,fall_armyworm,tom2024,CC BY 4.0,grp_cdeb1f602bf3d15b7ab8616c,1f4a5648e3b4d654fe75dc1f09dde4dd6ed8d550d2a50fb78fcee63dd42045a0,2779,1,lossless_jpeg_metadata_strip_preserve_orientation_v2,,,
datasets/corn-field-pest-v2/train/leaf_beetle_unknown/img_0632836f809a104224b88a09.jpg,train,leaf_beetle_unknown,ccmt,CC BY 4.0,grp_00c2b390f0577b2852a5f0b3,0db593759dad9186fd22b5ce5f7bca4593fe56a77972ada2ee33f0542612e503,23124,1,lossless_jpeg_metadata_strip_preserve_orientation_v2,,,
datasets/corn-field-pest-v2/train/healthy/img_b9e2600ae6818ae6a42a3f29.jpg,train,healthy,tom2024,CC BY 4.0,grp_5d747f1e315c0c5c56e04291,897ce6dace8a6f6dc549f16bd975883debf65b29c555d53f196dc04f00cd4d86,5138,1,lossless_jpeg_metadata_strip_preserve_orientation_v2,,,
datasets/corn-field-pest-v2/train/fall_armyworm/img_4b0549381e3e31f980448eb8.jpg,train,fall_armyworm,ccmt,CC BY 4.0,grp_37ec21a1a662f76dae8599ee,69a104765e0cf71b8d43e302ae95a3c227ca4f827b8cb37ece35f99d678236ca,42406,1,lossless_jpeg_metadata_strip_preserve_orientation_v2,,,
datasets/corn-field-pest-v2/train/fall_armyworm/img_3b763680ccdcb7f9f382643e.jpg,train,fall_armyworm,ccmt,CC BY 4.0,grp_1ac932b336bdb9273af704ae,0094aede1f3cc8bf0917909ab19e52d5d9468187bcc6041eef6905cdaa3c9386,68670,1,lossless_jpeg_metadata_strip_preserve_orientation_v2,,,
datasets/corn-field-pest-v2/val/leaf_beetle_unknown/img_b913fac0aed2867087025bee.jpg,val,leaf_beetle_unknown,ccmt,CC BY 4.0,grp_f9866a8ffbfa649ee037c167,1387f2dbe5a775f365318bfacd15797dd618607da6c15cda9fd3d422bcf6003d,33554,1,lossless_jpeg_metadata_strip_preserve_orientation_v2,,,
datasets/corn-field-pest-v2/train/fall_armyworm/img_a24df94997afdb9161f0981c.jpg,train,fall_armyworm,tom2024,CC BY 4.0,grp_a8344bad89dbb718758e53e5,8503bae6c7bf1e4ff3f0d03a6cdb1bb544335f36e64848d0af9189f11c507051,18591,1,lossless_jpeg_metadata_strip_preserve_orientation_v2,,,
datasets/corn-field-pest-v2/train/healthy/img_96845fdd423e8b549cff954d.jpg,train,healthy,ccmt,CC BY 4.0,grp_8dc041a336983656dfeb7d73,f890fae26a645386ca9ecd5a0fd8fe6547c08a1900f8b32a14b41fe885cbc106,49244,1,lossless_jpeg_metadata_strip_preserve_orientation_v2,,,
datasets/corn-field-pest-v2/train/grasshopper_unknown/img_0e13ed03faad5d612f60654a.jpg,train,grasshopper_unknown,ccmt,CC BY 4.0,grp_fbcd82aba74b758d0e5c762f,b666d98c358aa7acc19fe801ec65e18a2d1b0b910e704b5755f973e2ea91e919,38479,1,lossless_jpeg_metadata_strip_preserve_orientation_v2,,,
datasets/corn-field-pest-v2/train/leaf_beetle_unknown/img_d26e2c4518eeb985f4b5704d.jpg,train,leaf_beetle_unknown,ccmt,CC BY 4.0,grp_5bc29fa437a4729a32546bc7,8bdfe4944f3eab72f38ad2eeb0dc2a61394b63be8fb90f2050eaea915bc7aedd,44037,1,lossless_jpeg_metadata_strip_preserve_orientation_v2,,,
datasets/corn-field-pest-v2/val/leaf_beetle_unknown/img_d9a8382350eced540d46fba4.jpg,val,leaf_beetle_unknown,ccmt,CC BY 4.0,grp_90b400af7936ef4a1d1b90ba,e338b03eaef721c5a065c7c3b0a493e8f87e69d7b1309c967b66ac0d58531255,24014,1,lossless_jpeg_metadata_strip_preserve_orientation_v2,,,
datasets/corn-field-pest-v2/train/leaf_beetle_unknown/img_fb69c0e44da332cafe877cc8.jpg,train,leaf_beetle_unknown,ccmt,CC BY 4.0,grp_c42691717d45f75429d2b60c,472f556afd6a4c3bf71c7b012bea873012d8c356fd2fab26c1e3b3734a97713c,24379,1,lossless_jpeg_metadata_strip_preserve_orientation_v2,,,
datasets/corn-field-pest-v2/train/fall_armyworm/img_bb3b24cfb0504187d374310f.jpg,train,fall_armyworm,ccmt,CC BY 4.0,grp_57d604d5278644520bdaf132,a53e648889138d76ae26c1f299784984c8be020ff951739d729b094296b177f5,44104,1,lossless_jpeg_metadata_strip_preserve_orientation_v2,,,
datasets/corn-field-pest-v2/train/maize_aphid_unknown/img_5a97c8d99ee12050697608b8.jpg,train,maize_aphid_unknown,yeesi,CC BY 4.0,grp_e0eb53623cb7844c5dfe7994,c16bf9932aeb50cd92bda20a317bdf511f4fada3eb50e7f784900a149de0657e,2320650,1,lossless_jpeg_metadata_strip_preserve_orientation_v2,,,
datasets/corn-field-pest-v2/train/fall_armyworm/img_49c30787f1ffb8db18fcb375.jpg,train,fall_armyworm,ccmt,CC BY 4.0,grp_5f432da6a1b5c37ab1ee43ea,764613e6817c274836f5e5aaa747f417593eb4c1390f0ba8962f75b07f6e4c2c,44494,1,lossless_jpeg_metadata_strip_preserve_orientation_v2,,,
datasets/corn-field-pest-v2/train/fall_armyworm/img_2eb105112c75d7e5df700941.jpg,train,fall_armyworm,ccmt,CC BY 4.0,grp_de606bf8a877c6d146dd6a3a,50170d36aa6e35b23f1b0373ced014fd7c91c9aa1e9132220def60fd992c2f5f,41131,1,lossless_jpeg_metadata_strip_preserve_orientation_v2,,,
datasets/corn-field-pest-v2/val/fall_armyworm/img_c68ccff5c9b97ea87d792f39.jpg,val,fall_armyworm,ccmt,CC BY 4.0,grp_9177008583471765b56f397e,1b192418bf5688f80971a231bc5d8bef8ba7f4d35a8047d50071cec9ffefd812,53432,1,lossless_jpeg_metadata_strip_preserve_orientation_v2,,,
datasets/corn-field-pest-v2/train/maize_aphid_unknown/img_5d767944dc9610c283fe232b.jpg,train,maize_aphid_unknown,yeesi,CC BY 4.0,grp_ed471b353f4a6b148da3d189,ce59ded542126cb04ec292b1b8dd97955393624106965a2161f667fa07f4018e,4645057,1,lossless_jpeg_metadata_strip_preserve_orientation_v2,,,
datasets/corn-field-pest-v2/val/leaf_beetle_unknown/img_3506fb3d2ac88e83668ee273.jpg,val,leaf_beetle_unknown,ccmt,CC BY 4.0,grp_f3f5e5d2527b98a05c730b1f,40ac73ffec5e47eb19aeb3aa0387e6e6c5b18d5075d2f70ca495ac765be13461,25686,1,lossless_jpeg_metadata_strip_preserve_orientation_v2,,,
datasets/corn-field-pest-v2/train/leaf_beetle_unknown/img_4d23e1ff949cb57be9bd4d12.jpg,train,leaf_beetle_unknown,ccmt,CC BY 4.0,grp_d5e61220f959aa4621cf0d0a,05b8812f0d9fd9510c96958ba9a63b0db6ee243b9188b68bf09eb5a114bd2061,29497,1,lossless_jpeg_metadata_strip_preserve_orientation_v2,,,
datasets/corn-field-pest-v2/train/healthy/img_cd243697358933a3b186c35a.jpg,train,healthy,ccmt,CC BY 4.0,grp_db9d2b302c8d067a644b7d9d,336ea6745fb8b65f13131a54db94839f00c62c1dff60eafcb0363ff84d1abc78,49717,1,lossless_jpeg_metadata_strip_preserve_orientation_v2,,,
datasets/corn-field-pest-v2/val/grasshopper_unknown/img_c1aa4761f0fa3afb28a8e747.jpg,val,grasshopper_unknown,ccmt,CC BY 4.0,grp_af08cb1aa9f46440e2070fc7,0349d9d431bd3461d3bb24b2657f655f6f7997cf4acdcaebaf5cd64be01ee345,70263,1,lossless_jpeg_metadata_strip_preserve_orientation_v2,,,
datasets/corn-field-pest-v2/train/leaf_beetle_unknown/img_38e09b84928360d3afa61485.jpg,train,leaf_beetle_unknown,ccmt,CC BY 4.0,grp_13ab1734bc12f5523f03d21d,7db3ca90533bed3609d6ba4488db840fac9d85dd663e68bbefc899d4e6eaf157,23183,1,lossless_jpeg_metadata_strip_preserve_orientation_v2,,,
datasets/corn-field-pest-v2/val/fall_armyworm/img_dca8a049d26c5aca9f0b90e2.jpg,val,fall_armyworm,ccmt,CC BY 4.0,grp_b307c528fde2bc4c24547830,08eb2724d63ab7b159d09c505b5c5de7942917ddb61dca5a21ca16388d400362,61142,1,lossless_jpeg_metadata_strip_preserve_orientation_v2,,,
datasets/corn-field-pest-v2/train/leaf_beetle_unknown/img_0290e241df76a58d02844f3e.jpg,train,leaf_beetle_unknown,ccmt,CC BY 4.0,grp_c09391b20add06774a1136d2,78b758047b10286a7a09c684d41668f9c663f8282fa7f0e8d88c97f45e3eb4ed,28267,1,lossless_jpeg_metadata_strip_preserve_orientation_v2,,,
datasets/corn-field-pest-v2/val/leaf_beetle_unknown/img_3be0c4a14293c9c78fc24ff3.jpg,val,leaf_beetle_unknown,ccmt,CC BY 4.0,grp_595b4339cbd503391fdf4e26,395fa0e659db3ad44a6793d332c60a2cffb38203b649fca72a19c6452a0f11d5,25637,1,lossless_jpeg_metadata_strip_preserve_orientation_v2,,,
datasets/corn-field-pest-v2/train/leaf_beetle_unknown/img_995402df156f7ad8e8181ae6.jpg,train,leaf_beetle_unknown,ccmt,CC BY 4.0,grp_17d8083917653bd597c3ea91,5082dcbcee2e4ac082a71c5e8292d678360366d99e6f3f26c26a783c38b29df9,46917,1,lossless_jpeg_metadata_strip_preserve_orientation_v2,,,
datasets/corn-field-pest-v2/train/grasshopper_unknown/img_9a50b0dbdea7928e9881677c.jpg,train,grasshopper_unknown,ccmt,CC BY 4.0,grp_91f6a341a125e0d364334c43,38ca148ac0f52b2205d41722a43ebc9de978dcaf771f8c5f82a1f8c772b65281,53854,1,lossless_jpeg_metadata_strip_preserve_orientation_v2,,,
datasets/corn-field-pest-v2/train/fall_armyworm/img_003a80184173283fbf22b49d.jpg,train,fall_armyworm,tom2024,CC BY 4.0,grp_3b25b3bb9e37f80f4014be3a,653ce4ff0db22cbead9a8037479c0aac2bcdfb7c7c81484b6024736707e3bb54,13891,1,lossless_jpeg_metadata_strip_preserve_orientation_v2,,,
datasets/corn-field-pest-v2/val/fall_armyworm/img_c12c8629bcabd7e77ed85d47.jpg,val,fall_armyworm,tom2024,CC BY 4.0,grp_2114dc4d0e1667aaf8ceb018,99ba902e29ce53996cf6d0c13033c5058e9b2229a0d8d6be41f8afe938498cbe,7824,1,lossless_jpeg_metadata_strip_preserve_orientation_v2,,,
datasets/corn-field-pest-v2/val/grasshopper_unknown/img_1a6c8ed0d1fc1ef7046fa841.jpg,val,grasshopper_unknown,ccmt,CC BY 4.0,grp_c569ebcdd3c0e177622ea5e0,7c72b0c728f6d9a38eb7767e135145bbfb57b9134048bf269ad053e1928dd123,33687,1,lossless_jpeg_metadata_strip_preserve_orientation_v2,,,
datasets/corn-field-pest-v2/train/leaf_beetle_unknown/img_5cabc4ea711f0c024717904a.jpg,train,leaf_beetle_unknown,ccmt,CC BY 4.0,grp_738619374ddecf5bdfdaa4bc,7e95647fbfe50cacb868194cdb74fd589f49c1b1ed7847615aaff55f8bf60652,33067,1,lossless_jpeg_metadata_strip_preserve_orientation_v2,,,
datasets/corn-field-pest-v2/train/fall_armyworm/img_91933b80c527225ee44f52c3.jpg,train,fall_armyworm,ccmt,CC BY 4.0,grp_cfc8a87a42f34cb413a53c3b,9ee611c01975624f6ed68439ac958071e7437959f7caf1702f80ee4c4c3551e7,73473,1,lossless_jpeg_metadata_strip_preserve_orientation_v2,,,
datasets/corn-field-pest-v2/train/leaf_beetle_unknown/img_b9ac9aa7c284fa87af8e4d8c.jpg,train,leaf_beetle_unknown,ccmt,CC BY 4.0,grp_4cb84bfbd3226ca04650d1c3,3b380aec36aa049b2cc700955957d522c9b24ee3baddad966fa55279510c6657,29717,1,lossless_jpeg_metadata_strip_preserve_orientation_v2,,,
datasets/corn-field-pest-v2/train/fall_armyworm/img_f34b1981d5011c11fecc2059.jpg,train,fall_armyworm,tom2024,CC BY 4.0,grp_74aeba92d8c9f51901aedfe4,5c9e596b016fc5a3751791e25099cb8da9d94908829abc56b4f2d75b4fa90a60,6399,1,lossless_jpeg_metadata_strip_preserve_orientation_v2,,,
datasets/corn-field-pest-v2/train/grasshopper_unknown/img_181bc8f369517e3a755ee171.jpg,train,grasshopper_unknown,ccmt,CC BY 4.0,grp_b8782f4f2782bfe6aedba478,60b7b4950a575763a691bac7d073ae02a188e01b89be0e5043d4c5448b92273a,51549,1,lossless_jpeg_metadata_strip_preserve_orientation_v2,,,
datasets/corn-field-pest-v2/val/healthy/img_492e27ccf04072db3ac3f531.jpg,val,healthy,ccmt,CC BY 4.0,grp_45c6e5a6e682bca62c27b7a7,6a3d786829bf6a756aa01f88ae02f34486b4e93e9d864cef6597780239b2e665,47484,1,lossless_jpeg_metadata_strip_preserve_orientation_v2,,,
datasets/corn-field-pest-v2/train/leaf_beetle_unknown/img_d5e300c7f979fb8a70d56ae7.jpg,train,leaf_beetle_unknown,ccmt,CC BY 4.0,grp_873bd3f6d8cc0a41a716595c,1c1ec894d15696a39dc82b2eea4aa09c35428c498333cbee5a365cae3992bacf,37520,1,lossless_jpeg_metadata_strip_preserve_orientation_v2,,,
datasets/corn-field-pest-v2/train/grasshopper_unknown/img_330617bf627f1ff1da0d4410.jpg,train,grasshopper_unknown,ccmt,CC BY 4.0,grp_dc92fd9093c159ff0ff82f0b,246ef5cb0e913c5cf3c98510f99e59dc7a5f1f2211582df4c7a065fe7c24b478,55969,1,lossless_jpeg_metadata_strip_preserve_orientation_v2,,,
datasets/corn-field-pest-v2/train/fall_armyworm/img_bea59be1c468a72a1f974dda.jpg,train,fall_armyworm,tom2024,CC BY 4.0,grp_62428d0ffeb330de45a577f0,81538b226e7299ce8d0fb0a950911ffd7222ed9213876719a05165aff82c86b6,13379,1,lossless_jpeg_metadata_strip_preserve_orientation_v2,,,
datasets/corn-field-pest-v2/train/grasshopper_unknown/img_fab1e4af0b54b6e5ae1184d7.jpg,train,grasshopper_unknown,ccmt,CC BY 4.0,grp_4e80ee2893e0c39b32489294,58419f806f177f5e9190d2c5f0917e42fa9e13533897b458fda307f38d942d7a,22233,1,lossless_jpeg_metadata_strip_preserve_orientation_v2,,,
datasets/corn-field-pest-v2/train/fall_armyworm/img_37dec77d3e9bf5e413f2ddd5.jpg,train,fall_armyworm,tom2024,CC BY 4.0,grp_74a263b87bbbf43de351b424,8c4a9f30b3a060b165e56f2fe6de674cd9ffc88b8e6de9464193ed0eedb494cc,6808,1,lossless_jpeg_metadata_strip_preserve_orientation_v2,,,
datasets/corn-field-pest-v2/val/healthy/img_a316031c7af435c2455b3ed2.jpg,val,healthy,tom2024,CC BY 4.0,grp_5921cfae928640a203796a47,ae949251aa12442436f83eb36562efb459f46369b0deddc49361494b779c3e08,4705,1,lossless_jpeg_metadata_strip_preserve_orientation_v2,,,
datasets/corn-field-pest-v2/train/fall_armyworm/img_6d2e463c49b0a5c9fab7a420.jpg,train,fall_armyworm,ccmt,CC BY 4.0,grp_39cda13389d15059c5249e6f,39cd462392eaae33f1a586ccf2e4e01cdd66dd5f8b66acfd0f1487017b58b853,38758,1,lossless_jpeg_metadata_strip_preserve_orientation_v2,,,
datasets/corn-field-pest-v2/train/leaf_beetle_unknown/img_4b0427f210e3b973a33bf250.jpg,train,leaf_beetle_unknown,ccmt,CC BY 4.0,grp_58ea6c496f0e4b111eade8d9,ad4f4282848e0fed3e86163c3456638dc5bb40e63c30b663d2b29e09e75e70db,30596,1,lossless_jpeg_metadata_strip_preserve_orientation_v2,,,
datasets/corn-field-pest-v2/train/grasshopper_unknown/img_b5edcd789b2a62e644c34b60.jpg,train,grasshopper_unknown,ccmt,CC BY 4.0,grp_72d39cc4e5c732bef091e21b,9a4e31419fb30a06a1b7bc6552039ed89f9fe8ad273a34e979a2f6e3261103a7,30993,1,lossless_jpeg_metadata_strip_preserve_orientation_v2,,,
datasets/corn-field-pest-v2/val/healthy/img_1477358bd127aee89e5572ab.jpg,val,healthy,tom2024,CC BY 4.0,grp_5921cfae928640a203796a47,ac8bf8fe1e37a58fff9715d3a4fff2b3696f7a8138517d35f386fc99d1e834e2,3988,1,lossless_jpeg_metadata_strip_preserve_orientation_v2,,,
datasets/corn-field-pest-v2/train/leaf_beetle_unknown/img_998d0e2c0b992d4b79eb64e2.jpg,train,leaf_beetle_unknown,ccmt,CC BY 4.0,grp_2882ad2eaf83a42859d3811d,6763c66728ca5b21d503589cd447166423c1cadee2bddd7ac9cda3a31a4f619c,39032,1,lossless_jpeg_metadata_strip_preserve_orientation_v2,,,
datasets/corn-field-pest-v2/train/leaf_beetle_unknown/img_e015633a16a4c68a3c67f9e7.jpg,train,leaf_beetle_unknown,ccmt,CC BY 4.0,grp_2896737bb8b18c96a9dde74f,4eeba43e859d05a5a30fd234ffe4bfb4c9e9a3b50e50a254b83301186244fa55,25548,1,lossless_jpeg_metadata_strip_preserve_orientation_v2,,,
datasets/corn-field-pest-v2/train/fall_armyworm/img_5e3e9662e097a73159455850.jpg,train,fall_armyworm,ccmt,CC BY 4.0,grp_13797811c3cc058d3c2b2ecf,37502d4d82499fde9a4c3b257c336ec46045c3d3e968802d67aa78f06c0ad126,42008,1,lossless_jpeg_metadata_strip_preserve_orientation_v2,,,
datasets/corn-field-pest-v2/val/grasshopper_unknown/img_6428844412816f943ed64e00.jpg,val,grasshopper_unknown,ccmt,CC BY 4.0,grp_875fcb6698671d214710483c,866964e3fad5519c8e6b8c070eadde0c85b2c48d40f771ec85dadc126bb49be2,42643,1,lossless_jpeg_metadata_strip_preserve_orientation_v2,,,
datasets/corn-field-pest-v2/train/leaf_beetle_unknown/img_13f5f55bb7ef61ec41985538.jpg,train,leaf_beetle_unknown,ccmt,CC BY 4.0,grp_494f97b032bd3ae26ca943dc,43cacbc846bbf1cbd052078bdfc7ed6436c6f8a287acf7105aeb3c5c2d4b64d3,48018,1,lossless_jpeg_metadata_strip_preserve_orientation_v2,,,
datasets/corn-field-pest-v2/train/fall_armyworm/img_54d3880ea7419c8b2c84fea4.jpg,train,fall_armyworm,ccmt,CC BY 4.0,grp_eae653e91be207375204598a,bdb61abdfe0b7c5ae654656a577a3d74e034f66501a21d28abdd4877cee1c784,57168,1,lossless_jpeg_metadata_strip_preserve_orientation_v2,,,
datasets/corn-field-pest-v2/train/healthy/img_6f60ebd35d4ebe8c98716574.jpg,train,healthy,tom2024,CC BY 4.0,grp_ee1f30855c3d89342468b16f,553fea355e4cf78cb993ae647c0d15169e655e98b21490572e5fe6332fb51565,7490,1,lossless_jpeg_metadata_strip_preserve_orientation_v2,,,
datasets/corn-field-pest-v2/train/healthy/img_b1a168a356bb2cc6e696f05a.jpg,train,healthy,ccmt,CC BY 4.0,grp_53cc33edb0b4166ffd7373ad,309eba31e023b644fa2cd38d94113d997c73e9afe6fa648cb7196fa4ffbbfa83,49797,1,lossless_jpeg_metadata_strip_preserve_orientation_v2,,,
datasets/corn-field-pest-v2/train/grasshopper_unknown/img_d5ef54ffbc68cfd3b6ff4433.jpg,train,grasshopper_unknown,ccmt,CC BY 4.0,grp_46bed623967e230ccd651635,f6e0bd414baddab8e6609f8e61109bf998a50c1c64d27d8a8d4b8781a7e82f65,42175,1,lossless_jpeg_metadata_strip_preserve_orientation_v2,,,
datasets/corn-field-pest-v2/train/fall_armyworm/img_909a735c9b53084ae642a5f1.jpg,train,fall_armyworm,tom2024,CC BY 4.0,grp_0f29b8911f3019eadda90db2,3c0f6e81fe30ca103e11374ae775f8dc021bcdbc2fa9aadc58e85c10acd72b99,3425,1,lossless_jpeg_metadata_strip_preserve_orientation_v2,,,
datasets/corn-field-pest-v2/train/healthy/img_95d6edce8e400f0e7a7acb84.jpg,train,healthy,ccmt,CC BY 4.0,grp_14b87dbf96b4879157742074,1e58392e0b83de01b2b39b4467a56a69ac49a21bf40ada721e2507f4901b922a,44620,1,lossless_jpeg_metadata_strip_preserve_orientation_v2,,,
datasets/corn-field-pest-v2/train/leaf_beetle_unknown/img_92265b77e2e7eac864ffb031.jpg,train,leaf_beetle_unknown,ccmt,CC BY 4.0,grp_a0e79783ce5b06088011de05,013b7c2fdf5eca99116c6db44b542e6119ca70c1acb5b7b0844aa7884ec728d2,27046,1,lossless_jpeg_metadata_strip_preserve_orientation_v2,,,
datasets/corn-field-pest-v2/train/grasshopper_unknown/img_fb79104b5ac3ca236bec13a6.jpg,train,grasshopper_unknown,ccmt,CC BY 4.0,grp_355fb6a49a4bd05d0c952fe1,47d47236d31a3158109404284c9136c1cd34e23ee84a578fe83812fe5e71aae4,88007,1,lossless_jpeg_metadata_strip_preserve_orientation_v2,,,
datasets/corn-field-pest-v2/val/leaf_beetle_unknown/img_cc61f60fad8d9e3a3878d46e.jpg,val,leaf_beetle_unknown,ccmt,CC BY 4.0,grp_c5931e3bf94bda26d7e51a1e,43e510e1dc8008e0d37d0d6d3e1c6d07dc5481905eb344282f89484e2bc9e922,42737,1,lossless_jpeg_metadata_strip_preserve_orientation_v2,,,
datasets/corn-field-pest-v2/train/grasshopper_unknown/img_d68756a578b374a4ff5d87b2.jpg,train,grasshopper_unknown,ccmt,CC BY 4.0,grp_986ad94ee1f285389e2a49bf,c8f5dfb4ff0312fd18b827a160399f6e53f7ac541a922cb4a7d1be048059aa78,43939,1,lossless_jpeg_metadata_strip_preserve_orientation_v2,,,
datasets/corn-field-pest-v2/train/leaf_beetle_unknown/img_872241924d246d6697a55ad7.jpg,train,leaf_beetle_unknown,ccmt,CC BY 4.0,grp_c31ada7dd46692c01ea9d2c8,6915b0fc83874b8c4f45ed98a871462cba5525d3b7a315478d94e2c52faba9f9,26740,1,lossless_jpeg_metadata_strip_preserve_orientation_v2,,,
datasets/corn-field-pest-v2/train/healthy/img_f4db36474703b4f282226dce.jpg,train,healthy,ccmt,CC BY 4.0,grp_fa76ed6597e4357a2ac47dfe,0f30ab30c4d85f71927bbfbbe9f67ca019ed468caf407c47eb226cbd5bb80731,40276,1,lossless_jpeg_metadata_strip_preserve_orientation_v2,,,
datasets/corn-field-pest-v2/train/leaf_beetle_unknown/img_c26243385956a6a965d628ee.jpg,train,leaf_beetle_unknown,ccmt,CC BY 4.0,grp_f72e82745997566e6d873ff9,ffd946be17929d485009e1c4e3dcfac0eb794e6cf36f021d954db7a101ab5ac0,36431,1,lossless_jpeg_metadata_strip_preserve_orientation_v2,,,
datasets/corn-field-pest-v2/train/fall_armyworm/img_cd8b46783ea1ad745d2bbdbb.jpg,train,fall_armyworm,tom2024,CC BY 4.0,grp_292ed6d85adf87edd7364a1d,d8ae253096d19e5bd3422e2fba61bb4a0577afabdcddc3f55eb7668bfd9ff5f0,3885,1,lossless_jpeg_metadata_strip_preserve_orientation_v2,,,
datasets/corn-field-pest-v2/train/fall_armyworm/img_6347127d3434c2f7c5e1ea80.jpg,train,fall_armyworm,ccmt,CC BY 4.0,grp_4b6aa23553632519a0551f26,7c01566b6a5680e75d3a38bc73fa76bf65d8c5b64060e37701a15344f5e4fed0,44632,1,lossless_jpeg_metadata_strip_preserve_orientation_v2,,,
datasets/corn-field-pest-v2/train/leaf_beetle_unknown/img_50f4f2ee6ae376cf74661535.jpg,train,leaf_beetle_unknown,ccmt,CC BY 4.0,grp_c01b5f07bdee26fea365d867,8c04c26665a25ffe1e2b2a8eae0e6166e8f65415cda7a1fbadcc89c6262d9f10,58842,1,lossless_jpeg_metadata_strip_preserve_orientation_v2,,,
datasets/corn-field-pest-v2/train/leaf_beetle_unknown/img_70716bf690caa839da9836e7.jpg,train,leaf_beetle_unknown,ccmt,CC BY 4.0,grp_84498b832990b4d13b00b4f0,0253a3d796e96887081c5a5a726808e995fd0e9ad34e5a61a5d194e16a3361d1,29619,1,lossless_jpeg_metadata_strip_preserve_orientation_v2,,,
datasets/corn-field-pest-v2/train/grasshopper_unknown/img_df865cdebe162d4345eb3c37.jpg,train,grasshopper_unknown,ccmt,CC BY 4.0,grp_d35c607c73d40f46789a67d6,ae3c250b6372368236e85ca762ed82ac70a3de01996b47abe46c3c4218142b12,26125,1,lossless_jpeg_metadata_strip_preserve_orientation_v2,,,
datasets/corn-field-pest-v2/val/grasshopper_unknown/img_4052a46b371cc5beacbca348.jpg,val,grasshopper_unknown,ccmt,CC BY 4.0,grp_ffaa97060d3823d991726318,6829b6ed487356868b11beca999189f3f4dafb0cde35ed6c64682337fb5aecfa,51527,1,lossless_jpeg_metadata_strip_preserve_orientation_v2,,,
datasets/corn-field-pest-v2/train/grasshopper_unknown/img_849612e39cb5102beacf261d.jpg,train,grasshopper_unknown,ccmt,CC BY 4.0,grp_896085c3780d13bb5e1daf62,1b1daddae05cda012e3a04fc18cbca8e5c5c683b9ca70ffbca696fbe07c99326,46620,1,lossless_jpeg_metadata_strip_preserve_orientation_v2,,,
datasets/corn-field-pest-v2/train/grasshopper_unknown/img_be2c505914d5047247b9268a.jpg,train,grasshopper_unknown,ccmt,CC BY 4.0,grp_d8f965d978a89a1880e91066,b1e6d3f56b64eb8ce11afbcc2c130a2db4a9d9fbff651d6acb342180bfdd2dc7,26779,1,lossless_jpeg_metadata_strip_preserve_orientation_v2,,,
datasets/corn-field-pest-v2/train/leaf_beetle_unknown/img_7c071f2dc2cea405d53debdb.jpg,train,leaf_beetle_unknown,ccmt,CC BY 4.0,grp_25962c3b49cd7fc93819769f,e4c01a7bd30d9158faa092d92f3ee12d08d5e61fb9d27fe0f669094de0ed065b,36919,1,lossless_jpeg_metadata_strip_preserve_orientation_v2,,,
datasets/corn-field-pest-v2/train/grasshopper_unknown/img_d618ee17e308546734bb8041.jpg,train,grasshopper_unknown,ccmt,CC BY 4.0,grp_eeae9b0964edbb3991220294,85bd5a965fe556429cc909385e8579b1ee5f1498dedd1affc071e0a1cee994ff,36131,1,lossless_jpeg_metadata_strip_preserve_orientation_v2,,,
datasets/corn-field-pest-v2/train/healthy/img_471e4f3358af074e16835ae6.jpg,train,healthy,tom2024,CC BY 4.0,grp_db68710c211dfc9da8a9fd17,40d56a7b8c0c1e313c1481b413347a049e9955938a9adc7bb2fe05e3aa4a783e,9102,1,lossless_jpeg_metadata_strip_preserve_orientation_v2,,,
datasets/corn-field-pest-v2/train/grasshopper_unknown/img_5dee244f39d7dd8a15a1de27.jpg,train,grasshopper_unknown,ccmt,CC BY 4.0,grp_e1278f4c7d1b4e312c1aea3e,9d5320740b449f709680a82444c6dd67c327b748d7e24426bcddf57a96ba5bed,56206,1,lossless_jpeg_metadata_strip_preserve_orientation_v2,,,
datasets/corn-field-pest-v2/train/healthy/img_4538d7feaf61042680590fcf.jpg,train,healthy,tom2024,CC BY 4.0,grp_09bec0b212de99541e90d2c5,6a24d7e472ed5f3ee7dec58b07bc207bb462c0141b12c1a4bd131342219c40e9,5217,1,lossless_jpeg_metadata_strip_preserve_orientation_v2,,,
datasets/corn-field-pest-v2/train/grasshopper_unknown/img_3f2415747532aa23ad6a9873.jpg,train,grasshopper_unknown,ccmt,CC BY 4.0,grp_1df8296a36aa25e7499028aa,dd11ce7f284be4ecb5729370170023760d25258fa1e9f783783c40005e94bc8a,38287,1,lossless_jpeg_metadata_strip_preserve_orientation_v2,,,
datasets/corn-field-pest-v2/val/healthy/img_3862044263b2fac8f2d7e9e2.jpg,val,healthy,tom2024,CC BY 4.0,grp_f780b8fd9ab55da1fb682447,bf1ac3966e2ba777f2e7b3f35d5accb1560d36dceb1bdc875ab41127503b9730,5093,1,lossless_jpeg_metadata_strip_preserve_orientation_v2,,,
datasets/corn-field-pest-v2/train/grasshopper_unknown/img_ab659df801dee97a8de83407.jpg,train,grasshopper_unknown,ccmt,CC BY 4.0,grp_dd739dfe0e2599762f11b7a1,1030f44e301fba1888750d08f32da043c284ed9eb7dad4fb1ced957e02a033e3,31972,1,lossless_jpeg_metadata_strip_preserve_orientation_v2,,,
datasets/corn-field-pest-v2/train/leaf_beetle_unknown/img_cc1a664c9bb2926bfe39c74c.jpg,train,leaf_beetle_unknown,ccmt,CC BY 4.0,grp_65c9ba28680bcc8f9d7c046f,d95aee48bbd8115e244df6044dfe389a9a736082472926484bd86967dc0c5e12,28347,1,lossless_jpeg_metadata_strip_preserve_orientation_v2,,,
datasets/corn-field-pest-v2/train/fall_armyworm/img_97ec1dd3fffc64345aab1570.jpg,train,fall_armyworm,ccmt,CC BY 4.0,grp_764234ff4e0ce318bc50db37,0f79859cc1ecd9deafd41333cf51e4bb3696d7733fc9a4d924b52a67bee0b418,55977,1,lossless_jpeg_metadata_strip_preserve_orientation_v2,,,
datasets/corn-field-pest-v2/val/grasshopper_unknown/img_8d7456402b019a4aa5347d6a.jpg,val,grasshopper_unknown,ccmt,CC BY 4.0,grp_8e49e1e4de05cec92e7e346b,8767dc12248260f189d4237b6da1a59e8478b3d469c9539d1a7513fe6950e125,86980,1,lossless_jpeg_metadata_strip_preserve_orientation_v2,,,
datasets/corn-field-pest-v2/val/healthy/img_5747e11002e5c3afa23fb396.jpg,val,healthy,ccmt,CC BY 4.0,grp_06df4531f0d32e9f3c921ace,da55b514f6ae5fd2cef8053ce9f8c313813adf94f7361f8254db9d4f509ccbae,40173,1,lossless_jpeg_metadata_strip_preserve_orientation_v2,,,
datasets/corn-field-pest-v2/val/leaf_beetle_unknown/img_a07ffd27953a159a4b2fe300.jpg,val,leaf_beetle_unknown,ccmt,CC BY 4.0,grp_656ffb8a0e2ceb760aea7a22,1bc8617a1c39b54db4b60fce9184375626b81ee31e230862fb0131a919510fb5,37191,1,lossless_jpeg_metadata_strip_preserve_orientation_v2,,,
datasets/corn-field-pest-v2/train/healthy/img_346aba398c0accbac685109d.jpg,train,healthy,ccmt,CC BY 4.0,grp_6060cb49bab8f0740e39d20c,16acef939a4901156b2cc85a23fdc2e29792a4bdf7776b55e0869833ef6aebee,45998,1,lossless_jpeg_metadata_strip_preserve_orientation_v2,,,
datasets/corn-field-pest-v2/train/leaf_beetle_unknown/img_975b0f505b268b3883caa0e5.jpg,train,leaf_beetle_unknown,ccmt,CC BY 4.0,grp_c38ab5c1fe5d629bf8ea651b,4bf4571010a1b2f160c280ba0ec3ec155807b3504a7fef3d366687158db46c56,29605,1,lossless_jpeg_metadata_strip_preserve_orientation_v2,,,
datasets/corn-field-pest-v2/train/fall_armyworm/img_69acdacd90c8c552be602436.jpg,train,fall_armyworm,ccmt,CC BY 4.0,grp_6408058be2811d5a4a26d522,e4c2381682675426a7cc56276cab487139d699165f0b02240b4a0314b515b653,46715,1,lossless_jpeg_metadata_strip_preserve_orientation_v2,,,
datasets/corn-field-pest-v2/train/leaf_beetle_unknown/img_2e4619926b2d90fd34607c4d.jpg,train,leaf_beetle_unknown,ccmt,CC BY 4.0,grp_1395bd572a61fcb2a2ff0087,943553ab981334cd9bab687f0f4c2c1f853851e3cca2947b121702fdae829303,20856,1,lossless_jpeg_metadata_strip_preserve_orientation_v2,,,
datasets/corn-field-pest-v2/train/grasshopper_unknown/img_ca6db0fd909dc4c20e64a6e2.jpg,train,grasshopper_unknown,ccmt,CC BY 4.0,grp_f96fc60dc265ab09a43ae71c,68fd9d72b1d4b95f7a79befd36eeb89f9c9c699adc0ef283b6c39e8b3610c56c,22480,1,lossless_jpeg_metadata_strip_preserve_orientation_v2,,,
datasets/corn-field-pest-v2/val/leaf_beetle_unknown/img_9cc874934542df27bdf0c3dc.jpg,val,leaf_beetle_unknown,ccmt,CC BY 4.0,grp_c5931e3bf94bda26d7e51a1e,9f5a1757824c8a309bed7a3802941a324eedc5536ff84932bc2cf10958986115,24841,1,lossless_jpeg_metadata_strip_preserve_orientation_v2,,,
datasets/corn-field-pest-v2/train/grasshopper_unknown/img_6860788dd4f55af16cf73098.jpg,train,grasshopper_unknown,ccmt,CC BY 4.0,grp_323dc40ad1ec91301104a441,876d5ab63359edc4f47095eb62f948124d5a0fa1c5d4c13fb7b0bf8eb14b05c3,33994,1,lossless_jpeg_metadata_strip_preserve_orientation_v2,,,
datasets/corn-field-pest-v2/train/grasshopper_unknown/img_f77ea42a5347a05766662237.jpg,train,grasshopper_unknown,ccmt,CC BY 4.0,grp_bc5b4bfd859da5c7740829b5,ffa12757e50bfcf6fb88a7938ee82bffa6ebc5b3df69f2a01bd1c2cecd7d8c59,38521,1,lossless_jpeg_metadata_strip_preserve_orientation_v2,,,
datasets/corn-field-pest-v2/train/leaf_beetle_unknown/img_ced90aee4cff9144d293d5fe.jpg,train,leaf_beetle_unknown,ccmt,CC BY 4.0,grp_5ba2324e2a619b8c39499d7e,ef927c48c332d801a7514e2c0cba88cf269b397451d8b0853ce049035e12814e,22210,1,lossless_jpeg_metadata_strip_preserve_orientation_v2,,,
datasets/corn-field-pest-v2/train/fall_armyworm/img_57f0d3a6d45c31c26be89b91.jpg,train,fall_armyworm,tom2024,CC BY 4.0,grp_fab43c5bf7a92e0d20d4e2da,28c1babcd9c5c33a2d5880a9d3de948f071c9f3b00b7caed6714f3e5207d725d,5713,1,lossless_jpeg_metadata_strip_preserve_orientation_v2,,,
datasets/corn-field-pest-v2/train/leaf_beetle_unknown/img_9660bce11b9481ad26fa4ddd.jpg,train,leaf_beetle_unknown,ccmt,CC BY 4.0,grp_24a02806098d4615be19da63,e1401a6da581ea242ac77f951896366da00117fa5f3851902564daad81ff8699,27623,1,lossless_jpeg_metadata_strip_preserve_orientation_v2,,,
datasets/corn-field-pest-v2/train/leaf_beetle_unknown/img_aab9a7ad9c9f23c5d98bf41e.jpg,train,leaf_beetle_unknown,ccmt,CC BY 4.0,grp_70ec06061b4f312225bcdec4,086c4e69bdb63bf109fa719a3dd1ba456525acb1af36a6ad4163ca48c7e01d30,47414,1,lossless_jpeg_metadata_strip_preserve_orientation_v2,,,
datasets/corn-field-pest-v2/train/healthy/img_79070c586e76cbd979147b48.jpg,train,healthy,ccmt,CC BY 4.0,grp_1836e39ade65b589b6b272c0,8758433dbb1a3245d9e07366bb970245f0b2627118180267ff0cc770395fc8d7,47532,1,lossless_jpeg_metadata_strip_preserve_orientation_v2,,,
datasets/corn-field-pest-v2/val/fall_armyworm/img_65a43e4cdaea28f06c5dcbf4.jpg,val,fall_armyworm,tom2024,CC BY 4.0,grp_f5b5cde4e3adcc49b953f89e,b76d1d1c81f9872a2aa01dbd7b5f61d0f7bc14c66e3b7e09951b9fbd01153506,11134,1,lossless_jpeg_metadata_strip_preserve_orientation_v2,,,
datasets/corn-field-pest-v2/train/healthy/img_a905d375ef16f2a6d375f3e3.jpg,train,healthy,tom2024,CC BY 4.0,grp_0868538f7db2df1f9e409be7,891c790249af6e78c9c485bb70ea6713b311a29d644c07b373eaa314108a8929,6003,1,lossless_jpeg_metadata_strip_preserve_orientation_v2,,,
datasets/corn-field-pest-v2/train/leaf_beetle_unknown/img_f606139c9462760a05b59a84.jpg,train,leaf_beetle_unknown,ccmt,CC BY 4.0,grp_6bdb87fc9e7b7d76b2191af0,53edbc515436493d25e63f7c07a5efe6609987ea309fcf846f3908bf3fa35a76,39976,1,lossless_jpeg_metadata_strip_preserve_orientation_v2,,,
datasets/corn-field-pest-v2/train/leaf_beetle_unknown/img_5a99527607962d44c436dfb2.jpg,train,leaf_beetle_unknown,ccmt,CC BY 4.0,grp_15d53734e75ad85466a77c31,c88c6b4a23827396d715d7fedec21f5b9cc35437a737438bc1a868d097555727,30422,1,lossless_jpeg_metadata_strip_preserve_orientation_v2,,,
datasets/corn-field-pest-v2/train/healthy/img_5a7b1b4aec159e802bf73264.jpg,train,healthy,tom2024,CC BY 4.0,grp_b89fee3561f82dec821fe449,b619da8b5d70a6657744bac87b60768ec7d5234ce6c1952632f8dc0af36453ba,20676,1,lossless_jpeg_metadata_strip_preserve_orientation_v2,,,
datasets/corn-field-pest-v2/train/leaf_beetle_unknown/img_cafb309beeb1b27e1217135c.jpg,train,leaf_beetle_unknown,ccmt,CC BY 4.0,grp_b2aca3ae5936feeb098ebe5d,abad87222bbcd7674674658699c49bd8ba59c107fcbe72b29d414087553dd5e3,27308,1,lossless_jpeg_metadata_strip_preserve_orientation_v2,,,
datasets/corn-field-pest-v2/train/grasshopper_unknown/img_ba4689f52eedda0b4853300f.jpg,train,grasshopper_unknown,ccmt,CC BY 4.0,grp_01844b2b06de4a0f6533e008,bf08dfd8f19812944de55c54ccdbbc6e5ef8d67e724989dff58b336ae3acd9e4,43703,1,lossless_jpeg_metadata_strip_preserve_orientation_v2,,,
datasets/corn-field-pest-v2/train/leaf_beetle_unknown/img_dac301b6cc7bd51da0a67800.jpg,train,leaf_beetle_unknown,ccmt,CC BY 4.0,grp_366b6b37e7cee7e5942b965f,e48188d1d491c45a94689ddbeb0206e20841b99b14b276d9ddaf6136cf68628f,26652,1,lossless_jpeg_metadata_strip_preserve_orientation_v2,,,
datasets/corn-field-pest-v2/train/fall_armyworm/img_de8a85f8c64a87e1ff7c3039.jpg,train,fall_armyworm,tom2024,CC BY 4.0,grp_21ffe93ea21aeb449c2b17c9,3c77227a9de7a2d3f9e556b6a39b8bc0a70146b91e12099f219bf72969cc02a0,4284,1,lossless_jpeg_metadata_strip_preserve_orientation_v2,,,
datasets/corn-field-pest-v2/train/leaf_beetle_unknown/img_64e50eadc7ab2b24f68b76c9.jpg,train,leaf_beetle_unknown,ccmt,CC BY 4.0,grp_c8521f1f88913338a4138e9d,1aad81b0828042027909581206571f6775c5ffcbf98cda4c981ef74dee5138a2,32986,1,lossless_jpeg_metadata_strip_preserve_orientation_v2,,,
datasets/corn-field-pest-v2/train/fall_armyworm/img_ff8e9d0f49b67da2e1edbcbd.jpg,train,fall_armyworm,ccmt,CC BY 4.0,grp_1a9daac4f45ba221c97aa24a,ff29bcc4eaf1a67af2d9fd356d6f374bc7124ac4c8cc0030fa17d480b16936e5,60793,1,lossless_jpeg_metadata_strip_preserve_orientation_v2,,,
datasets/corn-field-pest-v2/train/leaf_beetle_unknown/img_4b5ab080b9dab99518f6d507.jpg,train,leaf_beetle_unknown,ccmt,CC BY 4.0,grp_ab555025230f0f0d5668dcaa,d2eb217b6bff49fb86ad51ff2eda5bf79bcff5c9702ac7c0ff51ac64722e79b1,26065,1,lossless_jpeg_metadata_strip_preserve_orientation_v2,,,
datasets/corn-field-pest-v2/train/healthy/img_42226c90197a404b8ba8c7bc.jpg,train,healthy,tom2024,CC BY 4.0,grp_18422667c2604ee1e82c079e,76207ea3e76ac9843d8bbf10c33242cab48bd81d1656a2065f4606f943585284,2996,1,lossless_jpeg_metadata_strip_preserve_orientation_v2,,,
datasets/corn-field-pest-v2/train/grasshopper_unknown/img_64e7b21ce1449427dc833be8.jpg,train,grasshopper_unknown,ccmt,CC BY 4.0,grp_4bfb215a33c02733d401894f,4f488606d5c60eba0f2533acdbfd87934f75c26fac29447f191790827632c80d,29936,1,lossless_jpeg_metadata_strip_preserve_orientation_v2,,,
datasets/corn-field-pest-v2/val/leaf_beetle_unknown/img_cba1e0e82717668465403e7f.jpg,val,leaf_beetle_unknown,ccmt,CC BY 4.0,grp_1b65bf81fc10a5be8f65bb26,4e3a4c39935685e442575abf569555fae66b228281ceccbcc787c3606892ff0c,35829,1,lossless_jpeg_metadata_strip_preserve_orientation_v2,,,
datasets/corn-field-pest-v2/train/leaf_beetle_unknown/img_676191789f3af2da48263fb0.jpg,train,leaf_beetle_unknown,ccmt,CC BY 4.0,grp_7a4f963387f800b43bd8a08b,7cd04f3b03becb240b76a37cb0dc5a468a7c984f3ff90f898b8755d0d148ab0d,34073,1,lossless_jpeg_metadata_strip_preserve_orientation_v2,,,
datasets/corn-field-pest-v2/train/fall_armyworm/img_b29bbf53e902c0d5ffb413df.jpg,train,fall_armyworm,ccmt,CC BY 4.0,grp_26d39ce045d6fd49d6ee2734,e93ebb3150526aa3413c369a0af8b5ddd24d1dd104d5435f7fd8e460fd1a0be9,63053,1,lossless_jpeg_metadata_strip_preserve_orientation_v2,,,
datasets/corn-field-pest-v2/train/maize_aphid_unknown/img_c6ef11438436276f92d26ad1.jpg,train,maize_aphid_unknown,yeesi,CC BY 4.0,grp_c868b4d8ef23ec34bfbe6703,56341fc3abaca3334917c39f8bc83f65404c2dc9f9eaf13c492615c76518bbae,4404810,1,lossless_jpeg_metadata_strip_preserve_orientation_v2,,,
datasets/corn-field-pest-v2/train/leaf_beetle_unknown/img_d841c82be9045be99f2c0265.jpg,train,leaf_beetle_unknown,ccmt,CC BY 4.0,grp_edc84e6178e360c43c2fa508,59a7a764265e1a8b4894a64e4950bff4b94b91d8b45d53cfeb2643b41561e1d7,29410,1,lossless_jpeg_metadata_strip_preserve_orientation_v2,,,
datasets/corn-field-pest-v2/train/healthy/img_29c7f213fb4b08bbdd8b7cc2.jpg,train,healthy,ccmt,CC BY 4.0,grp_3384198082d1a713aa70b322,95ead0f379570246acd58a7d08f280dace97c9d9fcaa5c8d0f1b0147e5d0778d,61771,1,lossless_jpeg_metadata_strip_preserve_orientation_v2,,,
datasets/corn-field-pest-v2/train/fall_armyworm/img_5b6ad33a4b5d701fa71a933b.jpg,train,fall_armyworm,tom2024,CC BY 4.0,grp_565179e401e0985f463e2209,42e1c214629d83bd61a07967c29eae53bc54e4e67e0d0e3e644431a52fc94b98,4792,1,lossless_jpeg_metadata_strip_preserve_orientation_v2,,,
datasets/corn-field-pest-v2/train/healthy/img_86f240bc8a7e0c322da568a2.jpg,train,healthy,ccmt,CC BY 4.0,grp_6380be8fc2e3bebfc8efdea4,ba4a59f2ad001eca9d16933acde6032c27ea675fb99b1bd1e354c28ccf2d3bc7,52618,1,lossless_jpeg_metadata_strip_preserve_orientation_v2,,,
datasets/corn-field-pest-v2/train/leaf_beetle_unknown/img_5bcf7c7790f7dc6e9675890d.jpg,train,leaf_beetle_unknown,ccmt,CC BY 4.0,grp_3445256ca803e0ea623454d2,071b428aadfcc45a834774b21d51181ca952415c2f3e5f0ad28ce25009e0ab0e,44037,1,lossless_jpeg_metadata_strip_preserve_orientation_v2,,,
datasets/corn-field-pest-v2/val/healthy/img_92f97ed706be697aed754fbb.jpg,val,healthy,tom2024,CC BY 4.0,grp_4e639e57bdaa518083df6e44,0abf7db33c6c09a123e212f337061ee754738b538601fd87cf6f559071a70a0b,6530,1,lossless_jpeg_metadata_strip_preserve_orientation_v2,,,
datasets/corn-field-pest-v2/train/maize_aphid_unknown/img_0ae0a97d97e18fe52db529b2.jpg,train,maize_aphid_unknown,yeesi,CC BY 4.0,grp_f29ddf78d40f1505d1a47f44,f72851296cd053f855f706bfc64ce6c83e5494b96b646c8917df38e1bb874f5d,4510302,1,lossless_jpeg_metadata_strip_preserve_orientation_v2,,,
datasets/corn-field-pest-v2/train/fall_armyworm/img_4d87d1a9838ee5568402f430.jpg,train,fall_armyworm,ccmt,CC BY 4.0,grp_d6ee2b32a14c0043cf5e87b6,b3141774916d90def66527136c258636fff0007a198954dae6a7544d01caf5ad,30297,1,lossless_jpeg_metadata_strip_preserve_orientation_v2,,,
datasets/corn-field-pest-v2/train/leaf_beetle_unknown/img_4cfae0d22034d6df81d79a20.jpg,train,leaf_beetle_unknown,ccmt,CC BY 4.0,grp_7f1c41789e56ac4fd4de3165,6e0d6ca789b4b531fd63ca066f4d99c12187fc9df35763a5aac88ba3297a207a,30574,1,lossless_jpeg_metadata_strip_preserve_orientation_v2,,,
datasets/corn-field-pest-v2/train/leaf_beetle_unknown/img_cc24fe2cf9b560aae12a1479.jpg,train,leaf_beetle_unknown,ccmt,CC BY 4.0,grp_ec95940d94332d8f409b31e8,af94d47db5c4ae22d69b54a68399293d4f6bf4ed840f105f547c7fb8f552f185,22776,1,lossless_jpeg_metadata_strip_preserve_orientation_v2,,,
datasets/corn-field-pest-v2/val/leaf_beetle_unknown/img_5982a187b96f6170fd29d791.jpg,val,leaf_beetle_unknown,ccmt,CC BY 4.0,grp_4f3904261f527c9bba1fed67,d1d70423c760f69ee4a64363573cb06ccc6a88adabca0fca3a69bf96e5529409,32455,1,lossless_jpeg_metadata_strip_preserve_orientation_v2,,,
datasets/corn-field-pest-v2/train/fall_armyworm/img_942381144fef589b7f61d8cd.jpg,train,fall_armyworm,tom2024,CC BY 4.0,grp_d4d156b37c81b4098332a1f7,9e204052052b0c579c7790198bd8fb771f24e3a7a082a2930be0b8b612de4a5b,8423,1,lossless_jpeg_metadata_strip_preserve_orientation_v2,,,
datasets/corn-field-pest-v2/val/leaf_beetle_unknown/img_bd55664de15d4deacfb19105.jpg,val,leaf_beetle_unknown,ccmt,CC BY 4.0,grp_a108286062ec3f5c58fbd975,5f83b4212eff662e3399e570ddce9651eeb45e271a69de5ab8bef9fbe2903310,33705,1,lossless_jpeg_metadata_strip_preserve_orientation_v2,,,
datasets/corn-field-pest-v2/train/maize_aphid_unknown/img_1cdc1c4a52a336d066a4e7ad.jpg,train,maize_aphid_unknown,yeesi,CC BY 4.0,grp_f29ddf78d40f1505d1a47f44,cb53500a4ac0adabdd7a32a9416286102da42485b76f92cfc70b1a97b6b3e679,4821225,1,lossless_jpeg_metadata_strip_preserve_orientation_v2,,,
datasets/corn-field-pest-v2/train/leaf_beetle_unknown/img_93a3bbd32f9dc61859193c4f.jpg,train,leaf_beetle_unknown,ccmt,CC BY 4.0,grp_5b8961e1a46214f12cdb8b53,d6dba3c2aa1e963819b0ae904282f963b510bb7b815ff0f570512dc72f188ff6,23337,1,lossless_jpeg_metadata_strip_preserve_orientation_v2,,,
datasets/corn-field-pest-v2/val/fall_armyworm/img_70221e28a55127c56fd93002.jpg,val,fall_armyworm,ccmt,CC BY 4.0,grp_2beff7da2520934998a02160,21fbe578abd0c4d30d5e86995aa253f66474af447b96bb678c5f8c44a5e7bffb,49311,1,lossless_jpeg_metadata_strip_preserve_orientation_v2,,,
datasets/corn-field-pest-v2/train/leaf_beetle_unknown/img_04d65a2ef300c6725ff959fe.jpg,train,leaf_beetle_unknown,ccmt,CC BY 4.0,grp_a20a3d7d076778e7f2445ad1,ab2806751409bae8106d0a66edd2d7841c370b03b0a84e4fc93c76136cdbdd25,30362,1,lossless_jpeg_metadata_strip_preserve_orientation_v2,,,
datasets/corn-field-pest-v2/train/fall_armyworm/img_ffb6493c3f9eac464a63b006.jpg,train,fall_armyworm,tom2024,CC BY 4.0,grp_023176e77ebd102b636029bd,f14ddb0d5a174b5c218c1d589e18a7813a256b971cd2c9238b5bb2269b665999,5132,1,lossless_jpeg_metadata_strip_preserve_orientation_v2,,,
datasets/corn-field-pest-v2/train/grasshopper_unknown/img_a0e7160cf2f10bf0a860c89d.jpg,train,grasshopper_unknown,ccmt,CC BY 4.0,grp_0cfaa6a307950de1c11ece84,abc5b4d285abd39b5ca22fcced598bfddd301c0fcc3834859f1b9d307e7ebe08,29981,1,lossless_jpeg_metadata_strip_preserve_orientation_v2,,,
datasets/corn-field-pest-v2/val/leaf_beetle_unknown/img_6ea792661daf98eb67e4d26f.jpg,val,leaf_beetle_unknown,ccmt,CC BY 4.0,grp_7559145ce41cc9c2bb22dfac,0fa0f74a2d314d5d925e11d740d37893cc8763acb444f4aa7a7012b10f08c082,53222,1,lossless_jpeg_metadata_strip_preserve_orientation_v2,,,
datasets/corn-field-pest-v2/val/leaf_beetle_unknown/img_5edb5631b2cec6ddb5c0c387.jpg,val,leaf_beetle_unknown,ccmt,CC BY 4.0,grp_dcd783b1705fc739a3ef7897,51a2f780f3002b16b714b65c0f88998f04c9dc2e7be8f1d1d9fc3e3f10967174,35402,1,lossless_jpeg_metadata_strip_preserve_orientation_v2,,,
datasets/corn-field-pest-v2/train/fall_armyworm/img_65466a860e99ee4e2b6e94e9.jpg,train,fall_armyworm,ccmt,CC BY 4.0,grp_b9e3529d9caea63a2014c2ca,7ae9ed2f81b0d51bb1abebc3937fffa0fe11baa0bd1c388590a5fe3970fb1c69,32033,1,lossless_jpeg_metadata_strip_preserve_orientation_v2,,,
datasets/corn-field-pest-v2/train/leaf_beetle_unknown/img_8bf869c011a6e93c2bdf9d12.jpg,train,leaf_beetle_unknown,ccmt,CC BY 4.0,grp_6f611f08f76e3dc2a4eb581a,abc81d3efd9a036706ae2b85186d641afda7180748d123349e57d3582a55f814,42920,1,lossless_jpeg_metadata_strip_preserve_orientation_v2,,,
datasets/corn-field-pest-v2/val/leaf_beetle_unknown/img_699c50146e4511fed38bee38.jpg,val,leaf_beetle_unknown,ccmt,CC BY 4.0,grp_df5391a57fcc931f52a76ca7,dc8b05b3b210ca39132f33fcc040430131370d79bfe0c3be0fbaf20ec08d010b,36189,1,lossless_jpeg_metadata_strip_preserve_orientation_v2,,,
datasets/corn-field-pest-v2/train/grasshopper_unknown/img_9d521c16ed998d44c58dd2b0.jpg,train,grasshopper_unknown,ccmt,CC BY 4.0,grp_74b3fe648759b4a6f0fe4688,1c4bd73b4349f4d3d804174bbcc7a98652c09e1de9fbae4255db7cbdc7528b85,45987,1,lossless_jpeg_metadata_strip_preserve_orientation_v2,,,
datasets/corn-field-pest-v2/val/leaf_beetle_unknown/img_d7ddbab88c996698601daa27.jpg,val,leaf_beetle_unknown,ccmt,CC BY 4.0,grp_7e1a8f2456c4fd3d100eb3da,88e3b19d1fcff6b6e8b04438a93b475fd34e6791c35e531147fdf665fbb70114,37688,1,lossless_jpeg_metadata_strip_preserve_orientation_v2,,,
datasets/corn-field-pest-v2/train/fall_armyworm/img_0b667ab6366948234f0218b6.jpg,train,fall_armyworm,ccmt,CC BY 4.0,grp_3d7a27e79a46809db7d1a366,912b25103c4a1d43b30dffdc47bd795759fd522f43e6cc6307d86d5bac491731,32263,1,lossless_jpeg_metadata_strip_preserve_orientation_v2,,,
datasets/corn-field-pest-v2/train/grasshopper_unknown/img_ce6d6675f4ad6e1040c65a66.jpg,train,grasshopper_unknown,ccmt,CC BY 4.0,grp_fe296806867130c9a15300e9,cb178f62db94d6c9b0b1503bab4cf1ead6f75616ca63ba84279a50cea208e39f,26750,1,lossless_jpeg_metadata_strip_preserve_orientation_v2,,,
datasets/corn-field-pest-v2/train/fall_armyworm/img_a8006f82813eaf7ebb312464.jpg,train,fall_armyworm,ccmt,CC BY 4.0,grp_c28da4d1aff8e4f28acd859e,38aee18e5589ffbe17434345b0b24917a7fb6c9f8a683c110f03d17d403e5024,42160,1,lossless_jpeg_metadata_strip_preserve_orientation_v2,,,
datasets/corn-field-pest-v2/val/fall_armyworm/img_ff896c4f815bcb6a6152e5c6.jpg,val,fall_armyworm,tom2024,CC BY 4.0,grp_d5da4efe8ac8283240d5b128,65c003f53cb61d329e75aacef30ff0e4e0853c04f4d8e3036588078640994777,5971,1,lossless_jpeg_metadata_strip_preserve_orientation_v2,,,
datasets/corn-field-pest-v2/train/healthy/img_99cd22e72826f8fb20372465.jpg,train,healthy,ccmt,CC BY 4.0,grp_d8976c4c6ec39ffd90a8a37f,293a85971fc86c02f34d0b97ba58079a51fda8dbb24c856edfefbe3b7f630c11,48541,1,lossless_jpeg_metadata_strip_preserve_orientation_v2,,,
datasets/corn-field-pest-v2/train/healthy/img_69dd3677715cf413de262271.jpg,train,healthy,ccmt,CC BY 4.0,grp_5ff6a2c4ce18971758723f38,c6f0add287b4ca9b0c08a548af657a567b60eb37631eb7dc959358bb02505be7,52469,1,lossless_jpeg_metadata_strip_preserve_orientation_v2,,,
datasets/corn-field-pest-v2/train/leaf_beetle_unknown/img_bbd5e594727b6631f530f9d0.jpg,train,leaf_beetle_unknown,ccmt,CC BY 4.0,grp_8430a3a5f0c9ec7f693ba036,4fea3f33cf10c74af7d2aa53c86f7ae30c16d706c857ea2e939fe4bcd15066ee,28546,1,lossless_jpeg_metadata_strip_preserve_orientation_v2,,,
datasets/corn-field-pest-v2/val/leaf_beetle_unknown/img_20509abd96c3372c4cd428c3.jpg,val,leaf_beetle_unknown,ccmt,CC BY 4.0,grp_7e80445f9eb5c8ac305a57f3,85fc2eac9a9bb4614bd9ec0cc03db91b0cb26aa05e44906126189c47cb59937a,39601,1,lossless_jpeg_metadata_strip_preserve_orientation_v2,,,
datasets/corn-field-pest-v2/train/fall_armyworm/img_a7b87af9a3006d08d460fadd.jpg,train,fall_armyworm,ccmt,CC BY 4.0,grp_a2f916e1410c0a2e60d9f6bd,9480b458c9336a0ff96bc2061e724f90b4e5f320761ba48d7564d9c84b4f49b0,36297,1,lossless_jpeg_metadata_strip_preserve_orientation_v2,,,
datasets/corn-field-pest-v2/train/grasshopper_unknown/img_6905507f932002aeceaf306e.jpg,train,grasshopper_unknown,ccmt,CC BY 4.0,grp_66f35876b1ef3aeaf14384b0,f703fdf47597ce0381339ae8e7e0f05726e496838ae8896c629e6b8c7db43af3,26679,1,lossless_jpeg_metadata_strip_preserve_orientation_v2,,,
datasets/corn-field-pest-v2/train/healthy/img_df35473d5924f32a5a970862.jpg,train,healthy,tom2024,CC BY 4.0,grp_0e0eed13b8c24e02043516bf,c76202ff21b5d94fce2498625af65111c816db78e518002b1cf12157939266bb,6988,1,lossless_jpeg_metadata_strip_preserve_orientation_v2,,,
datasets/corn-field-pest-v2/val/leaf_beetle_unknown/img_735ad3e93dbc4a19fa1d42ec.jpg,val,leaf_beetle_unknown,ccmt,CC BY 4.0,grp_369baaa6fcb9b904bc8241e5,7d34168cc19fa270bbf8f6982615f8a2ae485cc88fe309c7a578655916de3eb3,21933,1,lossless_jpeg_metadata_strip_preserve_orientation_v2,,,
datasets/corn-field-pest-v2/train/healthy/img_11f9355e2ed64d8ec3ddac30.jpg,train,healthy,ccmt,CC BY 4.0,grp_97f708ea00805ec8f1122363,3e4d25f5f35f79bb94e382f93c81e104b2c4620c2debe2447f29a72a1af90a26,38348,1,lossless_jpeg_metadata_strip_preserve_orientation_v2,,,
datasets/corn-field-pest-v2/train/leaf_beetle_unknown/img_9fddda6c0abe34edab99bad5.jpg,train,leaf_beetle_unknown,ccmt,CC BY 4.0,grp_20d85be89d1399b18a017147,567460907061af73ecec90dae4d4968ca555fb9b90d486edb51b9b6bb37f0a7e,26825,1,lossless_jpeg_metadata_strip_preserve_orientation_v2,,,
datasets/corn-field-pest-v2/train/leaf_beetle_unknown/img_931dcab9ec4d120944f6525d.jpg,train,leaf_beetle_unknown,ccmt,CC BY 4.0,grp_c852e08e86c39a1b80481ea5,42f6353bb809ff40eef2cb204353295c8367b308add097dd2d82235c38c26823,22581,1,lossless_jpeg_metadata_strip_preserve_orientation_v2,,,
datasets/corn-field-pest-v2/val/maize_aphid_unknown/img_1a8b808a6cd3eb19c6211b01.jpg,val,maize_aphid_unknown,yeesi,CC BY 4.0,grp_1a075beb064f54e8059f91fe,baca5d47838187b35ce75554ce290a8de2b5dfd547b177d5399aa4b57935b985,1953612,1,lossless_jpeg_metadata_strip_preserve_orientation_v2,,,
datasets/corn-field-pest-v2/train/grasshopper_unknown/img_87d79c6cd71b550769c48154.jpg,train,grasshopper_unknown,ccmt,CC BY 4.0,grp_f0354b8488e79e6f0abc439d,11a3e62c7c4f28aab3c287e96b3a753428b6a3d74ea70c3a72f0fef00bdc7f41,32922,1,lossless_jpeg_metadata_strip_preserve_orientation_v2,,,
datasets/corn-field-pest-v2/train/leaf_beetle_unknown/img_1accbce1db70cc8abfdae199.jpg,train,leaf_beetle_unknown,ccmt,CC BY 4.0,grp_5d16fa175d3d1179ae8d9d4b,bd7bf46f20499fdf5bfbe0ba860c05248bc50352d1b460098403c51aaa7f8361,27866,1,lossless_jpeg_metadata_strip_preserve_orientation_v2,,,
datasets/corn-field-pest-v2/train/healthy/img_d75cb4881511eb2474578050.jpg,train,healthy,ccmt,CC BY 4.0,grp_76a6693bddb2070018e8203d,aa1e0c64a56124e8d236a746f47c8fb0440d03b153e980848bd93c2185129d5b,52358,1,lossless_jpeg_metadata_strip_preserve_orientation_v2,,,
datasets/corn-field-pest-v2/val/leaf_beetle_unknown/img_cd06b18f8879077466b2373e.jpg,val,leaf_beetle_unknown,ccmt,CC BY 4.0,grp_056633d9a2c5989701d919c8,80cbc67aa83d8a0eb5233acfdd83945bd926a4eeb8fd9583d86ad46e898fda84,32308,1,lossless_jpeg_metadata_strip_preserve_orientation_v2,,,
datasets/corn-field-pest-v2/train/healthy/img_e3007f6490243b5ed62ae0ef.jpg,train,healthy,tom2024,CC BY 4.0,grp_5eea4b07e771ba1d35ab7f75,e58ab29525b9356223a05a29b48b05661ceb40428eb93c5bd9ad60a809d13ead,24392,1,lossless_jpeg_metadata_strip_preserve_orientation_v2,,,
datasets/corn-field-pest-v2/train/healthy/img_91a7d6cf4f38e7c737216876.jpg,train,healthy,ccmt,CC BY 4.0,grp_f182c652b31df17244372218,6b09ae76ede781ef6cd40190e6c1bd5a804604b8a1e59a4eb124a805a529d319,37211,1,lossless_jpeg_metadata_strip_preserve_orientation_v2,,,
datasets/corn-field-pest-v2/train/leaf_beetle_unknown/img_c4e62d5ea2de42844bf0a4d6.jpg,train,leaf_beetle_unknown,ccmt,CC BY 4.0,grp_d94848cafb7c2ff1b7035c82,de0776b076fad0d5fa528585f5cf99e4557b7a684ae22a3338b3258f41c58ec6,30456,1,lossless_jpeg_metadata_strip_preserve_orientation_v2,,,
datasets/corn-field-pest-v2/train/maize_aphid_unknown/img_649ba60dfb61b0c69ef9d2a9.jpg,train,maize_aphid_unknown,yeesi,CC BY 4.0,grp_e37eb7f71d9e27f224f6bd58,2af67577f4c795097aacabee6cd4102c0ea53fb3907963f4a166fb1a1c7b75f2,6188987,6,lossless_jpeg_metadata_strip_preserve_orientation_v2,,,
datasets/corn-field-pest-v2/val/leaf_beetle_unknown/img_cc5a2c21b994ef8d0a7c24cd.jpg,val,leaf_beetle_unknown,ccmt,CC BY 4.0,grp_dd7f921ce82e97e1a5329bd7,9776b9f7e93ba135512c5abad6842a5a85c8012b079ab996b8ac4f81a36d1b15,30452,1,lossless_jpeg_metadata_strip_preserve_orientation_v2,,,
datasets/corn-field-pest-v2/train/leaf_beetle_unknown/img_57291e906724c302c5c3a1fb.jpg,train,leaf_beetle_unknown,ccmt,CC BY 4.0,grp_10be41c4e11d64377e58b383,e946fe801d64d02b669ea70a09d2bf16188b3b6606fe1ef4494cdfad57091083,30819,1,lossless_jpeg_metadata_strip_preserve_orientation_v2,,,
datasets/corn-field-pest-v2/train/leaf_beetle_unknown/img_15d5ed0ac13c1cbe2628979a.jpg,train,leaf_beetle_unknown,ccmt,CC BY 4.0,grp_f3d1ef3ddf0c5d6299da9358,9ca1578b7bc9a1267d474dba69c9c018b874b9efa86e1dc51c150edd056b22f1,25375,1,lossless_jpeg_metadata_strip_preserve_orientation_v2,,,
datasets/corn-field-pest-v2/train/fall_armyworm/img_dec7fcc1f1129168036aeb88.jpg,train,fall_armyworm,tom2024,CC BY 4.0,grp_aed6200d97e2b90e4339076b,bface2576cdd6de0e645ebe076fc8d975852135e1e45230fafa13af6343c2bbf,6247,1,lossless_jpeg_metadata_strip_preserve_orientation_v2,,,
datasets/corn-field-pest-v2/train/healthy/img_76f5599a6534a5820e8e39d6.jpg,train,healthy,ccmt,CC BY 4.0,grp_6d2ebffba7b02d0f71ce5a8f,ab39310a372f66f51b15294f605b3101c737241e1a2528ddc74042ad3c9585cf,36014,1,lossless_jpeg_metadata_strip_preserve_orientation_v2,,,
datasets/corn-field-pest-v2/train/healthy/img_4a0b89c1d8725eaad3060f49.jpg,train,healthy,tom2024,CC BY 4.0,grp_ccf11a0b064e001219d9f09b,64c2abd82cee07dfc169a742ca60759977919f21c2cb1cb0378c3022ac23be11,2800,1,lossless_jpeg_metadata_strip_preserve_orientation_v2,,,
datasets/corn-field-pest-v2/train/healthy/img_b9f00e9d4ff16dde22c47e72.jpg,train,healthy,ccmt,CC BY 4.0,grp_1e3f3e52a89c5c0477416e4f,d07fc24c4126fa4dc88edc6c32b21059bf419d2902886224db5abd81470e5c5f,34531,1,lossless_jpeg_metadata_strip_preserve_orientation_v2,,,
datasets/corn-field-pest-v2/val/healthy/img_07fddae6239747e63d72d570.jpg,val,healthy,tom2024,CC BY 4.0,grp_f3aa2df2d26870bb4d6478c3,279b2b022d7a81f5ac2191394761a96f765dd0752c5fcaf8d42f1732bc8d6d48,4863,1,lossless_jpeg_metadata_strip_preserve_orientation_v2,,,
datasets/corn-field-pest-v2/train/healthy/img_6cb276e88c16a21582464e3d.jpg,train,healthy,tom2024,CC BY 4.0,grp_db68710c211dfc9da8a9fd17,a726bd6186e363185652922fbb3e85a4eee99c85d9386a6c7f38b777689a8a23,8424,1,lossless_jpeg_metadata_strip_preserve_orientation_v2,,,
datasets/corn-field-pest-v2/train/leaf_beetle_unknown/img_e73dc4ad5ed2cd799f5b338a.jpg,train,leaf_beetle_unknown,ccmt,CC BY 4.0,grp_122fb838f421a98876f03681,144b36fb86e102bd5d2fb17072c8c3a51a2a41c8e9aff0bcc501ba2a99a2cb0a,41664,1,lossless_jpeg_metadata_strip_preserve_orientation_v2,,,
datasets/corn-field-pest-v2/train/leaf_beetle_unknown/img_45e6d7859bfdf55fe101a1d3.jpg,train,leaf_beetle_unknown,ccmt,CC BY 4.0,grp_0d8ea27f9287d4c1389dbe1c,7f17b9d65aa19186a0e5d8e166d6b709043341faa4fddb5efaf58ddbd753d75e,41992,1,lossless_jpeg_metadata_strip_preserve_orientation_v2,,,
datasets/corn-field-pest-v2/train/grasshopper_unknown/img_0beea55220633ff9e5988c2c.jpg,train,grasshopper_unknown,ccmt,CC BY 4.0,grp_dbb7b227fb8edfd9aad1679a,fe8e8b6ab3b0c499aca8e3a56c6d4ee5d42974e370b06fdd1a06432486fb9d06,40083,1,lossless_jpeg_metadata_strip_preserve_orientation_v2,,,
datasets/corn-field-pest-v2/train/fall_armyworm/img_f46cfeec4e5d6dcff2314208.jpg,train,fall_armyworm,ccmt,CC BY 4.0,grp_2e2aa1135b6df9d15ba40c92,4545d52dc903e20be2b725ce6df4f74380684f1821b01c2c001deb21ea272995,38176,1,lossless_jpeg_metadata_strip_preserve_orientation_v2,,,
datasets/corn-field-pest-v2/train/fall_armyworm/img_a4eb0470327f3b62ec4f776a.jpg,train,fall_armyworm,ccmt,CC BY 4.0,grp_4fbdffc8593c5ac4e6212a83,c487c05e7c81ac0483d808a9101fd73b4189f6a9ab020d6acf97b4316b1fa734,54074,1,lossless_jpeg_metadata_strip_preserve_orientation_v2,,,
datasets/corn-field-pest-v2/val/leaf_beetle_unknown/img_4e0cde923143ffa16f5395ea.jpg,val,leaf_beetle_unknown,ccmt,CC BY 4.0,grp_e3f896d241e2fa9f780be0f7,e8e8c28bdb8d474aad4cfbbd51fc9b77dc151e3bdc6849638b7ca323ceb3f7aa,31213,1,lossless_jpeg_metadata_strip_preserve_orientation_v2,,,
datasets/corn-field-pest-v2/train/healthy/img_5388e0fa0c432b54708e99bf.jpg,train,healthy,tom2024,CC BY 4.0,grp_40fc7c173df26dd83eda28ff,05dcd91038af79c70b17f4dcc84a4ead2c23da36bdbc068e85f63bd153b7219e,2164,1,lossless_jpeg_metadata_strip_preserve_orientation_v2,,,
datasets/corn-field-pest-v2/val/leaf_beetle_unknown/img_d33eec0992645ce7b8ff2665.jpg,val,leaf_beetle_unknown,ccmt,CC BY 4.0,grp_36fd28232b8bdd5178fab92f,d6aad5f4813e6a7e87daf086fb5baeea63e724153e88f390fb5289273ae16adc,22326,1,lossless_jpeg_metadata_strip_preserve_orientation_v2,,,
datasets/corn-field-pest-v2/train/grasshopper_unknown/img_5db47bcc9ed9463c40094f25.jpg,train,grasshopper_unknown,ccmt,CC BY 4.0,grp_b41e7ee4df743b0bd7fbefa2,9560bb688b4dec1fe9ce6aed5956a4ee958060e01b9d3703ba51a9c4630197fe,37461,1,lossless_jpeg_metadata_strip_preserve_orientation_v2,,,
datasets/corn-field-pest-v2/train/fall_armyworm/img_c4c77202842a219a27cd301f.jpg,train,fall_armyworm,tom2024,CC BY 4.0,grp_7ee2f967b9c770bbcc42782b,a900d81615042074dcf2e11c4670757f26dd8eaf06f880531e72cbbccc7a9fc9,11226,1,lossless_jpeg_metadata_strip_preserve_orientation_v2,,,
datasets/corn-field-pest-v2/train/healthy/img_25347a4170e94e978fe5d1d9.jpg,train,healthy,tom2024,CC BY 4.0,grp_42d5e34e21fbf3abdc65db38,c6b52e3b973886ada279baf1622a15e25b5898000602182c6165944ece83cff6,6078,1,lossless_jpeg_metadata_strip_preserve_orientation_v2,,,
datasets/corn-field-pest-v2/val/leaf_beetle_unknown/img_20ce29f9d828a5619d3902e9.jpg,val,leaf_beetle_unknown,ccmt,CC BY 4.0,grp_de2ccfad84caadef2c87a78d,bbacb8abd536db9cd9c69ff25020992894f3439f6afa7dc6d2889cbe162f29f0,26774,1,lossless_jpeg_metadata_strip_preserve_orientation_v2,,,
datasets/corn-field-pest-v2/train/healthy/img_90a51c21816fc87e68f4f7eb.jpg,train,healthy,tom2024,CC BY 4.0,grp_7ba4ceca38e4c81a295c5045,f00ecf1f93e7c869abfb21452504fa9eecb65045cf3b5609a3fd03d8cfec8d5d,5965,1,lossless_jpeg_metadata_strip_preserve_orientation_v2,,,
datasets/corn-field-pest-v2/train/healthy/img_82c592f03b66bf99b69216a4.jpg,train,healthy,tom2024,CC BY 4.0,grp_047c935be7247cfe34dff5c5,c7b91e4ddb48fd7ccbcfa768dc774cf570c13e90c3fe97855b7b53f4cd75ebe4,14753,1,lossless_jpeg_metadata_strip_preserve_orientation_v2,,,
datasets/corn-field-pest-v2/train/grasshopper_unknown/img_6cf306aa41c5ca25d78f981f.jpg,train,grasshopper_unknown,ccmt,CC BY 4.0,grp_eb234b1ea6dc12698f0c1a5d,312468d89bc9513dcf21d6180185e8bdb03b3c1e60e8924d0870b455468ac953,21860,1,lossless_jpeg_metadata_strip_preserve_orientation_v2,,,
datasets/corn-field-pest-v2/train/healthy/img_69afc478057751b8c2b2cdf4.jpg,train,healthy,ccmt,CC BY 4.0,grp_309b3b0496f43f816f3bed2a,cba7302a1cd146a3b9da8bc7077993b2048137b0fd3e3c6d76aa4edfa438c7b3,44593,1,lossless_jpeg_metadata_strip_preserve_orientation_v2,,,
datasets/corn-field-pest-v2/val/fall_armyworm/img_e5aa39767375c9306c2c1b49.jpg,val,fall_armyworm,tom2024,CC BY 4.0,grp_152477d938443ec3181c6b69,7833f0793ad2f7a3e8b730333ee80a1e4c9b56069ab4dfe0ca18770cb858c185,15577,1,lossless_jpeg_metadata_strip_preserve_orientation_v2,,,
datasets/corn-field-pest-v2/train/healthy/img_0d19c698566bfddc4694933c.jpg,train,healthy,tom2024,CC BY 4.0,grp_7ba4ceca38e4c81a295c5045,995c3b05ca5798c6801bebf63822595f2ab26c05e0c7ab4e78756462650e0b01,12518,1,lossless_jpeg_metadata_strip_preserve_orientation_v2,,,
datasets/corn-field-pest-v2/train/leaf_beetle_unknown/img_5e28f29b77264adaff0f54a0.jpg,train,leaf_beetle_unknown,ccmt,CC BY 4.0,grp_59bb1aacb2b144e5b0c49a6b,e209551c73ef8d82d584022a067c9130379055b517b2060f50c31197794868b5,36865,1,lossless_jpeg_metadata_strip_preserve_orientation_v2,,,
datasets/corn-field-pest-v2/train/grasshopper_unknown/img_500cbb52800b3e433e4b560b.jpg,train,grasshopper_unknown,ccmt,CC BY 4.0,grp_86240063677938596a9d03ef,2624550e11728586b41503ab3fa0262135f97f722c138d71030578b444bb8e26,29103,1,lossless_jpeg_metadata_strip_preserve_orientation_v2,,,
datasets/corn-field-pest-v2/val/leaf_beetle_unknown/img_1215ede0c69d8f51ebfb6000.jpg,val,leaf_beetle_unknown,ccmt,CC BY 4.0,grp_0371d66a63fa991950c4f57b,521f176290ecca5601750bb3cc7deb5f6d579fa9188d3eacb1e3ea8043ad07fd,45835,1,lossless_jpeg_metadata_strip_preserve_orientation_v2,,,
datasets/corn-field-pest-v2/val/healthy/img_d3c054d119c568aa0c3ca5c3.jpg,val,healthy,tom2024,CC BY 4.0,grp_6012095b57bb328761eeb185,def0b178d8723480921243f2200241bef181890f222907a49a87111e8392d668,17431,1,lossless_jpeg_metadata_strip_preserve_orientation_v2,,,
datasets/corn-field-pest-v2/train/fall_armyworm/img_c3d3f55f6100a28a5b8b6df3.jpg,train,fall_armyworm,tom2024,CC BY 4.0,grp_6f1f8d3e835600c2a583ffc8,aaea0db4cdc3d4ad85ce001ba99fc2d7f9e0f106a1534245edc0ad4b79663f7c,4046,1,lossless_jpeg_metadata_strip_preserve_orientation_v2,,,
datasets/corn-field-pest-v2/train/grasshopper_unknown/img_b1638742e02e4e0b860e53b2.jpg,train,grasshopper_unknown,ccmt,CC BY 4.0,grp_32088327488b3a4d97375f56,c5c554e3af96a2f5f0dd964becc5783aae522a4ce731545015b9f94f15e3129b,39242,1,lossless_jpeg_metadata_strip_preserve_orientation_v2,,,
datasets/corn-field-pest-v2/train/grasshopper_unknown/img_2c1fb23a1a8d4543f5eed6e8.jpg,train,grasshopper_unknown,ccmt,CC BY 4.0,grp_ef73da1fea1edd596ca31cd6,d1e50f1e0adebb8ed909ff3e2c51be8bf84641a9c462ef76e31b59d45fb985e6,39760,1,lossless_jpeg_metadata_strip_preserve_orientation_v2,,,
datasets/corn-field-pest-v2/train/maize_aphid_unknown/img_7b384a0fd70a70e94d7c4d85.jpg,train,maize_aphid_unknown,yeesi,CC BY 4.0,grp_ed471b353f4a6b148da3d189,513eb27efc0060e4d5fb714de7e1ac28a2ab07340da484b05de30ec222b173d9,5352039,1,lossless_jpeg_metadata_strip_preserve_orientation_v2,,,
datasets/corn-field-pest-v2/train/healthy/img_3bebd34b05536ebdf000ee30.jpg,train,healthy,tom2024,CC BY 4.0,grp_db68710c211dfc9da8a9fd17,ed0abbe47f561d0fae8428cd5d809dbe02148613735cbcde9544ca6d3c02cf40,12030,1,lossless_jpeg_metadata_strip_preserve_orientation_v2,,,
datasets/corn-field-pest-v2/train/leaf_beetle_unknown/img_9d18b0b6d6e2f35f8ae7b127.jpg,train,leaf_beetle_unknown,ccmt,CC BY 4.0,grp_d54f8996ba0c03dbc4391c1e,b0d2eb3a3674e3e74cf0f8365bf2b2e1433e073ec0bd65a7c48f0c97a8ccd106,38333,1,lossless_jpeg_metadata_strip_preserve_orientation_v2,,,
datasets/corn-field-pest-v2/train/fall_armyworm/img_ae46f178c120d3255eea0734.jpg,train,fall_armyworm,tom2024,CC BY 4.0,grp_a543939578f078ecf77b2995,bc2cc599ec4c022c228ef155285a1eee77f2ed49bd2e7ae81e8f2d920bb3c3de,8140,1,lossless_jpeg_metadata_strip_preserve_orientation_v2,,,
datasets/corn-field-pest-v2/val/healthy/img_36924d717566208ae2891880.jpg,val,healthy,tom2024,CC BY 4.0,grp_5d7f80c319337144052bbf1f,a5ceccc21dd372702a365218b3da36ca7684f0bfd35eb9d57ae60af0ae6ef562,18031,1,lossless_jpeg_metadata_strip_preserve_orientation_v2,,,
datasets/corn-field-pest-v2/train/leaf_beetle_unknown/img_8c7e91d8555b981ff1369734.jpg,train,leaf_beetle_unknown,ccmt,CC BY 4.0,grp_1eefe13f1fdd007430a85e6c,163f957e408c22a7fdf60e3acf95e4d073ed1e4416fde1c4046c34af62dbcd39,74707,1,lossless_jpeg_metadata_strip_preserve_orientation_v2,,,
datasets/corn-field-pest-v2/train/grasshopper_unknown/img_4d9c0a70345b8b9c6645a6b9.jpg,train,grasshopper_unknown,ccmt,CC BY 4.0,grp_8ecf436a296259e8faba756c,51aa9a05426e2411229f75dbff7418deb210705cd5e33fb7ba349d6c9d602ed3,37811,1,lossless_jpeg_metadata_strip_preserve_orientation_v2,,,
datasets/corn-field-pest-v2/train/healthy/img_6771d11e09fcfe42cd1332f2.jpg,train,healthy,tom2024,CC BY 4.0,grp_ae5be57dee646dc6839c8b10,e11b623cdb82754526218205d98511ac7f657d4c353143eb282c3cfa060224f0,4658,1,lossless_jpeg_metadata_strip_preserve_orientation_v2,,,
datasets/corn-field-pest-v2/train/leaf_beetle_unknown/img_184ffeb3ba3cd67b37d07276.jpg,train,leaf_beetle_unknown,ccmt,CC BY 4.0,grp_2280b9087c9f47eb7ca09141,173ffae22cd717dfa5402cc88e38496ad69c4b666e3895f2d5c7e755ae1e30aa,36494,1,lossless_jpeg_metadata_strip_preserve_orientation_v2,,,
datasets/corn-field-pest-v2/train/grasshopper_unknown/img_2af71a6fe5f9c9af4b81c5b8.jpg,train,grasshopper_unknown,ccmt,CC BY 4.0,grp_a7f60a0ea941071f28e52cac,f67b7b4de8758b59c1f3fc345f8409e69271a2c3c17f4e70d33e6a844f58b267,44178,1,lossless_jpeg_metadata_strip_preserve_orientation_v2,,,
datasets/corn-field-pest-v2/train/fall_armyworm/img_05f4ba08af9a1b3a60a4c749.jpg,train,fall_armyworm,tom2024,CC BY 4.0,grp_721b21d6865b63550ec9c712,70cb850de0f5127cd277923025ee567b4930e2dc5ca748af117556f319e67c8c,4614,1,lossless_jpeg_metadata_strip_preserve_orientation_v2,,,
datasets/corn-field-pest-v2/train/leaf_beetle_unknown/img_9252ef247c8698dac886ce32.jpg,train,leaf_beetle_unknown,ccmt,CC BY 4.0,grp_be83d7357c61c8a5084e0020,655cbc435fee7f6f4c15f9bf50f6a25ad523652bdb6350acbadd7b9a9255ef11,33591,1,lossless_jpeg_metadata_strip_preserve_orientation_v2,,,
datasets/corn-field-pest-v2/train/leaf_beetle_unknown/img_032cc78fdb57aa4f37c445ed.jpg,train,leaf_beetle_unknown,ccmt,CC BY 4.0,grp_b4a06392fa8940c6589cfab8,4377ab4ffce6a1ad3f457425456cf3084dfe789fce40987798ad1190ad2bd982,34543,1,lossless_jpeg_metadata_strip_preserve_orientation_v2,,,
datasets/corn-field-pest-v2/train/healthy/img_8a8e42d0656f162b9a1cd1a3.jpg,train,healthy,tom2024,CC BY 4.0,grp_12044073f5e32c77deac3db1,ad5a4f984089d51481054ae70f943d83e2d9c2c3353cdab6c8c886cdbc9e72ef,1407,1,lossless_jpeg_metadata_strip_preserve_orientation_v2,,,
datasets/corn-field-pest-v2/train/healthy/img_bc2cd555da43d4cb211244f8.jpg,train,healthy,ccmt,CC BY 4.0,grp_d7bc9f87727ab4165dafda62,f0ba58594f6d319743862d54ff012629b790db77955a94276b3522b9d2771acd,45025,1,lossless_jpeg_metadata_strip_preserve_orientation_v2,,,
datasets/corn-field-pest-v2/val/leaf_beetle_unknown/img_981135f1cc6294427011653e.jpg,val,leaf_beetle_unknown,ccmt,CC BY 4.0,grp_4ad90bcea303947837c9a9cb,eed42626e04d4ff4b61b008fed9b7139f97add6dd060c11ae34f631539909397,31281,1,lossless_jpeg_metadata_strip_preserve_orientation_v2,,,
datasets/corn-field-pest-v2/train/maize_aphid_unknown/img_a09bf4d83d8eebee899d9b01.jpg,train,maize_aphid_unknown,yeesi,CC BY 4.0,grp_ed471b353f4a6b148da3d189,fef2725c7115e5cd09783b8969734f2a58edfe0a76e903a5aff7c986d4a3ee01,5427626,1,lossless_jpeg_metadata_strip_preserve_orientation_v2,,,
datasets/corn-field-pest-v2/train/grasshopper_unknown/img_89cc12ec08a104918a719b85.jpg,train,grasshopper_unknown,ccmt,CC BY 4.0,grp_99c9cba565c1bec75b55077d,86fd1672cc2ba722a5d44659039b74078a0eb80f4e090a789530c76b6e5b5915,30431,1,lossless_jpeg_metadata_strip_preserve_orientation_v2,,,
datasets/corn-field-pest-v2/train/healthy/img_e84c564da9741e5223660959.jpg,train,healthy,tom2024,CC BY 4.0,grp_19481966812e32637ef5848c,8949582ff46b933ef1d11aa92ad403204989583edb470e1b212e0fb2ba8ace11,6523,1,lossless_jpeg_metadata_strip_preserve_orientation_v2,,,
datasets/corn-field-pest-v2/train/fall_armyworm/img_4f32aba6bedc29aa2b56a559.jpg,train,fall_armyworm,tom2024,CC BY 4.0,grp_a313ff9b69ddb82afb354698,f058215df2ca2d8c6f489c70c459f04ba8a2736f9c829409a61f7138368a4535,7713,1,lossless_jpeg_metadata_strip_preserve_orientation_v2,,,
datasets/corn-field-pest-v2/train/leaf_beetle_unknown/img_d897860b61b42d0e92e5c520.jpg,train,leaf_beetle_unknown,ccmt,CC BY 4.0,grp_2ece1bb5161f472bc4f2ca29,3fae0d53c4995f74cc816e8f687c1693173c8f005001f97e9453ab1ecf3d4ae7,20714,1,lossless_jpeg_metadata_strip_preserve_orientation_v2,,,
datasets/corn-field-pest-v2/train/grasshopper_unknown/img_5ff09af32f13e727f7043e50.jpg,train,grasshopper_unknown,ccmt,CC BY 4.0,grp_6df5a433afd23518fb0e7bf4,ae7977cb39d2b0be7715f3c940d59afa4d05df90d6e6d229fac40cc96e94f33c,26295,1,lossless_jpeg_metadata_strip_preserve_orientation_v2,,,
datasets/corn-field-pest-v2/train/leaf_beetle_unknown/img_7a498efe3b933dd1c9f1c164.jpg,train,leaf_beetle_unknown,ccmt,CC BY 4.0,grp_d682a9aa5e447aaca13b941a,4855fa3399a4eec23e24b178560531946388c98d4ca9481f6ef071d256dc3d3a,25171,1,lossless_jpeg_metadata_strip_preserve_orientation_v2,,,
datasets/corn-field-pest-v2/train/leaf_beetle_unknown/img_1d587173787a606c2443fbb6.jpg,train,leaf_beetle_unknown,ccmt,CC BY 4.0,grp_c63429f63d70437eda2df980,b1025116ebf5b1493d51cd1d130b9f19c66256e840fceb305607d21e98c4d59c,26561,1,lossless_jpeg_metadata_strip_preserve_orientation_v2,,,
datasets/corn-field-pest-v2/val/leaf_beetle_unknown/img_ef5b9c7c7d1dacea33c2937b.jpg,val,leaf_beetle_unknown,ccmt,CC BY 4.0,grp_f4494d05d218287293f311b5,c503448c7ea4b559b9c2437aadad66034bd29e13d9accba2baf20a07f3f927e6,43357,1,lossless_jpeg_metadata_strip_preserve_orientation_v2,,,
datasets/corn-field-pest-v2/train/grasshopper_unknown/img_b60ecf4fa40c512fcda466d5.jpg,train,grasshopper_unknown,ccmt,CC BY 4.0,grp_ef02a585e9762bd3c9261014,c1cd9e58a0d10d53105e94fb3b91a1ec5e6547a88349ced581e5013c72796448,23465,1,lossless_jpeg_metadata_strip_preserve_orientation_v2,,,
datasets/corn-field-pest-v2/train/healthy/img_c5805f22c5e61f2a4ae99115.jpg,train,healthy,tom2024,CC BY 4.0,grp_9fa5e1ea32212aa6a57d1e3f,ae3de5a14394768b610b383f2687423429c281e499d6b4c79e82f8b83cb6083f,6074,1,lossless_jpeg_metadata_strip_preserve_orientation_v2,,,
datasets/corn-field-pest-v2/train/grasshopper_unknown/img_36841a2a6b442f7cf5bdbaac.jpg,train,grasshopper_unknown,ccmt,CC BY 4.0,grp_0efcb887fe8653de3db7203d,35f38a06d4b2b8c5816b3b31596d782d2f2300e4b30a8a50a345f35af32ccb9f,36609,1,lossless_jpeg_metadata_strip_preserve_orientation_v2,,,
datasets/corn-field-pest-v2/val/grasshopper_unknown/img_7bba4d4e67386fab9d1da688.jpg,val,grasshopper_unknown,ccmt,CC BY 4.0,grp_03ceceb69b0ba2ff39c9151f,5efb0c0899349b7c81aa15eac4bcc5a54acab6ee8801f2f8a44d2b6025bac409,55586,1,lossless_jpeg_metadata_strip_preserve_orientation_v2,,,
datasets/corn-field-pest-v2/train/grasshopper_unknown/img_5fbf3e181be9643304e10aa3.jpg,train,grasshopper_unknown,ccmt,CC BY 4.0,grp_28f0a5ed4551eb6c4799d44e,04fc9f9c956905ff5d035ed6529cd0413c0d5baab003bf400337581048f60746,42967,1,lossless_jpeg_metadata_strip_preserve_orientation_v2,,,
datasets/corn-field-pest-v2/val/fall_armyworm/img_4c1d0c491c585bd2255d92fa.jpg,val,fall_armyworm,tom2024,CC BY 4.0,grp_ca4d40b8a4b999d8a5d5689c,0581ffe7bf4e5d345725d7ee36183baae6a3f848d7c92d7b6254522b2cd4ad4f,7734,1,lossless_jpeg_metadata_strip_preserve_orientation_v2,,,
datasets/corn-field-pest-v2/train/leaf_beetle_unknown/img_4956e6ca38e129e65693a6b7.jpg,train,leaf_beetle_unknown,ccmt,CC BY 4.0,grp_1dcf8e3426c9d64974586074,8a7fd6023d5568cc6f5c824266eb908eb48b0a54ee630662a0caa4cc7d82b54c,32184,1,lossless_jpeg_metadata_strip_preserve_orientation_v2,,,
datasets/corn-field-pest-v2/train/leaf_beetle_unknown/img_688953b10f9954c34df058bc.jpg,train,leaf_beetle_unknown,ccmt,CC BY 4.0,grp_b54c699abd0ed571f3b5a8c4,2e0b3bb36932e9b13b75ce44a4581ef79608f433d866e1901955e713521c6100,32144,1,lossless_jpeg_metadata_strip_preserve_orientation_v2,,,
datasets/corn-field-pest-v2/train/maize_aphid_unknown/img_e35685faf9560cabe7c020f9.jpg,train,maize_aphid_unknown,yeesi,CC BY 4.0,grp_ed471b353f4a6b148da3d189,3fe51b7ad4c9036798e9d82fc8c56969413d80ae90ab041790c42c6926dfe21b,5059550,1,lossless_jpeg_metadata_strip_preserve_orientation_v2,,,
datasets/corn-field-pest-v2/train/maize_aphid_unknown/img_cfee24efd169fea0c3ebd9ff.jpg,train,maize_aphid_unknown,yeesi,CC BY 4.0,grp_ed471b353f4a6b148da3d189,001393da705e3d561ff3575fc9167a13220b67ae754f92087644ed41dafb9a3d,4431969,1,lossless_jpeg_metadata_strip_preserve_orientation_v2,,,
datasets/corn-field-pest-v2/train/healthy/img_3d3d4645ea31dfe9424d4188.jpg,train,healthy,ccmt,CC BY 4.0,grp_22b1ce4b1dec26d843caf343,901da20bc7d865801563fad180da2319246725216f51a7eb13ddbfafa54e558d,33834,1,lossless_jpeg_metadata_strip_preserve_orientation_v2,,,
datasets/corn-field-pest-v2/train/healthy/img_47b8ed46061ed3185b1977a4.jpg,train,healthy,tom2024,CC BY 4.0,grp_12044073f5e32c77deac3db1,aab970d39a3013b88c80305bef063c5757b55ff18dc183f8202c4ec995903a74,2280,1,lossless_jpeg_metadata_strip_preserve_orientation_v2,,,
datasets/corn-field-pest-v2/train/grasshopper_unknown/img_1b43022e4369ed72dcd2fe95.jpg,train,grasshopper_unknown,ccmt,CC BY 4.0,grp_ac1f4d06300dd885d0a180b5,048ad5c5d93196a8407cc505c36ab6a3271789639fe0b53b0089a04a5c12ca0d,41551,1,lossless_jpeg_metadata_strip_preserve_orientation_v2,,,
datasets/corn-field-pest-v2/train/healthy/img_18941984a3dca13a3df3db31.jpg,train,healthy,tom2024,CC BY 4.0,grp_807b9f8bf3b181d7179eaf0a,41a36019000e686de9025dff6bed84aa5fe825c00848e8994d66b8fbbf543478,4595,1,lossless_jpeg_metadata_strip_preserve_orientation_v2,,,
datasets/corn-field-pest-v2/train/grasshopper_unknown/img_f53d888951abf811892e28dc.jpg,train,grasshopper_unknown,ccmt,CC BY 4.0,grp_ddd9db72d4390a2db2b50f0b,2e41c498085ebd1ce6f9b4e120864c8b3d2986c04d35095c199fe640036e3629,32757,1,lossless_jpeg_metadata_strip_preserve_orientation_v2,,,
datasets/corn-field-pest-v2/train/grasshopper_unknown/img_3a5a96981d4c9b59c36be36d.jpg,train,grasshopper_unknown,ccmt,CC BY 4.0,grp_1d910b3757b724e11225a0de,edded0304605135161c5b35323256d25a19245988296bda7218434cd24ff7ba3,65288,1,lossless_jpeg_metadata_strip_preserve_orientation_v2,,,
datasets/corn-field-pest-v2/train/healthy/img_a7af385d2a4c6f9b5097ad92.jpg,train,healthy,ccmt,CC BY 4.0,grp_d1c5f2f700649edc7dc86fe8,b9215c6b13ac155009f993e24c05a73cebc96d04054dba4a51a9f86aed6f17b3,39216,1,lossless_jpeg_metadata_strip_preserve_orientation_v2,,,
datasets/corn-field-pest-v2/train/leaf_beetle_unknown/img_f549cce2535404a44f72041e.jpg,train,leaf_beetle_unknown,ccmt,CC BY 4.0,grp_cf1d7a286e9a76b423a389bf,e8cddb673f8d7021b72937ad7881bbba8118630cf71f267b7b6935a3dc5cb48a,20293,1,lossless_jpeg_metadata_strip_preserve_orientation_v2,,,
datasets/corn-field-pest-v2/train/leaf_beetle_unknown/img_69f6330be2cf535f1571a15f.jpg,train,leaf_beetle_unknown,ccmt,CC BY 4.0,grp_e4d4dd53ae3a4dcad80274fc,c0fa9e53c28486960e622231e34b475184f9fe1ec5d886cf1521d33cbc6a218a,25783,1,lossless_jpeg_metadata_strip_preserve_orientation_v2,,,
datasets/corn-field-pest-v2/train/leaf_beetle_unknown/img_2abbdf9670364f815905a641.jpg,train,leaf_beetle_unknown,ccmt,CC BY 4.0,grp_f54081aea7c42a3b98046be9,3a09ebdf14d346459ecc6114ff3221f1e45e259f352df6159b3d26fbd227af7f,27424,1,lossless_jpeg_metadata_strip_preserve_orientation_v2,,,
datasets/corn-field-pest-v2/train/healthy/img_cbbf59dc86994f045878fe36.jpg,train,healthy,tom2024,CC BY 4.0,grp_19481966812e32637ef5848c,7e00a1d329da7f627a71e8cf98317efb0da1ab0bd8b56e06874345821de1fe41,9271,1,lossless_jpeg_metadata_strip_preserve_orientation_v2,,,
datasets/corn-field-pest-v2/train/leaf_beetle_unknown/img_69702ba5a8fd5958090675f2.jpg,train,leaf_beetle_unknown,ccmt,CC BY 4.0,grp_69d38815e8c8af5272ff80be,bff2df2b9984e0535402bfa35f865c0b2053b32eb978975e38e3b1dcfddf0112,28928,1,lossless_jpeg_metadata_strip_preserve_orientation_v2,,,
datasets/corn-field-pest-v2/train/grasshopper_unknown/img_4996c25e5956176928a2d85b.jpg,train,grasshopper_unknown,ccmt,CC BY 4.0,grp_099ea060f3d3f07424c67293,58727d96e1bf37061b5fb47c23c4e9917b39d86dc2ad06386d57ed258522362d,51207,1,lossless_jpeg_metadata_strip_preserve_orientation_v2,,,
datasets/corn-field-pest-v2/val/fall_armyworm/img_9fdd937603547604afb68cc2.jpg,val,fall_armyworm,tom2024,CC BY 4.0,grp_b0084e5f8f75dda3fd5b01c9,057e23d55eb846a19c2db7cc52eb97b1de267c4a544d743a238353da209b10e9,11248,1,lossless_jpeg_metadata_strip_preserve_orientation_v2,,,
datasets/corn-field-pest-v2/train/leaf_beetle_unknown/img_d6c5cb4ea080ddd401ffa16d.jpg,train,leaf_beetle_unknown,ccmt,CC BY 4.0,grp_8f76a55bd9adb81ae9919df4,4bb0fa02dbe15b6e4ae1b32b5c9ad71c1fe02376d73f55957c3e527923c23c8c,61213,1,lossless_jpeg_metadata_strip_preserve_orientation_v2,,,
datasets/corn-field-pest-v2/train/leaf_beetle_unknown/img_3acb27eb3baca6b4d59dd2eb.jpg,train,leaf_beetle_unknown,ccmt,CC BY 4.0,grp_58e23f2a61b92685e24cf0c9,28a90c758e6ac8de024eb23548b5f1e8857bdd37f00530c2593721ab21141e49,20053,1,lossless_jpeg_metadata_strip_preserve_orientation_v2,,,
datasets/corn-field-pest-v2/train/leaf_beetle_unknown/img_48975793031859bf98e5e97e.jpg,train,leaf_beetle_unknown,ccmt,CC BY 4.0,grp_f8090fb470e0d6eed98e2ab9,979ba4cb23a05e4e416c7180e1708804536cb663b9be8edcdbc01d073eb56a3e,23383,1,lossless_jpeg_metadata_strip_preserve_orientation_v2,,,
datasets/corn-field-pest-v2/train/fall_armyworm/img_1d0a2d1d71fcdb4fb6b69721.jpg,train,fall_armyworm,tom2024,CC BY 4.0,grp_d104c73409900b4afe19f092,3b6a4324389dec03cf62a2f94e3aaeac4f186e26322271fda942b2fd00cd9467,1897,1,lossless_jpeg_metadata_strip_preserve_orientation_v2,,,
datasets/corn-field-pest-v2/train/healthy/img_78a3065edf4d4bfb1b3ac642.jpg,train,healthy,tom2024,CC BY 4.0,grp_661b4dfe46f4b659551775f4,bc45dae86366d7667a5cabaee8b65ba2cdb1fd1f00181d91ec156570ddee6efd,9501,1,lossless_jpeg_metadata_strip_preserve_orientation_v2,,,
datasets/corn-field-pest-v2/train/leaf_beetle_unknown/img_a1e80b2f4d1e278d59601ac6.jpg,train,leaf_beetle_unknown,ccmt,CC BY 4.0,grp_f6ef389078b80155bb79b315,495ac69d7ac9244f12e82b1a18aa445ca028c9573e90041aa263d1995b78b840,26383,1,lossless_jpeg_metadata_strip_preserve_orientation_v2,,,
datasets/corn-field-pest-v2/train/fall_armyworm/img_409dceff41114433b8e4fe8b.jpg,train,fall_armyworm,ccmt,CC BY 4.0,grp_d2297da597d6f4c73c8b1202,31e266237110460b01e29f559acadeeabfd93000ab8ff0f15e64ab59f910bf12,56071,1,lossless_jpeg_metadata_strip_preserve_orientation_v2,,,
datasets/corn-field-pest-v2/train/leaf_beetle_unknown/img_a4ec3e0216a1411373647faf.jpg,train,leaf_beetle_unknown,ccmt,CC BY 4.0,grp_b66b63dcf48b541794cd060a,f35858b6859967d1f856a6fbbc1579bbd7ef6557351bccd9027514c3e6bb25f9,32961,1,lossless_jpeg_metadata_strip_preserve_orientation_v2,,,
datasets/corn-field-pest-v2/train/fall_armyworm/img_5394da9618722918ed212b98.jpg,train,fall_armyworm,ccmt,CC BY 4.0,grp_b69c8e3208f577de5ab9960a,439e3533948ec9a8f1dda8f7d813737d75dff8d56bf0df8094763ee8e15918f9,43818,1,lossless_jpeg_metadata_strip_preserve_orientation_v2,,,
datasets/corn-field-pest-v2/train/leaf_beetle_unknown/img_31147fe8f950ff9a0dd707b4.jpg,train,leaf_beetle_unknown,ccmt,CC BY 4.0,grp_3a3af7ec71c436dbe7f15a9a,ad941ce212d7c2048167fcf5f753175a3e976d06894befa4ccbba33e174e2ac9,30720,1,lossless_jpeg_metadata_strip_preserve_orientation_v2,,,
datasets/corn-field-pest-v2/val/healthy/img_1f836bba781039d08db1106b.jpg,val,healthy,ccmt,CC BY 4.0,grp_c8d3fe86b7fafecf8f26f6ff,9dcec8128e57f73046cd4d9ff1924fd070c9d115173932e85f0b3e53cfe13c7f,46863,1,lossless_jpeg_metadata_strip_preserve_orientation_v2,,,
datasets/corn-field-pest-v2/train/grasshopper_unknown/img_98630556a15f2d1d03f3ae9c.jpg,train,grasshopper_unknown,ccmt,CC BY 4.0,grp_9add9a15faee5a2292d1b5fa,fd0f352000de29e6870939c68b23c21d1e7aa8e10c22ad84beb9d9a878ccec3e,36336,1,lossless_jpeg_metadata_strip_preserve_orientation_v2,,,
datasets/corn-field-pest-v2/train/healthy/img_eb737c4d1b44d8a8507b2f88.jpg,train,healthy,tom2024,CC BY 4.0,grp_db68710c211dfc9da8a9fd17,278b44932f393ea7d465713fa37b046d82bb9675def5eb494957b235cf4db9e6,9878,1,lossless_jpeg_metadata_strip_preserve_orientation_v2,,,
datasets/corn-field-pest-v2/val/healthy/img_586b19827519db1396669639.jpg,val,healthy,tom2024,CC BY 4.0,grp_5921cfae928640a203796a47,d1e5a3aeccd32de66b9d339b4637f2581aa2b483192ef47a1ce407b23b22be65,7297,1,lossless_jpeg_metadata_strip_preserve_orientation_v2,,,
datasets/corn-field-pest-v2/train/fall_armyworm/img_c9a87a90bdc39a85d715f10e.jpg,train,fall_armyworm,tom2024,CC BY 4.0,grp_a004bd150a7d748d56f3871c,500e08a0dd48cc77640014951a36846d4cecdb27ce3ff43a1332a20adae2133d,5748,1,lossless_jpeg_metadata_strip_preserve_orientation_v2,,,
datasets/corn-field-pest-v2/train/fall_armyworm/img_05c16385958942ddf7e7da23.jpg,train,fall_armyworm,ccmt,CC BY 4.0,grp_4ac086fe790d85da38b54b6a,27cf1af2d57331ada88941b90c50bd2009d51b68e99a8b86890215ab1c9f52ea,49327,1,lossless_jpeg_metadata_strip_preserve_orientation_v2,,,
datasets/corn-field-pest-v2/train/fall_armyworm/img_bf16726365af94b0e69b069f.jpg,train,fall_armyworm,ccmt,CC BY 4.0,grp_f377d76f9b88f70459516c9b,14110cc9fecc6166f58b40ebb2d7a0d7986c242d5137140a6a5cb9b28303bc88,48369,1,lossless_jpeg_metadata_strip_preserve_orientation_v2,,,
datasets/corn-field-pest-v2/val/leaf_beetle_unknown/img_035c3660921dade71e21576d.jpg,val,leaf_beetle_unknown,ccmt,CC BY 4.0,grp_96d05e73bbbddaaaf1d31a1d,3df99576fe43934293039716822cb1167bd3461eba65e5d051ec197a7ce5b296,35595,1,lossless_jpeg_metadata_strip_preserve_orientation_v2,,,
datasets/corn-field-pest-v2/val/healthy/img_fb50020d95962b1d809baf0c.jpg,val,healthy,ccmt,CC BY 4.0,grp_f89c07aada9451385e0a4c7c,1b75e905ad81f1031258f14a00c9ddb0ee4f9f7182baeb2637f3718b8366c6af,37734,1,lossless_jpeg_metadata_strip_preserve_orientation_v2,,,
datasets/corn-field-pest-v2/train/healthy/img_5ce71e4018081a05b103158d.jpg,train,healthy,ccmt,CC BY 4.0,grp_fa3836fe52006c52d30d3f85,8842a8eaee4255159f0df8811db7e9ca96c1276c2ba2266dcf262fdd43862ab8,35324,1,lossless_jpeg_metadata_strip_preserve_orientation_v2,,,
datasets/corn-field-pest-v2/train/leaf_beetle_unknown/img_c451cf3b6520b8ba69faf71a.jpg,train,leaf_beetle_unknown,ccmt,CC BY 4.0,grp_366e59b339fc4e4d787b47b4,bdf7e41387cb4ffe7a6db81ac7307fdb797654ca8522d27c76d47e875f1bed92,42535,1,lossless_jpeg_metadata_strip_preserve_orientation_v2,,,
datasets/corn-field-pest-v2/val/grasshopper_unknown/img_aabeedff34fcbacb995322e9.jpg,val,grasshopper_unknown,ccmt,CC BY 4.0,grp_39b8213feec1084ca71155f5,09a720affab77b9aed35c6cfed5c4bb0aef65eecd10c2dedc3a956a25ce144d4,24349,1,lossless_jpeg_metadata_strip_preserve_orientation_v2,,,
datasets/corn-field-pest-v2/train/grasshopper_unknown/img_20c70fa9526aa18971dc676f.jpg,train,grasshopper_unknown,ccmt,CC BY 4.0,grp_59b6a0374f2e6679139e4642,3ca529bda2abfa7da943bf419e8f8da6735f8f4aed6063e4b8c7d7d01ede4836,30326,1,lossless_jpeg_metadata_strip_preserve_orientation_v2,,,
datasets/corn-field-pest-v2/train/fall_armyworm/img_94e14a6bc4853a8113cc0637.jpg,train,fall_armyworm,ccmt,CC BY 4.0,grp_83a03f79b0f2fa2bc8b6d336,a87fc3d0ad0348efc298af2764de954dc8c8c0e1712e87f9602a780e0b419e83,54217,1,lossless_jpeg_metadata_strip_preserve_orientation_v2,,,
datasets/corn-field-pest-v2/train/grasshopper_unknown/img_854c1e22c98997c642a298a5.jpg,train,grasshopper_unknown,ccmt,CC BY 4.0,grp_d54c3dcb6e6ce7186cc86a1c,91626d04801255b4c213235f50a2c3d92506820c89f0ed0e93e46fccc47e9d17,33820,1,lossless_jpeg_metadata_strip_preserve_orientation_v2,,,
datasets/corn-field-pest-v2/train/leaf_beetle_unknown/img_60ca525d4db68e308cb4c8ac.jpg,train,leaf_beetle_unknown,ccmt,CC BY 4.0,grp_b3f84d3cbf2748487da4ff23,e823f40e92f020d11883fdb3f149cec51e9bb7afbf04b18512726d4fd26ca985,31004,1,lossless_jpeg_metadata_strip_preserve_orientation_v2,,,
datasets/corn-field-pest-v2/train/healthy/img_534b9051f756da969ed6b8df.jpg,train,healthy,tom2024,CC BY 4.0,grp_313d185c86561d1033110082,becea63c8213471c29d0d12f39748cbd43b7e3d6390ca4b6d260c7b3e9aac031,2778,1,lossless_jpeg_metadata_strip_preserve_orientation_v2,,,
datasets/corn-field-pest-v2/train/leaf_beetle_unknown/img_17160b7f993faa1b6f979387.jpg,train,leaf_beetle_unknown,ccmt,CC BY 4.0,grp_8d619a9e34b2bdc853373e03,ca94fd1f73a25e20b174198e5e386e7ee156a7fb18b01ea1bf5862207d7d00d6,35245,1,lossless_jpeg_metadata_strip_preserve_orientation_v2,,,
datasets/corn-field-pest-v2/train/grasshopper_unknown/img_66ce6d77c606589851325710.jpg,train,grasshopper_unknown,ccmt,CC BY 4.0,grp_aa81fa5ac19159744fe70867,52b79aa8cce36a57f1d0a8531a4611b2047e919c9761c1fdb3778f69ab506a7e,47103,1,lossless_jpeg_metadata_strip_preserve_orientation_v2,,,
datasets/corn-field-pest-v2/train/fall_armyworm/img_59d909d46be1ad9de7e6471f.jpg,train,fall_armyworm,tom2024,CC BY 4.0,grp_76dd1ff67669f80db242b844,c35147f4712397b874e25e7ad288abbeabe6211e38baa6d237e70c8787563569,21422,1,lossless_jpeg_metadata_strip_preserve_orientation_v2,,,
datasets/corn-field-pest-v2/val/leaf_beetle_unknown/img_414cbd0b56cb8ac4cd6196c9.jpg,val,leaf_beetle_unknown,ccmt,CC BY 4.0,grp_a0cf45f1eca0ec992bf5d1da,c10ce87bd45bf2f56aa066a030ce21ded92c0010792e9ed6ca8ffd881267ec75,34301,1,lossless_jpeg_metadata_strip_preserve_orientation_v2,,,
datasets/corn-field-pest-v2/val/grasshopper_unknown/img_fdc14e3c1b9b7bb118351369.jpg,val,grasshopper_unknown,ccmt,CC BY 4.0,grp_f09fc3a9aa7d35d71d8eecf3,ae714fcc3558f28f2cdb3e4109eb1a604b53e44b908ed1ad01e756c562082a58,31444,1,lossless_jpeg_metadata_strip_preserve_orientation_v2,,,
datasets/corn-field-pest-v2/val/leaf_beetle_unknown/img_15c7054ec47a073102be593a.jpg,val,leaf_beetle_unknown,ccmt,CC BY 4.0,grp_0822c3cf69773b92b6b5f9cc,9b7923310fdb821c51bb4029c736161efafa780d7278fdf95b3d8c9daaef637e,74300,1,lossless_jpeg_metadata_strip_preserve_orientation_v2,,,
datasets/corn-field-pest-v2/train/leaf_beetle_unknown/img_7b88701c985f6b1448d3df0e.jpg,train,leaf_beetle_unknown,ccmt,CC BY 4.0,grp_4b83f9ec57dad24412e1cd7b,ab2b66ec06524d960ce01161a52a9c4fb0b7cfe7222bcfe3185343b5b11649f0,33648,1,lossless_jpeg_metadata_strip_preserve_orientation_v2,,,
datasets/corn-field-pest-v2/val/grasshopper_unknown/img_637b2a95821904479d39b0ec.jpg,val,grasshopper_unknown,ccmt,CC BY 4.0,grp_d4acbe9788826f352aaedc21,62316c846f35c1829cc9ded8cc5aa353b1ecf0a202a760579eccd2df6286302f,46181,1,lossless_jpeg_metadata_strip_preserve_orientation_v2,,,
datasets/corn-field-pest-v2/train/leaf_beetle_unknown/img_c502e2e281d68b9c1a5a8afd.jpg,train,leaf_beetle_unknown,ccmt,CC BY 4.0,grp_f9a04fdcff5d8958a9b82cdc,bc4ebb5ef8ce8b07805a7279aa7a3ab2005e972259fdde35ddc539f4084d7718,22295,1,lossless_jpeg_metadata_strip_preserve_orientation_v2,,,
datasets/corn-field-pest-v2/val/fall_armyworm/img_ead5793ee3357b1ef269a26c.jpg,val,fall_armyworm,tom2024,CC BY 4.0,grp_29dedf6df11adeff65f15153,589ad8110fffe2a346964c98c86250a2cb39ad4c96f2b04698308c431030d169,4897,1,lossless_jpeg_metadata_strip_preserve_orientation_v2,,,
datasets/corn-field-pest-v2/train/grasshopper_unknown/img_0d293244e83668262f96e0e0.jpg,train,grasshopper_unknown,ccmt,CC BY 4.0,grp_1a00905659485a4cf71a678c,7007fda83da6d0fb07f8c24fe07f7668457cedc7568fae0173cec0d92e496399,30636,1,lossless_jpeg_metadata_strip_preserve_orientation_v2,,,
datasets/corn-field-pest-v2/train/healthy/img_78e334978e8fe6e3c4b91822.jpg,train,healthy,tom2024,CC BY 4.0,grp_db68710c211dfc9da8a9fd17,5f3d8f431df3d8b449aa7b06334c60ae3e1b17b2570e6704fbadae4656ba78f1,5582,1,lossless_jpeg_metadata_strip_preserve_orientation_v2,,,
datasets/corn-field-pest-v2/train/healthy/img_35362345e725658988e36b70.jpg,train,healthy,tom2024,CC BY 4.0,grp_e711012550ef331878316d2f,442ee248f428981efd75a746800587f6e1425eb707bfb42ae686f9c017f52986,5860,1,lossless_jpeg_metadata_strip_preserve_orientation_v2,,,
datasets/corn-field-pest-v2/val/healthy/img_c3e351c239ae521a4c8e2190.jpg,val,healthy,tom2024,CC BY 4.0,grp_5921cfae928640a203796a47,e45eea6e9e04f4a7c42b64d42d8886390b702b190a08597d17cf17e8d6c8f8b9,2892,1,lossless_jpeg_metadata_strip_preserve_orientation_v2,,,
datasets/corn-field-pest-v2/train/leaf_beetle_unknown/img_227ee131c6f88c7ea1212c7c.jpg,train,leaf_beetle_unknown,ccmt,CC BY 4.0,grp_ce85cc11747725a2322653be,190239670decb8b49b779c67ac6461c674f196f5890210f0964de5111057a876,30064,1,lossless_jpeg_metadata_strip_preserve_orientation_v2,,,
datasets/corn-field-pest-v2/train/healthy/img_fb6d2cc0d90108961044d691.jpg,train,healthy,tom2024,CC BY 4.0,grp_04a1ccd6b0dedb4946cecc83,6fbbe195957ea4f2398e77eeffff9b5ee1a635aed20c0e4e5c3a366bcda5f6db,6774,1,lossless_jpeg_metadata_strip_preserve_orientation_v2,,,
datasets/corn-field-pest-v2/train/healthy/img_994c51b71248c49ff56942b5.jpg,train,healthy,tom2024,CC BY 4.0,grp_4490bbb6868b52544b838b19,d0e2cb68a698d7824ba140b0e9e735d348b394cfaa9271ad3fa81e372994a3ed,15426,1,lossless_jpeg_metadata_strip_preserve_orientation_v2,,,
datasets/corn-field-pest-v2/train/leaf_beetle_unknown/img_72a23d2a5f11b6f2d9979e0c.jpg,train,leaf_beetle_unknown,ccmt,CC BY 4.0,grp_8e6dae313029995846a6cced,5b7caf020246f442061df0b94ace9119bf1d119d43e7423ae70953d9dd9f1337,15929,1,lossless_jpeg_metadata_strip_preserve_orientation_v2,,,
datasets/corn-field-pest-v2/train/grasshopper_unknown/img_301a2703c096995751cce5fd.jpg,train,grasshopper_unknown,ccmt,CC BY 4.0,grp_729cbd8154c8a64e12727a78,c425524d1b7f6a3f756905082aa5fc080ad0fc970baf58fe8f6d8f071df92c36,66291,1,lossless_jpeg_metadata_strip_preserve_orientation_v2,,,
datasets/corn-field-pest-v2/train/fall_armyworm/img_3530a11d5ae9ea9e81c310ab.jpg,train,fall_armyworm,ccmt,CC BY 4.0,grp_86147f5688ec7d923a014e26,689bc0d43fa379e230ed4d502c8580b50cb91ddd77d8b94069f8e761cb53dacc,38446,1,lossless_jpeg_metadata_strip_preserve_orientation_v2,,,
datasets/corn-field-pest-v2/val/grasshopper_unknown/img_17fe64f8913f02efaaf5754d.jpg,val,grasshopper_unknown,ccmt,CC BY 4.0,grp_916d995e12014a43beee4ecb,7d0bf32de0cb1b148935cec2a18448a63f624268ab498cec12ccda9fdf95e56b,53635,1,lossless_jpeg_metadata_strip_preserve_orientation_v2,,,
datasets/corn-field-pest-v2/train/leaf_beetle_unknown/img_e5e6d5fdda81f843f50fdfc2.jpg,train,leaf_beetle_unknown,ccmt,CC BY 4.0,grp_9f3dcce8ace1bbbad9bf04ad,7f13c37d52e9b4d48d7b93586b4d770d1e99b8d77b87becb0207deea1d6e09ff,42435,1,lossless_jpeg_metadata_strip_preserve_orientation_v2,,,
datasets/corn-field-pest-v2/train/fall_armyworm/img_c49311a532777d2464d1a17f.jpg,train,fall_armyworm,ccmt,CC BY 4.0,grp_5ddef0d5dfa8fe41223da149,cbba06c26ea00cddc7af4b06ba49f460db9efb5d90011c326fd3e07723b2421a,40560,1,lossless_jpeg_metadata_strip_preserve_orientation_v2,,,
datasets/corn-field-pest-v2/train/healthy/img_50443ed9ce0e956c63d70190.jpg,train,healthy,ccmt,CC BY 4.0,grp_99928ab56ffabb42c45c02a5,acbb48c2a0b7923da7c21e147bb8effeaacc4d4d54acf8d17ba49c43d0df35e1,43047,1,lossless_jpeg_metadata_strip_preserve_orientation_v2,,,
datasets/corn-field-pest-v2/train/healthy/img_2190a2fcbd0944eeab3cc4c5.jpg,train,healthy,tom2024,CC BY 4.0,grp_c8511b609898189f3bbba132,31a0a2ebb1e8c824bab030fb8c6f407563b23c24205e3651f9ad90426a3d7cf3,5860,1,lossless_jpeg_metadata_strip_preserve_orientation_v2,,,
datasets/corn-field-pest-v2/train/leaf_beetle_unknown/img_092c448f279344cd5f519bd6.jpg,train,leaf_beetle_unknown,ccmt,CC BY 4.0,grp_763931d80469e0870a3fb077,bf88f9f8eb64f98101cba122c236f394638897308f2c093fd41461713f648388,31718,1,lossless_jpeg_metadata_strip_preserve_orientation_v2,,,
datasets/corn-field-pest-v2/train/fall_armyworm/img_c9b9db98d000d6a853113c45.jpg,train,fall_armyworm,ccmt,CC BY 4.0,grp_76cfb3d59cc8628f646f416e,4241996e5dc8e0b11b5e7453833747fdbb2d26ae0016cfec79bcf8fed5cdddc2,33439,1,lossless_jpeg_metadata_strip_preserve_orientation_v2,,,
datasets/corn-field-pest-v2/val/grasshopper_unknown/img_f306963249584a66651fc8fd.jpg,val,grasshopper_unknown,ccmt,CC BY 4.0,grp_ed9f0deb347c000b93e08f1b,f887ac8bba8f46c5745c7000532456539509ef3627c50c96249270f8d1a0d2b7,37100,1,lossless_jpeg_metadata_strip_preserve_orientation_v2,,,
datasets/corn-field-pest-v2/train/healthy/img_541cbaefd1c596ff4e604ae1.jpg,train,healthy,tom2024,CC BY 4.0,grp_a0144cf8c0efc1d73cc4350a,52d7d5f63133387baa0617758a8fe7657d70a9c04bc44203b372ff43049833e3,20860,1,lossless_jpeg_metadata_strip_preserve_orientation_v2,,,
datasets/corn-field-pest-v2/train/fall_armyworm/img_af7dea5e4894373e86e55c4e.jpg,train,fall_armyworm,ccmt,CC BY 4.0,grp_c7a3b4919010d1507d6e0931,8b1c0b2d6de0da8a74e7ae1149651a17e2cc59c451ebaca668c98203c3675021,54535,1,lossless_jpeg_metadata_strip_preserve_orientation_v2,,,
datasets/corn-field-pest-v2/val/fall_armyworm/img_4060de974edff5e2d3ca984d.jpg,val,fall_armyworm,tom2024,CC BY 4.0,grp_dfd726b5b1ae01a3fc366de0,ad470fca10821c7b85599729cc5317e75839cd4caf7cb6581680d43e9d6d9fe9,11247,1,lossless_jpeg_metadata_strip_preserve_orientation_v2,,,
datasets/corn-field-pest-v2/val/healthy/img_0ca3b149cd9c32577dd20199.jpg,val,healthy,ccmt,CC BY 4.0,grp_8e9cae4b65e99a1e772d44e2,82958685548dbaf75874dd4a4872c7fe0501300de4e1c88326d9ed292121edc3,48819,1,lossless_jpeg_metadata_strip_preserve_orientation_v2,,,
datasets/corn-field-pest-v2/train/leaf_beetle_unknown/img_75d102f00fe73ad89fb0cbac.jpg,train,leaf_beetle_unknown,ccmt,CC BY 4.0,grp_7a9f5f8947b476620e89c139,6a7a7a6e6189da64e4e21979947f829221ece163243e3482aacdde9576e98a16,34449,1,lossless_jpeg_metadata_strip_preserve_orientation_v2,,,
datasets/corn-field-pest-v2/train/leaf_beetle_unknown/img_bdfa4c401f9e894653fca7e5.jpg,train,leaf_beetle_unknown,ccmt,CC BY 4.0,grp_baf69b3112b9c3c77006800b,b6146c3cafd0f3956bea0547f81d1ae440a0e499ca1d31102446379067fc2a43,30300,1,lossless_jpeg_metadata_strip_preserve_orientation_v2,,,
datasets/corn-field-pest-v2/train/fall_armyworm/img_745b1c1a8d654ff5299845c6.jpg,train,fall_armyworm,ccmt,CC BY 4.0,grp_148b66ae1e55033945d0808a,9316abd22d1308dd0b94be38c32b2f58505b685a6946ab4e0ed6366b2eb45e02,58922,1,lossless_jpeg_metadata_strip_preserve_orientation_v2,,,
datasets/corn-field-pest-v2/train/healthy/img_79ab0aba2d437e248f9fe232.jpg,train,healthy,tom2024,CC BY 4.0,grp_9fa5e1ea32212aa6a57d1e3f,6b40223756db5024025c3ef0688574f4dba323131ec89a4e6949874666b3409d,6731,1,lossless_jpeg_metadata_strip_preserve_orientation_v2,,,
datasets/corn-field-pest-v2/train/fall_armyworm/img_7fc56bcb98f7c1385bcae8a4.jpg,train,fall_armyworm,tom2024,CC BY 4.0,grp_19206dcc33423939cac7b3be,bd65d16e63e8ab71199a58b8b989adadaa4328d3d8b84f9a4787bbfe5eb3ac19,6381,1,lossless_jpeg_metadata_strip_preserve_orientation_v2,,,
datasets/corn-field-pest-v2/val/fall_armyworm/img_9bd2fa3a959c5bd347599b62.jpg,val,fall_armyworm,tom2024,CC BY 4.0,grp_8a76facf1828151e1977a295,58414292a1bbacef49aaf577dbc6993b3ed3834d5214c34bb4362d64c74db9a7,13065,1,lossless_jpeg_metadata_strip_preserve_orientation_v2,,,
datasets/corn-field-pest-v2/train/leaf_beetle_unknown/img_8158125568006725cd6bcb2f.jpg,train,leaf_beetle_unknown,ccmt,CC BY 4.0,grp_d35620c8ccd41a09b1234c25,770a80ea9877f947f1d59adb2103515374c6b927a27ad361187eb5e5a27f7ebf,23152,1,lossless_jpeg_metadata_strip_preserve_orientation_v2,,,
datasets/corn-field-pest-v2/val/grasshopper_unknown/img_d12f167eee7566db03102567.jpg,val,grasshopper_unknown,ccmt,CC BY 4.0,grp_9c1f7c74ef952f6ed0987d27,48a213ef34d4158dd0a0e12b382633c272d06d5b82e1cb82d873d66620cd7ecd,24836,1,lossless_jpeg_metadata_strip_preserve_orientation_v2,,,
datasets/corn-field-pest-v2/train/leaf_beetle_unknown/img_967a1738a9bfe8124faa0b26.jpg,train,leaf_beetle_unknown,ccmt,CC BY 4.0,grp_c19153c716350680e33aa550,8f1aa6d57ecf362da399929991e1b9f72f6deda6218ee007ff9262fa2901e099,22661,1,lossless_jpeg_metadata_strip_preserve_orientation_v2,,,
datasets/corn-field-pest-v2/train/leaf_beetle_unknown/img_1b1ccadbc77808b23660188e.jpg,train,leaf_beetle_unknown,ccmt,CC BY 4.0,grp_458e9b1f9626d58cb65a360c,c78961687872027d8721b57013b16040ee68c561075e5e04a421178a30227da1,20207,1,lossless_jpeg_metadata_strip_preserve_orientation_v2,,,
datasets/corn-field-pest-v2/train/leaf_beetle_unknown/img_2fe50d2117012fc224da658f.jpg,train,leaf_beetle_unknown,ccmt,CC BY 4.0,grp_6eddefbc9a9394aaeb302877,32805ccd321fc4f614cac8a67944ac8d240a4f50bca6e851fb54d2ba9b0fa17e,40251,1,lossless_jpeg_metadata_strip_preserve_orientation_v2,,,
datasets/corn-field-pest-v2/train/leaf_beetle_unknown/img_00f5a34dcb96fe1776bd2eff.jpg,train,leaf_beetle_unknown,ccmt,CC BY 4.0,grp_6b4dae013bc09c84d386b190,962236aa18ce28e05310af12881e2b9033ec979681e14efffdd52ccc622cbf9d,41627,1,lossless_jpeg_metadata_strip_preserve_orientation_v2,,,
datasets/corn-field-pest-v2/val/fall_armyworm/img_500fcd0011b680a5f15bdced.jpg,val,fall_armyworm,tom2024,CC BY 4.0,grp_b812dc3afd5e6357aefddf9d,12815f06b310046fadf105f5a3a8e959077531726900e033652c98dc626e8f8c,2787,1,lossless_jpeg_metadata_strip_preserve_orientation_v2,,,
datasets/corn-field-pest-v2/train/fall_armyworm/img_4315ef4a36a4b4f88af094f7.jpg,train,fall_armyworm,ccmt,CC BY 4.0,grp_3d84e61d28723803912b60da,1b0173fcb1faa2cae76fbae85c79994fd5ef963846ec153c6990df1d58360c28,41637,1,lossless_jpeg_metadata_strip_preserve_orientation_v2,,,
datasets/corn-field-pest-v2/train/fall_armyworm/img_b45e8dc1d9d1371630db1307.jpg,train,fall_armyworm,tom2024,CC BY 4.0,grp_92696f6571fa365c1aeb9771,0fc5068f5c356a34d194855dfffc4bb81e9857d5c064f86aa6350b9d82791b3c,10221,1,lossless_jpeg_metadata_strip_preserve_orientation_v2,,,
datasets/corn-field-pest-v2/train/grasshopper_unknown/img_86074f084ba4cac39ea53222.jpg,train,grasshopper_unknown,ccmt,CC BY 4.0,grp_15a14b09461e8a4aa1cc5dde,804014122f8115d967029d396dddb7a5afac52140751aad7908a8b3f1bca9c51,51832,1,lossless_jpeg_metadata_strip_preserve_orientation_v2,,,
datasets/corn-field-pest-v2/train/leaf_beetle_unknown/img_113e7541695861badbf0dfae.jpg,train,leaf_beetle_unknown,ccmt,CC BY 4.0,grp_25962c3b49cd7fc93819769f,444f5e6e2839ec8c370d7c925e3f9a502a8885446f9fb9a2c2d0f1663220cec3,45627,1,lossless_jpeg_metadata_strip_preserve_orientation_v2,,,
datasets/corn-field-pest-v2/train/fall_armyworm/img_f8fc59a78763c343e7aac9d0.jpg,train,fall_armyworm,ccmt,CC BY 4.0,grp_e1575e1f1174e0296f89a677,b0d1a1b1a900c89270d1be5757532b0089bad6b9156e8217880aeb998b936bd1,39528,1,lossless_jpeg_metadata_strip_preserve_orientation_v2,,,
datasets/corn-field-pest-v2/train/fall_armyworm/img_7ed49515c171bce960de80ac.jpg,train,fall_armyworm,tom2024,CC BY 4.0,grp_ef4a9fe934afe60ef834bda9,df5cd9bdd2c07e13ba419140d694c5e029610c11259f3bb8ba3ca8ebd53dbd2d,9298,1,lossless_jpeg_metadata_strip_preserve_orientation_v2,,,
datasets/corn-field-pest-v2/train/healthy/img_bf2f0be61591d30c6aebb21c.jpg,train,healthy,tom2024,CC BY 4.0,grp_a976692399aa656fae90509c,d84d33e6bdc52609e52fbef2c0288d6acee5e1ba43575ec3787415282f826406,7037,1,lossless_jpeg_metadata_strip_preserve_orientation_v2,,,
datasets/corn-field-pest-v2/val/healthy/img_a7935e020fbded85d9c72c97.jpg,val,healthy,ccmt,CC BY 4.0,grp_84a8f6173e14d5d3f3263331,b60441320c22b002dd760a5594a2c8b099d9cd19825a8cb43b29f20b3256955d,42204,1,lossless_jpeg_metadata_strip_preserve_orientation_v2,,,
datasets/corn-field-pest-v2/train/leaf_beetle_unknown/img_9a965bf1d97a72cb9a5b88a7.jpg,train,leaf_beetle_unknown,ccmt,CC BY 4.0,grp_2b53c5d639eb5ba22fa14f05,d994d3e3fb0c2d591ef4608f3d42fd3cfacb605ad16022e63e8ebf43165c58e5,34706,1,lossless_jpeg_metadata_strip_preserve_orientation_v2,,,
datasets/corn-field-pest-v2/train/leaf_beetle_unknown/img_6fdea854fc216fef30ba393b.jpg,train,leaf_beetle_unknown,ccmt,CC BY 4.0,grp_74b5904b3cef555e8c9fb78d,488ec5a6ad5ba071c48ecfb62c7345dcac39a34a0fa706d247d596e1e4adcb7b,24494,1,lossless_jpeg_metadata_strip_preserve_orientation_v2,,,
datasets/corn-field-pest-v2/train/healthy/img_d78b2edbe489cd3dfbbdd0ce.jpg,train,healthy,tom2024,CC BY 4.0,grp_f2f64d59b2f635deb8ea9ba0,d17b1c2724e465d4c2627ff9b040f72c1a28e6605290fe72d5a545d6f50e87b5,3726,1,lossless_jpeg_metadata_strip_preserve_orientation_v2,,,
datasets/corn-field-pest-v2/train/grasshopper_unknown/img_ad91d60188a6c168fde809ea.jpg,train,grasshopper_unknown,ccmt,CC BY 4.0,grp_a1d88ea07e33af64ab586d78,200ef4562161f554c74b0da2498b3f8cf4b9b1b975916d1ef564f12f0982d53f,40331,1,lossless_jpeg_metadata_strip_preserve_orientation_v2,,,
datasets/corn-field-pest-v2/val/grasshopper_unknown/img_2634fef134d4706b17c484be.jpg,val,grasshopper_unknown,ccmt,CC BY 4.0,grp_52c3fb9e700e0eb9276d524d,db47d537e4376f1c765cedb3766c075532fbfa562acae4d585f8fb1d565dd819,25986,1,lossless_jpeg_metadata_strip_preserve_orientation_v2,,,
datasets/corn-field-pest-v2/train/healthy/img_d0ebae2afb426443b92596ba.jpg,train,healthy,ccmt,CC BY 4.0,grp_596761f6568e1100de0c4ec0,ca60fbc424575e4caf51f81948f38d98de3c4d2481eee170b505ab3961927ba5,43979,1,lossless_jpeg_metadata_strip_preserve_orientation_v2,,,
datasets/corn-field-pest-v2/train/leaf_beetle_unknown/img_6e2a79707db8ec055631e7e6.jpg,train,leaf_beetle_unknown,ccmt,CC BY 4.0,grp_9c1655603485daf483bebee9,28270ea987c6b86f8a083b6a115430c9c39bceb2fad9d7bce90d29717d1f500c,28775,1,lossless_jpeg_metadata_strip_preserve_orientation_v2,,,
datasets/corn-field-pest-v2/train/grasshopper_unknown/img_bbdb31525189feb675e518da.jpg,train,grasshopper_unknown,ccmt,CC BY 4.0,grp_ee5ab2a8d75f9ff17e4cd067,a804ceb6d361fe82cb4937b61fc34209c0733d3555e27d02ca9ee9fa7c4485ce,40197,1,lossless_jpeg_metadata_strip_preserve_orientation_v2,,,
datasets/corn-field-pest-v2/train/healthy/img_8a0c09625b81315931d515f3.jpg,train,healthy,ccmt,CC BY 4.0,grp_9fd6005be168ac8238271f47,a08d957ffc16237d0b9794695b31bfa37302847f2f51ecd1de397ddeb2c30b97,36008,1,lossless_jpeg_metadata_strip_preserve_orientation_v2,,,
datasets/corn-field-pest-v2/train/leaf_beetle_unknown/img_ebd0a78f3c37812b81c97d0f.jpg,train,leaf_beetle_unknown,ccmt,CC BY 4.0,grp_87b95280a196f0bf30e912f7,7df06e0fa03dc51fdbb937cf909cc96761e8bd365dc34c1fffe6dc66501a1d7b,21202,1,lossless_jpeg_metadata_strip_preserve_orientation_v2,,,
datasets/corn-field-pest-v2/train/healthy/img_da9be11ff357a9d6394c9182.jpg,train,healthy,tom2024,CC BY 4.0,grp_4a759e628ed45d7aadcd6b97,75e8515c0a491efd0d367164c36d06684d07b7dd6d225df73ffe87047047b65a,5959,1,lossless_jpeg_metadata_strip_preserve_orientation_v2,,,
datasets/corn-field-pest-v2/train/leaf_beetle_unknown/img_36515bf54b96f5cb0dd8999b.jpg,train,leaf_beetle_unknown,ccmt,CC BY 4.0,grp_7a6a18849d114d97a2815aef,55f79ffdc0ead1abea84c0247809b197cdf05f5f7bcc3bfbf29919abf0601630,32310,1,lossless_jpeg_metadata_strip_preserve_orientation_v2,,,
datasets/corn-field-pest-v2/train/leaf_beetle_unknown/img_3f641191a79b39bb369d1a3f.jpg,train,leaf_beetle_unknown,ccmt,CC BY 4.0,grp_eac0380af3ccb6aa571e74fb,22748c71d05849cb9daa6987e4dba04a74a029be6c00b967158a5bf7283cad84,41974,1,lossless_jpeg_metadata_strip_preserve_orientation_v2,,,
datasets/corn-field-pest-v2/train/fall_armyworm/img_cdb6f02d9b0a7843b3149cac.jpg,train,fall_armyworm,tom2024,CC BY 4.0,grp_8e5b247a1dc8e3d5ad01e467,66f94ab4509be39eb674dbdc16a3b7c864d09ec9edd19ad1fe4058a57138ff73,8807,1,lossless_jpeg_metadata_strip_preserve_orientation_v2,,,
datasets/corn-field-pest-v2/train/leaf_beetle_unknown/img_b7f8a5cd871d867ed4b50d77.jpg,train,leaf_beetle_unknown,ccmt,CC BY 4.0,grp_087a030a19b6239ace6a6d84,e7afd1b53b504434330b8722216e4f28b1b48aaf69cb0d0fea5de5b20afe816b,31544,1,lossless_jpeg_metadata_strip_preserve_orientation_v2,,,
datasets/corn-field-pest-v2/train/leaf_beetle_unknown/img_3a047447d18932dbba3c730e.jpg,train,leaf_beetle_unknown,ccmt,CC BY 4.0,grp_2a6cd1b7583c0c9eeb2e02cf,ac2f7a38362e93ef8b66ebffb71f4740aac122686af5526ef19a6d58cde0e855,31842,1,lossless_jpeg_metadata_strip_preserve_orientation_v2,,,
datasets/corn-field-pest-v2/train/grasshopper_unknown/img_7a184b8b28865eb02449726a.jpg,train,grasshopper_unknown,ccmt,CC BY 4.0,grp_d3fc16336496faf7e530bb79,69fb66233e34f64091d53caedc7cb0c25d9780d13f9ec2c0a6f7de688e8d4df5,27588,1,lossless_jpeg_metadata_strip_preserve_orientation_v2,,,
datasets/corn-field-pest-v2/train/healthy/img_850abddc48246fbc4071c95d.jpg,train,healthy,tom2024,CC BY 4.0,grp_0c3546cda7e6be2e182c63ef,f10322bbbb189bbb063bd2122d5657bc54f29103db2a1e6df18f90f7d5923bfa,5367,1,lossless_jpeg_metadata_strip_preserve_orientation_v2,,,
datasets/corn-field-pest-v2/train/grasshopper_unknown/img_fc2b46d44dee6ec39faf3764.jpg,train,grasshopper_unknown,ccmt,CC BY 4.0,grp_f5673069c0ebae5c3fdd7505,94a1d90886f9aba7e6af0afe5de3fc06ced2ecbe7ef746180fb919164b7de0bc,34020,1,lossless_jpeg_metadata_strip_preserve_orientation_v2,,,
datasets/corn-field-pest-v2/val/grasshopper_unknown/img_020d528d5deda857af7b3975.jpg,val,grasshopper_unknown,ccmt,CC BY 4.0,grp_227478cae1e34f29b3323eae,b1a75f56688885a1985f89a59563b526d96c066aaea7eddd605c44e2396612b0,62726,1,lossless_jpeg_metadata_strip_preserve_orientation_v2,,,
datasets/corn-field-pest-v2/train/maize_aphid_unknown/img_856f7089b39259dcfcb6466b.jpg,train,maize_aphid_unknown,yeesi,CC BY 4.0,grp_f29ddf78d40f1505d1a47f44,dde6b14f1514333861f5b819d0472c1f7ac54ba5857ce46e80a3eac1ee264ca7,4171480,1,lossless_jpeg_metadata_strip_preserve_orientation_v2,,,
datasets/corn-field-pest-v2/train/leaf_beetle_unknown/img_3abd3a6be0799c8f2823fffa.jpg,train,leaf_beetle_unknown,ccmt,CC BY 4.0,grp_a0528628ce4e9bddd7311d52,3421e6188dd22cb576d3551fa870f6d5937403ca733401ce4b811b0be026a4b4,39260,1,lossless_jpeg_metadata_strip_preserve_orientation_v2,,,
datasets/corn-field-pest-v2/train/grasshopper_unknown/img_337c8d9c64cac3259495d40a.jpg,train,grasshopper_unknown,ccmt,CC BY 4.0,grp_e08c9bc4ae095a65ff4796e1,8889bed402cf2c8ef6e2efe1bea4b2062b6a025277ea5532899e094f49167b86,45028,1,lossless_jpeg_metadata_strip_preserve_orientation_v2,,,
datasets/corn-field-pest-v2/val/fall_armyworm/img_5488fa083b5dc015aca586bd.jpg,val,fall_armyworm,tom2024,CC BY 4.0,grp_b7513f86eb722e15ba7dabd4,a003bb4c3a41eb422b9e4d6fa565865506efb6a7ab6aafbf8fe3678c5c7c4e5e,24851,1,lossless_jpeg_metadata_strip_preserve_orientation_v2,,,
datasets/corn-field-pest-v2/val/grasshopper_unknown/img_25f8117cc097c69e0047e0ac.jpg,val,grasshopper_unknown,ccmt,CC BY 4.0,grp_b054d1bb70a38972dc1460c4,2c8f93a5f5bef856552bc75bd158e64d5486ddb93d0601f632533f1de33187b4,22623,1,lossless_jpeg_metadata_strip_preserve_orientation_v2,,,
datasets/corn-field-pest-v2/train/fall_armyworm/img_88580b03814b391c84402852.jpg,train,fall_armyworm,tom2024,CC BY 4.0,grp_0d79e2c31e61342fcaebdcea,47e333dce4f62a27a3648caa7c055a6525217d62f3c9e25aca20081896109037,26921,1,lossless_jpeg_metadata_strip_preserve_orientation_v2,,,
datasets/corn-field-pest-v2/train/grasshopper_unknown/img_29d117444530e48784f5a4ec.jpg,train,grasshopper_unknown,ccmt,CC BY 4.0,grp_a7ba2e5a119261b92fe90a0a,786103109561ece1e9f3ee536cd1b7eb52631897491b6c3c3dd8fd9bbde7f4b0,33192,1,lossless_jpeg_metadata_strip_preserve_orientation_v2,,,
datasets/corn-field-pest-v2/train/leaf_beetle_unknown/img_c7d12421c9312c9529bc6f60.jpg,train,leaf_beetle_unknown,ccmt,CC BY 4.0,grp_50a923e96899004a01b8506a,7b233ae24ec4bd0623e0809cc3ed4199a62b41b0ca7c376cadcee718cfa7cc2d,29361,1,lossless_jpeg_metadata_strip_preserve_orientation_v2,,,
datasets/corn-field-pest-v2/train/leaf_beetle_unknown/img_6f71ed7dfe494c3a7953a066.jpg,train,leaf_beetle_unknown,ccmt,CC BY 4.0,grp_bdff5c8b0b0232b23db8e74a,1c2075c100b6a1c33a24c8c236d2ab1cf7bf241f886e90bb722a5c56cb1ac487,24583,1,lossless_jpeg_metadata_strip_preserve_orientation_v2,,,
datasets/corn-field-pest-v2/train/healthy/img_e84e4965027b65bcf51edc94.jpg,train,healthy,tom2024,CC BY 4.0,grp_40239afba312820b68524f1f,0469e503b580cf1135d2dd4af903f05c00be16fe6bd2b323059facdc29a524b1,5469,1,lossless_jpeg_metadata_strip_preserve_orientation_v2,,,
datasets/corn-field-pest-v2/train/leaf_beetle_unknown/img_487d30a982b289a5746b8b3b.jpg,train,leaf_beetle_unknown,ccmt,CC BY 4.0,grp_bd55b67a723b942113d4b01a,40e5f3da6c7ae92a508669f461f32957aa81886c567adcd8dd0a58c2724e4300,29581,1,lossless_jpeg_metadata_strip_preserve_orientation_v2,,,
datasets/corn-field-pest-v2/val/leaf_beetle_unknown/img_0b5787df4e7971bf9f3c31e5.jpg,val,leaf_beetle_unknown,ccmt,CC BY 4.0,grp_b5e49f1453db9090a78a6160,4e033bd01aad86ed127e918ba1524d11ed2a6c305d1d590c17d8bcb8dd9254bb,36506,1,lossless_jpeg_metadata_strip_preserve_orientation_v2,,,
datasets/corn-field-pest-v2/train/leaf_beetle_unknown/img_482f3ab65997ecca2aeeb444.jpg,train,leaf_beetle_unknown,ccmt,CC BY 4.0,grp_a9aad24e6d0075d70c0a4b76,bbe0493accef54fbe4cc2e535125dd95ef1ea8e5554d44e4d8aa059b41a1e829,55787,1,lossless_jpeg_metadata_strip_preserve_orientation_v2,,,
datasets/corn-field-pest-v2/train/fall_armyworm/img_cc68b0a6e0c71d48691f7f33.jpg,train,fall_armyworm,tom2024,CC BY 4.0,grp_d33eefbb59b7db06067daf74,0eca1a9a0a58e18fed05666bff9f2f26cfb1dfec4ea6a371d1431857ebafb461,2252,1,lossless_jpeg_metadata_strip_preserve_orientation_v2,,,
datasets/corn-field-pest-v2/train/healthy/img_da5123c4dbefa31da2f5ed63.jpg,train,healthy,tom2024,CC BY 4.0,grp_6ccce3bd49848aab4bdac931,a03144843d47efcac47f0d900fbec6ef912afee85d52f81d816b0f74f5e9cfd6,8513,1,lossless_jpeg_metadata_strip_preserve_orientation_v2,,,
datasets/corn-field-pest-v2/train/healthy/img_27a90f6243c6d241bdad5c76.jpg,train,healthy,tom2024,CC BY 4.0,grp_bdaa8de4bdf088bbdf3e9bd5,115179bb2868d05eaf27ccdc5ce45e39f7f15660d9c04732f033414bc27d2001,8298,1,lossless_jpeg_metadata_strip_preserve_orientation_v2,,,
datasets/corn-field-pest-v2/train/maize_aphid_unknown/img_27abe3612014a2e462e78ba0.jpg,train,maize_aphid_unknown,yeesi,CC BY 4.0,grp_68127b3f6d8522bdeaede437,9f378bd26a76de38b03d35fcdf4ffbd8a8d1bfaabc04b450e70770fe6da74cb0,2066870,1,lossless_jpeg_metadata_strip_preserve_orientation_v2,,,
datasets/corn-field-pest-v2/train/grasshopper_unknown/img_c3afb985b49bc0152d5279ca.jpg,train,grasshopper_unknown,ccmt,CC BY 4.0,grp_298b74b3e2c62e0176f812ba,da0c93c5857d6c8e0cd3cb150c6a4733694a65dc280f6357cbfcee219d085de7,34566,1,lossless_jpeg_metadata_strip_preserve_orientation_v2,,,
datasets/corn-field-pest-v2/train/leaf_beetle_unknown/img_d86540eca208b35897dfa5fc.jpg,train,leaf_beetle_unknown,ccmt,CC BY 4.0,grp_19adb55ff8f2b708175c4a49,4566ba0882cef1bba480432ac31f155cd0428dfb6d9fbe809b2fac38dece3c11,20104,1,lossless_jpeg_metadata_strip_preserve_orientation_v2,,,
datasets/corn-field-pest-v2/train/leaf_beetle_unknown/img_786ca11383c4f1bb56f16c4c.jpg,train,leaf_beetle_unknown,ccmt,CC BY 4.0,grp_5f9a2225a3bb2289e5d813cd,54a7d0b9cd63ce010c1449a565dd96c1aa6ed9f24d77821eea52351f039fabc8,35539,1,lossless_jpeg_metadata_strip_preserve_orientation_v2,,,
datasets/corn-field-pest-v2/train/leaf_beetle_unknown/img_3f89f6853e337a6503bac65f.jpg,train,leaf_beetle_unknown,ccmt,CC BY 4.0,grp_ef63207c535ff42eb581843e,900d35fea46ea58c2af0244ea39f7027f191d4c26b04d3de3a69e8168a51b14b,28779,1,lossless_jpeg_metadata_strip_preserve_orientation_v2,,,
datasets/corn-field-pest-v2/train/leaf_beetle_unknown/img_84188e13a676b003081d694a.jpg,train,leaf_beetle_unknown,ccmt,CC BY 4.0,grp_6f704bca7e3b9514b38dc3ac,04af7825ec40e6f652d8e55a92789444c3dcd74f36a682dd2f82026006801679,24383,1,lossless_jpeg_metadata_strip_preserve_orientation_v2,,,
datasets/corn-field-pest-v2/val/fall_armyworm/img_abe76fff1f7727f9c2e68ef2.jpg,val,fall_armyworm,ccmt,CC BY 4.0,grp_1b04b80e9a446a13d02f4a1f,3e622e76bd098ccf19d0930c40f8396948465b072a9f8e444aac204b0aa75180,42708,1,lossless_jpeg_metadata_strip_preserve_orientation_v2,,,
datasets/corn-field-pest-v2/val/healthy/img_bcbc154170d319384b8f22e1.jpg,val,healthy,ccmt,CC BY 4.0,grp_867146a14133322ec0e00dd7,a0aeb4ac4e8f9e9272f2ab178e0436449b83f92a42eb276951e8624faf07ad54,49945,1,lossless_jpeg_metadata_strip_preserve_orientation_v2,,,
datasets/corn-field-pest-v2/val/fall_armyworm/img_2e894aa192fae0edf674e961.jpg,val,fall_armyworm,tom2024,CC BY 4.0,grp_83b7b56935b6eebd39b35c1a,ed02a8eeca947a75c85626d4e764279ed9d37cf69b0f71427a07d08c47e391c9,4774,1,lossless_jpeg_metadata_strip_preserve_orientation_v2,,,
datasets/corn-field-pest-v2/train/leaf_beetle_unknown/img_95c0a40adaad6818e94642fd.jpg,train,leaf_beetle_unknown,ccmt,CC BY 4.0,grp_81b606cbeb5eeab1b486c15a,2aeffffef4b4bdb520f68d27626e9c3d8e4faf424ae979b7e15fdc2eae06580c,40088,1,lossless_jpeg_metadata_strip_preserve_orientation_v2,,,
datasets/corn-field-pest-v2/train/grasshopper_unknown/img_1efa3f12b39b4805444c4e31.jpg,train,grasshopper_unknown,ccmt,CC BY 4.0,grp_d5bd77c852482d958d5406b1,1677dc772e813a71a4f494baa53c5ec295f2d78ac792120193491229f5d9b115,34949,1,lossless_jpeg_metadata_strip_preserve_orientation_v2,,,
datasets/corn-field-pest-v2/train/fall_armyworm/img_29bb254e0b265ca171d75db4.jpg,train,fall_armyworm,tom2024,CC BY 4.0,grp_209fbcb25df14bd5640d5847,4cafdef54d92215406da74d7c99b4d2e41ef3269a4509671896ccbdc25682613,14175,1,lossless_jpeg_metadata_strip_preserve_orientation_v2,,,
datasets/corn-field-pest-v2/train/fall_armyworm/img_730f2ad5dcc0169488c0ca5d.jpg,train,fall_armyworm,tom2024,CC BY 4.0,grp_bfc06946165a7a4fd51a3e56,f233fbe9ccf0356f828f61a176fea83dff75606c80f96c8443ae6abcbb64dc03,2633,1,lossless_jpeg_metadata_strip_preserve_orientation_v2,,,
datasets/corn-field-pest-v2/train/grasshopper_unknown/img_c87cf0fa700277314231282a.jpg,train,grasshopper_unknown,ccmt,CC BY 4.0,grp_f46b17c13faccb3e1136babf,b5f60cfc3fd54ebc0e162b21a23950133865596667027f94a640d97dd9814b4e,29549,1,lossless_jpeg_metadata_strip_preserve_orientation_v2,,,
datasets/corn-field-pest-v2/train/leaf_beetle_unknown/img_4d2542e1dff8d610ae6523f6.jpg,train,leaf_beetle_unknown,ccmt,CC BY 4.0,grp_da255b5d339fe430e2dd2fc8,ac0eb010b02f754ee88541443e5b09fab2ac36e5324f037d547f7aabc9e80bcf,28987,1,lossless_jpeg_metadata_strip_preserve_orientation_v2,,,
datasets/corn-field-pest-v2/train/grasshopper_unknown/img_db383678ffdca5f9b096dccf.jpg,train,grasshopper_unknown,ccmt,CC BY 4.0,grp_8ea6745e3406fba9bfe79157,4decd703378197a80004e289ca07089e856a7decfbc572191c0c60e11ed4fd0e,24966,1,lossless_jpeg_metadata_strip_preserve_orientation_v2,,,
datasets/corn-field-pest-v2/train/grasshopper_unknown/img_700e8b47b1b422b894f9c730.jpg,train,grasshopper_unknown,ccmt,CC BY 4.0,grp_198a0f150bf3e4ab5d06250d,2d375a2550d6ceeb8d1d424c387d04d9f4ec3f6faf03ed852d99457ea3d6f46b,39407,1,lossless_jpeg_metadata_strip_preserve_orientation_v2,,,
datasets/corn-field-pest-v2/train/healthy/img_87793361c270ff9113040889.jpg,train,healthy,tom2024,CC BY 4.0,grp_8205ab9a65d29940cbe44b41,fcc1517d7f61957751dba9c627e6e17fb22c10d3b3ffd74c2b568b6cdc11ea0c,3878,1,lossless_jpeg_metadata_strip_preserve_orientation_v2,,,
datasets/corn-field-pest-v2/train/healthy/img_4e8b271d1cfa84827e8ac79f.jpg,train,healthy,tom2024,CC BY 4.0,grp_990331be1e4d294d93a7c7e3,16b974e0304ff842e3bc75a9035ed7b8a1708302e5d581f3e8ac8a84294ffe32,13091,1,lossless_jpeg_metadata_strip_preserve_orientation_v2,,,
datasets/corn-field-pest-v2/train/leaf_beetle_unknown/img_372316fb09f516d1fb51186d.jpg,train,leaf_beetle_unknown,ccmt,CC BY 4.0,grp_47666e0add0da10bcccef9e1,c71aa16c59744be403d75362b47095ea0bb312bdf2b6d58262b0215d48ab848a,38763,1,lossless_jpeg_metadata_strip_preserve_orientation_v2,,,
datasets/corn-field-pest-v2/val/fall_armyworm/img_0cd47dd7568a37232541dc25.jpg,val,fall_armyworm,ccmt,CC BY 4.0,grp_0e61c9d75d9d7fa10e07f470,9f246974d9a4a78533e67752c9ff6a186dff3faeca9025e92fb2508c87e1965b,34463,1,lossless_jpeg_metadata_strip_preserve_orientation_v2,,,
datasets/corn-field-pest-v2/train/fall_armyworm/img_55c3b703ea91674a3aa7563c.jpg,train,fall_armyworm,tom2024,CC BY 4.0,grp_94bac0b374c34d0a432bdde9,72a78edd360e54ad9f209c38d6c452996f7dc07d95d74520932c178859ced3aa,16489,1,lossless_jpeg_metadata_strip_preserve_orientation_v2,,,
datasets/corn-field-pest-v2/train/leaf_beetle_unknown/img_01ff69ea0bcb2e9b191a8f07.jpg,train,leaf_beetle_unknown,ccmt,CC BY 4.0,grp_0e4228054ab6dc6739466785,fa8700155e324ef8cec7505bdeb4cc068d9a388eb46b026ec729ca9ebc47cf03,29983,1,lossless_jpeg_metadata_strip_preserve_orientation_v2,,,
datasets/corn-field-pest-v2/val/leaf_beetle_unknown/img_0ddabdbe1f1c822ff78716a7.jpg,val,leaf_beetle_unknown,ccmt,CC BY 4.0,grp_ae8b3379e8c841c406b2eb44,98f5fe34caddf605754fda8474e0a0e95749e9d4df11ccb1cd57342e4d2fdec3,49761,1,lossless_jpeg_metadata_strip_preserve_orientation_v2,,,
datasets/corn-field-pest-v2/train/fall_armyworm/img_4f74c7f9ac685e2538bfd181.jpg,train,fall_armyworm,ccmt,CC BY 4.0,grp_973d4ac109215508b9853f29,ef9aceab132e965ecbace360adf2458f5c1d6335c8f693e3723d32aac0fb9304,62062,1,lossless_jpeg_metadata_strip_preserve_orientation_v2,,,
datasets/corn-field-pest-v2/train/leaf_beetle_unknown/img_db162410261ad831dbab1be1.jpg,train,leaf_beetle_unknown,ccmt,CC BY 4.0,grp_535b039e6d1a70337779c90e,7d121c2ae715b2646a9f6d97be12c3c5e7005d4ef17b6b40c20fd8525ef26bdf,33688,1,lossless_jpeg_metadata_strip_preserve_orientation_v2,,,
datasets/corn-field-pest-v2/train/grasshopper_unknown/img_ebcfcc472e6c6273c72e2c1a.jpg,train,grasshopper_unknown,ccmt,CC BY 4.0,grp_104709ce0ce709e0af93fe0a,cb5419a7abd8a7e1eeb83b130c9707646d020a5d61282be1f00ab5956d0bf2b8,30315,1,lossless_jpeg_metadata_strip_preserve_orientation_v2,,,
datasets/corn-field-pest-v2/train/grasshopper_unknown/img_9baaac4c56f77e65e90cefd2.jpg,train,grasshopper_unknown,ccmt,CC BY 4.0,grp_f6ed3eb9328a487253d61620,8747590883ff5d22ce368efab1773d37a709bdb02e24b962d3d9445a3e22b2f3,42290,1,lossless_jpeg_metadata_strip_preserve_orientation_v2,,,
datasets/corn-field-pest-v2/train/leaf_beetle_unknown/img_a9b431774a3ca08a18cbfb77.jpg,train,leaf_beetle_unknown,ccmt,CC BY 4.0,grp_68863ab4abc508745b110ac0,4f7ebed5a0b807b6e83bfb5a31f7edd822bb086806e0a1c88b69bbf80f94c78f,28848,1,lossless_jpeg_metadata_strip_preserve_orientation_v2,,,
datasets/corn-field-pest-v2/train/fall_armyworm/img_985279b7f551cd1bd554dd23.jpg,train,fall_armyworm,ccmt,CC BY 4.0,grp_78d3ef690e3259befe76a8f8,63fe0dfae291f2178f355e40c89dfa6159f2960e490d4ec725707704442ecc43,49390,1,lossless_jpeg_metadata_strip_preserve_orientation_v2,,,
datasets/corn-field-pest-v2/train/fall_armyworm/img_1a2a24d07488b79db127d476.jpg,train,fall_armyworm,tom2024,CC BY 4.0,grp_0b099a7d2e56c3176e9c6d28,ffacd47d085a9008e40cb8d3dc2d80ca3857ad90edc016c5e31cac646485554e,5325,1,lossless_jpeg_metadata_strip_preserve_orientation_v2,,,
datasets/corn-field-pest-v2/train/healthy/img_01da899db867cca673ec066f.jpg,train,healthy,tom2024,CC BY 4.0,grp_b814cf28f3b2df0859775f31,1a055edda6f442cfbdf4e521cc665c16a60db545dcf23a848f89539aa005134f,7849,1,lossless_jpeg_metadata_strip_preserve_orientation_v2,,,
datasets/corn-field-pest-v2/train/healthy/img_6b770ce5385dda7e6aab04b1.jpg,train,healthy,tom2024,CC BY 4.0,grp_12b5bba4637b54ffb4c96c45,cd91025a46cb40bbcf6cd621ffc4f89622f6311822815c027866ddf63f3a5cf2,2518,1,lossless_jpeg_metadata_strip_preserve_orientation_v2,,,
datasets/corn-field-pest-v2/train/leaf_beetle_unknown/img_15935d9ba85727634e1bb644.jpg,train,leaf_beetle_unknown,ccmt,CC BY 4.0,grp_9d662db851cb002929ca3653,a4a16fe0d97a75483165f6885b85cccf791023f62f809470a6070c284f149174,23097,1,lossless_jpeg_metadata_strip_preserve_orientation_v2,,,
datasets/corn-field-pest-v2/val/fall_armyworm/img_85a6d31eb7850ec3f721432c.jpg,val,fall_armyworm,tom2024,CC BY 4.0,grp_78e8717229252d7ac7f5e98d,14bd89c2fff97290474ff2aa35dfda7436bb1d300ce6376e3ce08cd8115712ce,14114,1,lossless_jpeg_metadata_strip_preserve_orientation_v2,,,
datasets/corn-field-pest-v2/train/fall_armyworm/img_c8bd29479a1d852a53723328.jpg,train,fall_armyworm,tom2024,CC BY 4.0,grp_6d4738a604cde2c312444c28,dc79cc892539fff966fe2ed83ef879f3d9e1399348baa30a448329ee704a3f8d,17716,1,lossless_jpeg_metadata_strip_preserve_orientation_v2,,,
datasets/corn-field-pest-v2/train/leaf_beetle_unknown/img_d8b3c0fe87170f2f0039ee02.jpg,train,leaf_beetle_unknown,ccmt,CC BY 4.0,grp_b4c86bab637552743df29494,962b92b62db1b5dde062a7570b11160b35eab679a183438be40dddd75a1824e9,43107,1,lossless_jpeg_metadata_strip_preserve_orientation_v2,,,
datasets/corn-field-pest-v2/train/healthy/img_a4b370bd88e037c4c7120bcf.jpg,train,healthy,tom2024,CC BY 4.0,grp_ac84dfc2fbc02e5fd49b4aac,038749246077ad491771defe4643d3f932116f836eac01163705c83d79019ca5,4196,1,lossless_jpeg_metadata_strip_preserve_orientation_v2,,,
datasets/corn-field-pest-v2/train/leaf_beetle_unknown/img_1483c075eb9f47a60e1f86dd.jpg,train,leaf_beetle_unknown,ccmt,CC BY 4.0,grp_a5958d0a48639c2aba1500c6,33a49db4cdaeebeebff94b626c29cdd40d99866eac34ae7a6aae10a15e341148,38903,1,lossless_jpeg_metadata_strip_preserve_orientation_v2,,,
datasets/corn-field-pest-v2/train/healthy/img_c564ea16a63fa05253a2fe3c.jpg,train,healthy,tom2024,CC BY 4.0,grp_51bca8ab14bd0ab991fab8fd,56434efb40d4ba0c8921c720c9c6962265a7356b2dad37789f8625cfe9899ab5,20423,1,lossless_jpeg_metadata_strip_preserve_orientation_v2,,,
datasets/corn-field-pest-v2/train/grasshopper_unknown/img_0b3f53bd67a79be99901d007.jpg,train,grasshopper_unknown,ccmt,CC BY 4.0,grp_883cca6806db0c8d336864fb,691ade06a1a8743006d16f0802874617a298e053f59842127b7b157aa3192eea,39454,1,lossless_jpeg_metadata_strip_preserve_orientation_v2,,,
datasets/corn-field-pest-v2/train/grasshopper_unknown/img_0a1499ff60fb911286764eec.jpg,train,grasshopper_unknown,ccmt,CC BY 4.0,grp_e3db25c980b1151eceaeaec1,8f67bf31374de51ca8c24fd4097c6412d097488089c764dbce1f37911c31b169,47070,1,lossless_jpeg_metadata_strip_preserve_orientation_v2,,,
datasets/corn-field-pest-v2/train/leaf_beetle_unknown/img_527904182ebd3b743475974f.jpg,train,leaf_beetle_unknown,ccmt,CC BY 4.0,grp_a0501e438e0ff4ee6bd91b82,ad3952823eab4b5f701c8d3aec84d36404a437103f10764414160d39dff2559b,33248,1,lossless_jpeg_metadata_strip_preserve_orientation_v2,,,
datasets/corn-field-pest-v2/train/grasshopper_unknown/img_b1472bef1e4aff14c658191a.jpg,train,grasshopper_unknown,ccmt,CC BY 4.0,grp_46241108a69b5554f45c78b1,c0ed045b4fb2f498f960ada530ee0e2a9f0f6abc7845833abeb29c73cc792b78,38297,1,lossless_jpeg_metadata_strip_preserve_orientation_v2,,,
datasets/corn-field-pest-v2/train/fall_armyworm/img_ece96cebb0b204d0bf2d7b53.jpg,train,fall_armyworm,ccmt,CC BY 4.0,grp_c0a9a5d7ceb0844b2e17623d,07647793bd058c3aa1f4d59cbdea9e9820e57d215a07ae57b4b51c58f272a239,70149,1,lossless_jpeg_metadata_strip_preserve_orientation_v2,,,
datasets/corn-field-pest-v2/train/fall_armyworm/img_dfaed8cc4df2b038139d3bf7.jpg,train,fall_armyworm,tom2024,CC BY 4.0,grp_e1cc37080153b87cb2bf62c8,9b4466d975ed3bbfd7dd46e932a38e611fa46e8151b25686e088b620778188d0,2895,1,lossless_jpeg_metadata_strip_preserve_orientation_v2,,,
datasets/corn-field-pest-v2/train/leaf_beetle_unknown/img_9a9daf66ec40973c37aefb97.jpg,train,leaf_beetle_unknown,ccmt,CC BY 4.0,grp_fdd6d329f2804900ee2a2d61,ef1a7be2c28cb32241a65c9cb7d11b63bb568d794802eefefaded6f5fe2bc32a,25106,1,lossless_jpeg_metadata_strip_preserve_orientation_v2,,,
datasets/corn-field-pest-v2/train/grasshopper_unknown/img_178ecbb47e7d620cd43b573a.jpg,train,grasshopper_unknown,ccmt,CC BY 4.0,grp_5a1ef078f79fac2fe229d8c4,9836876794029223d922e39d530e505204930ebe5e08f1013f4596914d62eff1,36412,1,lossless_jpeg_metadata_strip_preserve_orientation_v2,,,
datasets/corn-field-pest-v2/train/maize_aphid_unknown/img_d575cd6a81d1ad29cc747b9e.jpg,train,maize_aphid_unknown,yeesi,CC BY 4.0,grp_f29ddf78d40f1505d1a47f44,544d6a575d8e87d323d590607a48ad5d7a6e7e7ac370c0d9bd00005e44e45831,4484023,1,lossless_jpeg_metadata_strip_preserve_orientation_v2,,,
datasets/corn-field-pest-v2/train/grasshopper_unknown/img_f9b9fc9d8f70bc45677ddddd.jpg,train,grasshopper_unknown,ccmt,CC BY 4.0,grp_9fcbf05500e84807ec3585d9,845a82868c952be7156ccd3b303224071862e67185fb8bd34c5fe1931ca0fb07,46043,1,lossless_jpeg_metadata_strip_preserve_orientation_v2,,,
datasets/corn-field-pest-v2/train/leaf_beetle_unknown/img_88705d30db2341b7094e6049.jpg,train,leaf_beetle_unknown,ccmt,CC BY 4.0,grp_fd7bcdf62451f07eb5eb36fb,94cc6b76173091548601c2cb2641ddf50eb24b4aa82182d6f90cb047fd47bb78,28385,1,lossless_jpeg_metadata_strip_preserve_orientation_v2,,,
datasets/corn-field-pest-v2/train/fall_armyworm/img_d6e37257182e76cc212fb5d5.jpg,train,fall_armyworm,ccmt,CC BY 4.0,grp_d7d607b87ae20acaba1e6177,9d24a8284e490938ad89c6c386848b9de937a64981af1100edc9d1e39a14144f,44733,1,lossless_jpeg_metadata_strip_preserve_orientation_v2,,,
datasets/corn-field-pest-v2/train/grasshopper_unknown/img_9add3d5bde48c4d5ea02c07b.jpg,train,grasshopper_unknown,ccmt,CC BY 4.0,grp_e48ceb484d1d94f513817d76,b4113aaf6b58e27d8e489ab7579b26d2eeaf4d2b44730c2e5df816357961d5b9,57341,1,lossless_jpeg_metadata_strip_preserve_orientation_v2,,,
datasets/corn-field-pest-v2/train/leaf_beetle_unknown/img_df49c866a3946587f18ea2ed.jpg,train,leaf_beetle_unknown,ccmt,CC BY 4.0,grp_45a8c0f41aac34cb6cc50434,deecc627d700726f8a1b23b598b5daced957e4e063bf78678f96a9a4ca27f1b7,30134,1,lossless_jpeg_metadata_strip_preserve_orientation_v2,,,
datasets/corn-field-pest-v2/val/fall_armyworm/img_2bede9e43a1892516a205046.jpg,val,fall_armyworm,tom2024,CC BY 4.0,grp_d79a49bf9b3eb2e08b2afecc,de958f114042ceb784e8e9aa61d327d3015dac63386122d57b2d5dc9c6a2a440,4400,1,lossless_jpeg_metadata_strip_preserve_orientation_v2,,,
datasets/corn-field-pest-v2/train/fall_armyworm/img_af6bef89371bd806928a065d.jpg,train,fall_armyworm,ccmt,CC BY 4.0,grp_abfc5c503fba142177c6e47e,b7ef30b4bf841266077a2da4c27f199a604eb2b803ad94ba0fea1a7e618acedd,56293,1,lossless_jpeg_metadata_strip_preserve_orientation_v2,,,
datasets/corn-field-pest-v2/train/grasshopper_unknown/img_655e33ce7248087e96db9fad.jpg,train,grasshopper_unknown,ccmt,CC BY 4.0,grp_1ef20f81679331290bc71705,a133c851508d740685c41f1eb7956086c881b5591c6a2d99daf4c7fd1d65a3e5,41771,1,lossless_jpeg_metadata_strip_preserve_orientation_v2,,,
datasets/corn-field-pest-v2/train/healthy/img_ae656b85e136ac48bb2c167e.jpg,train,healthy,tom2024,CC BY 4.0,grp_986c048b7a7757ac186d298b,51afd0d17a1915690f1bbff00974ab98ff4721768e347ee714d33bfc1cd5f0a5,2809,1,lossless_jpeg_metadata_strip_preserve_orientation_v2,,,
datasets/corn-field-pest-v2/val/healthy/img_26d46dc3415ad8dd35374631.jpg,val,healthy,ccmt,CC BY 4.0,grp_520b2f6ba4299cd4b041b52f,35bc0e4a92beb279116b2ed27e2e8eb67f3774710d9a310ea0935821e558431a,47328,1,lossless_jpeg_metadata_strip_preserve_orientation_v2,,,
datasets/corn-field-pest-v2/train/fall_armyworm/img_042fd274fb524b3b454caa19.jpg,train,fall_armyworm,ccmt,CC BY 4.0,grp_bb46bbe848eca9c2e7379319,8e8130d81fe7082743b62b03390a00ec538c354387b3394073b23286abcbe3e7,70485,1,lossless_jpeg_metadata_strip_preserve_orientation_v2,,,
datasets/corn-field-pest-v2/train/grasshopper_unknown/img_e3f6b0ec032a2b39bcf3b5fc.jpg,train,grasshopper_unknown,ccmt,CC BY 4.0,grp_8d6fd82cb23fbf7bb5f19d64,fdb1b9af2e382e3c558f5214848bc5b336040df85002c0a2b6d0a8e7f0108d64,50224,1,lossless_jpeg_metadata_strip_preserve_orientation_v2,,,
datasets/corn-field-pest-v2/train/grasshopper_unknown/img_fe19014e5f4458b131235a8b.jpg,train,grasshopper_unknown,ccmt,CC BY 4.0,grp_9950d56c7ea71faa95949ea1,589a0f034190bce3b783d31269c71ecdb377ed9216bdc2a381eca08c36af557c,24920,1,lossless_jpeg_metadata_strip_preserve_orientation_v2,,,
datasets/corn-field-pest-v2/val/fall_armyworm/img_87ca21e932e47bb7dc9a7a5f.jpg,val,fall_armyworm,tom2024,CC BY 4.0,grp_9b14d8e6e33dacafb29e02a1,f73c1a0acc300c8bde8ffa3d1208f0cd847c74e9f509ee54e941aec8af05d8b8,11892,1,lossless_jpeg_metadata_strip_preserve_orientation_v2,,,
datasets/corn-field-pest-v2/train/healthy/img_9f90b022f168ab4dc93d3088.jpg,train,healthy,tom2024,CC BY 4.0,grp_f4b7e1ba19882e23b40778d8,ba16c53b5f00516f4b571d860d616aab88b84ca56a9156e47cc8e42bd1f1124d,12586,1,lossless_jpeg_metadata_strip_preserve_orientation_v2,,,
datasets/corn-field-pest-v2/train/leaf_beetle_unknown/img_745790d24c13f85718e2d238.jpg,train,leaf_beetle_unknown,ccmt,CC BY 4.0,grp_5c3153dbb850ace85b735e32,6bed4b33935d77433a1146d84e39e41681d84540d27cffaa35f6ba5356cb0e50,22980,1,lossless_jpeg_metadata_strip_preserve_orientation_v2,,,
datasets/corn-field-pest-v2/train/fall_armyworm/img_ca2c47e33737f0b2f2d7197a.jpg,train,fall_armyworm,tom2024,CC BY 4.0,grp_500a3cd5cb2e2054187da4d0,d7042c434423851a3d56bd7f324726fd8189408c2d782ada0a52f76c84086599,2682,1,lossless_jpeg_metadata_strip_preserve_orientation_v2,,,
datasets/corn-field-pest-v2/val/grasshopper_unknown/img_364fe8c11a93fa93413dcc77.jpg,val,grasshopper_unknown,ccmt,CC BY 4.0,grp_d39f46e0b22f77783e8802d9,b2a929668326f219d256786216b7154d0f7c4ed42452c414b7ad112a47758461,69409,1,lossless_jpeg_metadata_strip_preserve_orientation_v2,,,
datasets/corn-field-pest-v2/train/healthy/img_70f66a83eaf9372c70f13774.jpg,train,healthy,tom2024,CC BY 4.0,grp_4a52ea68f41661ee992fdc35,dfdfcbc25d95aa71a148105b979950d7f1bd2cb5a25f09ed1c899fe97cdd7de0,3112,1,lossless_jpeg_metadata_strip_preserve_orientation_v2,,,
datasets/corn-field-pest-v2/val/fall_armyworm/img_f36a3a10683109264e411180.jpg,val,fall_armyworm,ccmt,CC BY 4.0,grp_3729cb4b4f4d4fb5b06e5cc0,9e25a2fcb8e6420ee19e8cb9869411c84e2eab8c55d8c349d3f39404fafd3be6,57659,1,lossless_jpeg_metadata_strip_preserve_orientation_v2,,,
datasets/corn-field-pest-v2/val/leaf_beetle_unknown/img_4f63eb8a9e869ab4654e4b44.jpg,val,leaf_beetle_unknown,ccmt,CC BY 4.0,grp_87142a8d68014e1c57ff6438,ea85a9b1bef454c07971c45a40850d44a4a6fab17fc0cbe45094d09909b45851,22483,1,lossless_jpeg_metadata_strip_preserve_orientation_v2,,,
datasets/corn-field-pest-v2/val/leaf_beetle_unknown/img_4f86c73392225eff1792b63e.jpg,val,leaf_beetle_unknown,ccmt,CC BY 4.0,grp_062a608948b2b177fde1d830,da7d513485789c0edcf5ddda8ac75a875bae19190f7e8d38067be330c29b2bff,34946,1,lossless_jpeg_metadata_strip_preserve_orientation_v2,,,
datasets/corn-field-pest-v2/train/grasshopper_unknown/img_20f3d6cd6e7a1b88ed9e7a96.jpg,train,grasshopper_unknown,ccmt,CC BY 4.0,grp_7092d7eb287593f9bbc1cc2d,d45f51d1dfc4cc7a0f24a179e760385ace25171b89d22afc52de4508b786bb8f,66155,1,lossless_jpeg_metadata_strip_preserve_orientation_v2,,,
datasets/corn-field-pest-v2/train/leaf_beetle_unknown/img_96d05eb821d02a2882c7b9d0.jpg,train,leaf_beetle_unknown,ccmt,CC BY 4.0,grp_6ca3b76d31c6626577d8d8b6,ebf6b5b977019dd23c6c29e86baa60c9a8e42564f4b8f29fb257e688f2940ff8,20646,1,lossless_jpeg_metadata_strip_preserve_orientation_v2,,,
datasets/corn-field-pest-v2/val/fall_armyworm/img_87f5d1e5750541070a2056c5.jpg,val,fall_armyworm,tom2024,CC BY 4.0,grp_179b3b98a151beca3839c754,b2e7d32eff2c535a56b91f495552b09a0c7ecccef6b1f4d99ef644001cc93b98,5571,1,lossless_jpeg_metadata_strip_preserve_orientation_v2,,,
datasets/corn-field-pest-v2/train/leaf_beetle_unknown/img_6634e957a7ef4ec897a8d0cb.jpg,train,leaf_beetle_unknown,ccmt,CC BY 4.0,grp_5eb62d945d7ec6cfea93adef,16371d9add3c3a8d9c9d19544ac5211e1598e264afedffa1316767b5c1b0fbe5,44399,1,lossless_jpeg_metadata_strip_preserve_orientation_v2,,,
datasets/corn-field-pest-v2/train/healthy/img_0aba70765c30b78df969d43b.jpg,train,healthy,ccmt,CC BY 4.0,grp_b333314181dbe7f472352535,a51814e75649bd7246896f3fca5a8804f7fa71f5aa6b6599ae53403e698998f3,53206,1,lossless_jpeg_metadata_strip_preserve_orientation_v2,,,
datasets/corn-field-pest-v2/train/healthy/img_00984b9f32c2ef50aa343661.jpg,train,healthy,ccmt,CC BY 4.0,grp_b84e53477300137882dfaab9,fda8ae29838f3838cb1eacc1a9f4e45b0de7353ffff0aad5bcabd6770a8c2b17,45249,1,lossless_jpeg_metadata_strip_preserve_orientation_v2,,,
datasets/corn-field-pest-v2/val/healthy/img_99f07638a72660e312147f97.jpg,val,healthy,tom2024,CC BY 4.0,grp_86bcee88b9ad61d44635af86,642372541e8b36fd33767b6dc9490f1d5994c5c76aa18612c7a8b1d7130ca781,8693,1,lossless_jpeg_metadata_strip_preserve_orientation_v2,,,
datasets/corn-field-pest-v2/val/grasshopper_unknown/img_120ecd55cf78a9b8ea8d6c20.jpg,val,grasshopper_unknown,ccmt,CC BY 4.0,grp_8e6f40b843cc875ed5da49d4,efe600e345b4391a10641053dea658869d5bab4b2de96dac3443df442f2342b6,45093,1,lossless_jpeg_metadata_strip_preserve_orientation_v2,,,
datasets/corn-field-pest-v2/train/leaf_beetle_unknown/img_8d6c3a16671733690bf411e5.jpg,train,leaf_beetle_unknown,ccmt,CC BY 4.0,grp_07d90f2090db44ccf1de2776,cae894cffaa7183e8f10b5d2f12d245053d3778c15a0ad61d7dc1cec6e3ef73b,48265,1,lossless_jpeg_metadata_strip_preserve_orientation_v2,,,
datasets/corn-field-pest-v2/val/grasshopper_unknown/img_89bb8eba1011cfcbc7312e41.jpg,val,grasshopper_unknown,ccmt,CC BY 4.0,grp_9b96e7f62d986a8059d5dcb3,3f2d5d2717d11f3cca29fe0823684cedf7368ebd9f38df6bc7678acc5a021cb0,25947,1,lossless_jpeg_metadata_strip_preserve_orientation_v2,,,
datasets/corn-field-pest-v2/train/grasshopper_unknown/img_85050b7cd7cb9905bd78bf24.jpg,train,grasshopper_unknown,ccmt,CC BY 4.0,grp_000f1cd81af8cc86435caa43,b8a12182c568c816ede5a3797d4b944e1b3195d2ddc2c816d4243bc00a0746bc,45517,1,lossless_jpeg_metadata_strip_preserve_orientation_v2,,,
datasets/corn-field-pest-v2/train/healthy/img_495de39801bbe916e6538f0a.jpg,train,healthy,tom2024,CC BY 4.0,grp_12b5bba4637b54ffb4c96c45,e1cb8fbb54d3009e8a3a0fe19191585415696431245b0b2c0d961bd7a86de851,1168,1,lossless_jpeg_metadata_strip_preserve_orientation_v2,,,
datasets/corn-field-pest-v2/train/leaf_beetle_unknown/img_b80a4af949b06ff29607268a.jpg,train,leaf_beetle_unknown,ccmt,CC BY 4.0,grp_7c90e165537575a5f2d4e599,8dbb31c6eac10dd1eaea6c0e48261be89a4a299a4d52df8c57338da39b16cba4,28493,1,lossless_jpeg_metadata_strip_preserve_orientation_v2,,,
datasets/corn-field-pest-v2/train/grasshopper_unknown/img_70f9d175a0aa470380f9f0bd.jpg,train,grasshopper_unknown,ccmt,CC BY 4.0,grp_fb6302af145ad8d991718815,c185c0865f940d8878463910aae7721775fb4a9c5d7a11f3aebd65f6766fd004,39581,1,lossless_jpeg_metadata_strip_preserve_orientation_v2,,,
datasets/corn-field-pest-v2/val/healthy/img_56b3280c7c064cdd9e73c0e2.jpg,val,healthy,ccmt,CC BY 4.0,grp_1765c8bedab986c6b357f303,0af6900524b70a381efe7417000f2c855c1f8b0a6ffb859c8f88f04a96e1a33e,39862,1,lossless_jpeg_metadata_strip_preserve_orientation_v2,,,
datasets/corn-field-pest-v2/train/fall_armyworm/img_0327acef44fea3f40c46b345.jpg,train,fall_armyworm,tom2024,CC BY 4.0,grp_5ac0bf0cd11f23427ad4362c,4123a148b57b0dcf2f35457503f871e6fbc69f9cffe8853d87e3d6c3e3843a96,4929,1,lossless_jpeg_metadata_strip_preserve_orientation_v2,,,
datasets/corn-field-pest-v2/val/leaf_beetle_unknown/img_df8858b5344248d612313696.jpg,val,leaf_beetle_unknown,ccmt,CC BY 4.0,grp_e8e8b9f9c2cc03ee78c58aaa,7f0efbf1cc303b03b4c873d5faaefbaa462804b7ee3195ab09893e50fe21fd1f,20432,1,lossless_jpeg_metadata_strip_preserve_orientation_v2,,,
datasets/corn-field-pest-v2/train/fall_armyworm/img_7ea107b278c965e0010fac7f.jpg,train,fall_armyworm,ccmt,CC BY 4.0,grp_3ff6837dcbc67ed6db116f68,e3300618022442b4647564a02dd8e820529216c1affadfceb5d5552a70eca4ee,100893,1,lossless_jpeg_metadata_strip_preserve_orientation_v2,,,
datasets/corn-field-pest-v2/train/healthy/img_ac90300215ca9217e91a60c0.jpg,train,healthy,ccmt,CC BY 4.0,grp_6513faac175f276da7aeb2e1,29899e414754c45ab72462bf0225be283d9da2a00b66da54d621570932c23bf4,44089,1,lossless_jpeg_metadata_strip_preserve_orientation_v2,,,
datasets/corn-field-pest-v2/train/grasshopper_unknown/img_599c85cb1800c536dd44fa03.jpg,train,grasshopper_unknown,ccmt,CC BY 4.0,grp_1c45478883d1e6b1ee78b7c2,2039d66f635c954658a310955dc4e22e003e1bc8f273675e8bf9df5a69b5ce37,34658,1,lossless_jpeg_metadata_strip_preserve_orientation_v2,,,
datasets/corn-field-pest-v2/train/fall_armyworm/img_7d7cedfc8971fb72169d1cd9.jpg,train,fall_armyworm,tom2024,CC BY 4.0,grp_09c82de841f4fea865ed2ab1,33767f3033500dade7ad750eee26ae93eda13f827f9aedea4fbabcd0ada1b9df,4878,1,lossless_jpeg_metadata_strip_preserve_orientation_v2,,,
datasets/corn-field-pest-v2/train/grasshopper_unknown/img_964770adfe660e5305975f34.jpg,train,grasshopper_unknown,ccmt,CC BY 4.0,grp_db679655cfcc57fe38b66131,e666c9c99ea4e10b0970fec526c6a62f512810de307b41c8f161b416ac31cce1,47065,1,lossless_jpeg_metadata_strip_preserve_orientation_v2,,,
datasets/corn-field-pest-v2/train/grasshopper_unknown/img_cfaee1a31ef6d2ddbebcca51.jpg,train,grasshopper_unknown,ccmt,CC BY 4.0,grp_d8604716a260c17879d9b47b,70413ea5e75a8338e2878f75485191df6e9fbdaae818cd22693ce680a685f823,50981,1,lossless_jpeg_metadata_strip_preserve_orientation_v2,,,
datasets/corn-field-pest-v2/train/leaf_beetle_unknown/img_43b5017356304e59eb897f9c.jpg,train,leaf_beetle_unknown,ccmt,CC BY 4.0,grp_14713007bd805cbab6ed8d6e,a4a7c460c64c9aea80448ec3bae3a104b1cb49261568628ae4d92da81a473a63,47276,1,lossless_jpeg_metadata_strip_preserve_orientation_v2,,,
datasets/corn-field-pest-v2/val/grasshopper_unknown/img_3d26d93cd33667db94ae2cda.jpg,val,grasshopper_unknown,ccmt,CC BY 4.0,grp_77bfb24bdac56aa4d55c36c3,f3db2ee33ceb30254f98a1b7151fa71e212beb11c1a8426f821d016b084e31ff,61264,1,lossless_jpeg_metadata_strip_preserve_orientation_v2,,,
datasets/corn-field-pest-v2/val/grasshopper_unknown/img_4f0034e72de544b61e9b42c0.jpg,val,grasshopper_unknown,ccmt,CC BY 4.0,grp_a361f48fe3096c97d64f2d35,935ea6ede77d6ca78721dc074501da9fb2a534cdda5cc2779769277e91e3995f,38440,1,lossless_jpeg_metadata_strip_preserve_orientation_v2,,,
datasets/corn-field-pest-v2/train/grasshopper_unknown/img_7893d87b62b925e56538359d.jpg,train,grasshopper_unknown,ccmt,CC BY 4.0,grp_e4bf65c5bde420bc39e9849f,8516cd8b0f8c878a432245a0c9fe51e83d557dca208879897cfc728aaa917360,35493,1,lossless_jpeg_metadata_strip_preserve_orientation_v2,,,
datasets/corn-field-pest-v2/train/healthy/img_501f4f6473a80225306dc54f.jpg,train,healthy,ccmt,CC BY 4.0,grp_51fc20b6423dda27ad6be312,45b8ae6b09770d1112354498e92b1f1cf8b014eac4c5c73f528cae22f64cdf7b,34480,1,lossless_jpeg_metadata_strip_preserve_orientation_v2,,,
datasets/corn-field-pest-v2/val/grasshopper_unknown/img_f227ad8e0b96d798564a9f1e.jpg,val,grasshopper_unknown,ccmt,CC BY 4.0,grp_16e5a7df757ce3519d39ed09,1932906a0cac912aefe078a062906c59ce6bd64f2c778eadfbbbc75172258ae0,42981,1,lossless_jpeg_metadata_strip_preserve_orientation_v2,,,
datasets/corn-field-pest-v2/train/fall_armyworm/img_da1972df5d91660ad0305b16.jpg,train,fall_armyworm,ccmt,CC BY 4.0,grp_84fbbb76a014c10986097191,1a7849c2fd09524415f3436cf1c4b633f1599fbfe9f19bc50e8e4460ca5d2012,42649,1,lossless_jpeg_metadata_strip_preserve_orientation_v2,,,
datasets/corn-field-pest-v2/val/fall_armyworm/img_726376d3fec4786310a4890f.jpg,val,fall_armyworm,ccmt,CC BY 4.0,grp_b9c766c8bd12be6e187e299e,1ad58e8bb3abc953caa791f61b54aae54e862b45b96822f9a43c851cfd2f4d8f,43282,1,lossless_jpeg_metadata_strip_preserve_orientation_v2,,,
datasets/corn-field-pest-v2/train/healthy/img_6262f3f04bd3a705f83654b9.jpg,train,healthy,tom2024,CC BY 4.0,grp_7ba4ceca38e4c81a295c5045,d12eedb8c14943b7254fc39df2a7b38d3d0cb1747c863168704ae9a7ef97d13d,7057,1,lossless_jpeg_metadata_strip_preserve_orientation_v2,,,
datasets/corn-field-pest-v2/train/fall_armyworm/img_0e6074f4e3f1fbfba5831138.jpg,train,fall_armyworm,tom2024,CC BY 4.0,grp_7773f7cb715492a0ead4a79d,b3d9f67cd34e488097f0c03133e3dbbc3983e27d6c10a8046ee4bd941c8c6084,13453,1,lossless_jpeg_metadata_strip_preserve_orientation_v2,,,
datasets/corn-field-pest-v2/train/grasshopper_unknown/img_74a7057a1435a9e7bb10fa12.jpg,train,grasshopper_unknown,ccmt,CC BY 4.0,grp_94ba4427beddc121ee3ec200,2dc6660f28ee56a920096e4ea139f291755a6ceebbcc566f5aa66825b9404afb,38851,1,lossless_jpeg_metadata_strip_preserve_orientation_v2,,,
datasets/corn-field-pest-v2/train/leaf_beetle_unknown/img_72d20490af84986b369e8242.jpg,train,leaf_beetle_unknown,ccmt,CC BY 4.0,grp_c927bcda82ca710d2c1a9c22,83e52f460dcb95de5d2622a2c1b75a684b3238d105b9d893639a9122dab4d9c3,27750,1,lossless_jpeg_metadata_strip_preserve_orientation_v2,,,
datasets/corn-field-pest-v2/train/maize_aphid_unknown/img_ca7fad39a8f2e259cb118d4a.jpg,train,maize_aphid_unknown,yeesi,CC BY 4.0,grp_ed471b353f4a6b148da3d189,3035f4afa1a10e271f0acd8ae42ac6b05a42672fa5515b12300b69b202d84810,1833152,1,lossless_jpeg_metadata_strip_preserve_orientation_v2,,,
datasets/corn-field-pest-v2/train/healthy/img_1a3897f7edd9a9886d2d5cc1.jpg,train,healthy,tom2024,CC BY 4.0,grp_a319521b4c5e1a0c231a74e1,bba8fd54f9bec70f9eb61a78ea579aabeb97cce11a961cf5aa4f4e5e967fedc9,2530,1,lossless_jpeg_metadata_strip_preserve_orientation_v2,,,
datasets/corn-field-pest-v2/val/leaf_beetle_unknown/img_1af960cca67eff2384c73d6f.jpg,val,leaf_beetle_unknown,ccmt,CC BY 4.0,grp_88f433dbce4e01fa9280f7e0,6f9fc2dba6ab7ef2f41c6bd158c6dd32590db1f2a59a4c3a212cb6435ce66882,41948,1,lossless_jpeg_metadata_strip_preserve_orientation_v2,,,
datasets/corn-field-pest-v2/val/fall_armyworm/img_c5fcf665c2f145f4172cae83.jpg,val,fall_armyworm,tom2024,CC BY 4.0,grp_5318a67132dcaf85a274f521,6db4b86b2c4513c3e0d5b758f9ce3373248e0378cddb596056c81827e738f38e,1230,1,lossless_jpeg_metadata_strip_preserve_orientation_v2,,,
datasets/corn-field-pest-v2/val/grasshopper_unknown/img_22c4b7a98fd72fbfee8a1ec8.jpg,val,grasshopper_unknown,ccmt,CC BY 4.0,grp_6edc37967d403e298a9ae847,2799e9f65dcc5a7619b9b57524cde89311ab3eb8321b4598a1732f1662217380,38665,1,lossless_jpeg_metadata_strip_preserve_orientation_v2,,,
datasets/corn-field-pest-v2/train/leaf_beetle_unknown/img_705a43693c8dca1346ba68a5.jpg,train,leaf_beetle_unknown,ccmt,CC BY 4.0,grp_9bf5c5f012b161a9c3c9cde8,085fa55c222015018e06205dd71b851267ab2eab62c137b6a5ead3083c7e2d25,54680,1,lossless_jpeg_metadata_strip_preserve_orientation_v2,,,
datasets/corn-field-pest-v2/train/leaf_beetle_unknown/img_7e58e8e7df367d45b1a168b3.jpg,train,leaf_beetle_unknown,ccmt,CC BY 4.0,grp_127cbf02a41a992e0524855f,8577eac15a32273c5d0a79eabe85baeef9d1f490f1912e691a3d827d20e164fd,34016,1,lossless_jpeg_metadata_strip_preserve_orientation_v2,,,
datasets/corn-field-pest-v2/train/leaf_beetle_unknown/img_25988bcc927d61db5a124a93.jpg,train,leaf_beetle_unknown,ccmt,CC BY 4.0,grp_95c79c225ca62e4b47481e42,edf823d8ecbc132897d4fff24acf083ed8703ecb2d184ba53770f879b8f41f52,21303,1,lossless_jpeg_metadata_strip_preserve_orientation_v2,,,
datasets/corn-field-pest-v2/val/fall_armyworm/img_bd94addc7d576d8eaf546532.jpg,val,fall_armyworm,ccmt,CC BY 4.0,grp_90673a24c2c2ad663fb2640a,63de87f71767d6f942dde326037a903bdaa20575b20e52df9709da1031acc3df,38626,1,lossless_jpeg_metadata_strip_preserve_orientation_v2,,,
datasets/corn-field-pest-v2/train/fall_armyworm/img_710bcecaa531b8e47b297622.jpg,train,fall_armyworm,tom2024,CC BY 4.0,grp_aed6200d97e2b90e4339076b,46cf5c314deaad1adc17d8be2d56a759b33caa536bd2a9e410212af59910cb5d,6569,1,lossless_jpeg_metadata_strip_preserve_orientation_v2,,,
datasets/corn-field-pest-v2/train/fall_armyworm/img_e385f54257e74083bbcdcc47.jpg,train,fall_armyworm,ccmt,CC BY 4.0,grp_9227211ea940d3b22b647e18,3e50fa1ec06916a894530a375e36dbfadab49d237b87006e35312f557b3b5732,30792,1,lossless_jpeg_metadata_strip_preserve_orientation_v2,,,
datasets/corn-field-pest-v2/train/leaf_beetle_unknown/img_8a1888b68f42d0ccf369b1d6.jpg,train,leaf_beetle_unknown,ccmt,CC BY 4.0,grp_3ed19e487ccf2c716cdabb5c,e766e798f4009c9ee58d29fdf1d6ac43b7fb7aef9e734f91716165458538f873,32418,1,lossless_jpeg_metadata_strip_preserve_orientation_v2,,,
datasets/corn-field-pest-v2/train/grasshopper_unknown/img_d6acbe095e968108278fe848.jpg,train,grasshopper_unknown,ccmt,CC BY 4.0,grp_ef5e6aee32f9b5e7f79889cd,77f9d62b79fb76dac3f85bf058aa4c04cd3d9818d0e979022cb22cdd708a1d4c,23766,1,lossless_jpeg_metadata_strip_preserve_orientation_v2,,,
datasets/corn-field-pest-v2/train/grasshopper_unknown/img_d3b188d7eba6ae5613d9b2ce.jpg,train,grasshopper_unknown,ccmt,CC BY 4.0,grp_930937609b6b0b2be733714a,1a61f0386479e2596769bb5aba6da5f108c3f29d90468abc669c04f8559db975,21593,1,lossless_jpeg_metadata_strip_preserve_orientation_v2,,,
datasets/corn-field-pest-v2/train/fall_armyworm/img_bdfc059021b6a02f8ee924fb.jpg,train,fall_armyworm,ccmt,CC BY 4.0,grp_49b9d031140a56069645f397,df310fa610ee85624c031ecd8eafd4baf5acc6ed3c750e5c85761f6ef61f7568,50537,1,lossless_jpeg_metadata_strip_preserve_orientation_v2,,,
datasets/corn-field-pest-v2/val/grasshopper_unknown/img_4b16a11f614a58a98b34563d.jpg,val,grasshopper_unknown,ccmt,CC BY 4.0,grp_9448e505d90a6e6dc251dbff,fc6431f854905d6c47183cd594213e183cb10d876c83551c3514046d63bae6da,46733,1,lossless_jpeg_metadata_strip_preserve_orientation_v2,,,
datasets/corn-field-pest-v2/train/healthy/img_3bf62e32ee2d1d5bcd7598ac.jpg,train,healthy,ccmt,CC BY 4.0,grp_dbb96c1dfa2ecfe4ecb90d88,bf1999c6064fa0f5093dfc51097bfaa6753f2ebb05bcdc503284d5e64b5c3130,39860,1,lossless_jpeg_metadata_strip_preserve_orientation_v2,,,
datasets/corn-field-pest-v2/val/grasshopper_unknown/img_038ef5167297ddc986a1821d.jpg,val,grasshopper_unknown,ccmt,CC BY 4.0,grp_6e2c102fff21b3d6af64ed57,96f0a023b01daad168c2b98c0e60468a734220bf8bcd7a9b1a38f1cddf94b201,44861,1,lossless_jpeg_metadata_strip_preserve_orientation_v2,,,
datasets/corn-field-pest-v2/train/grasshopper_unknown/img_c94f25d692719d57cb5779d0.jpg,train,grasshopper_unknown,ccmt,CC BY 4.0,grp_9b2effc7f3f4d8642cd21a7f,e65c68e4df398efc374739e2b40c87af7c37c291ece2f9049f53bcb038bf0a5f,46631,1,lossless_jpeg_metadata_strip_preserve_orientation_v2,,,
datasets/corn-field-pest-v2/train/leaf_beetle_unknown/img_2f50c90d87a922f5ce607d1b.jpg,train,leaf_beetle_unknown,ccmt,CC BY 4.0,grp_860a0a8b6c1baeceb57f697c,5753f95f83e36db5af1fb9df1fd42fc60fbc373ddec0a43c2b43958a55544db5,37002,1,lossless_jpeg_metadata_strip_preserve_orientation_v2,,,
datasets/corn-field-pest-v2/val/fall_armyworm/img_a157eebd36c195fd6193b8f3.jpg,val,fall_armyworm,tom2024,CC BY 4.0,grp_802d68b19d956888286c5fe8,d4262dc1fbf3cef35d35c4fa6582374e51a22898e83901c5fd582396863baeaf,4056,1,lossless_jpeg_metadata_strip_preserve_orientation_v2,,,
datasets/corn-field-pest-v2/train/fall_armyworm/img_486156a72174cefef12df37a.jpg,train,fall_armyworm,tom2024,CC BY 4.0,grp_98a84fa18fd127244bffec19,67cf6f35971436a8446cd46329ed828766766e9fca420b89c567eff269229a97,14118,1,lossless_jpeg_metadata_strip_preserve_orientation_v2,,,
datasets/corn-field-pest-v2/train/leaf_beetle_unknown/img_1afeb2168233692bee5a8928.jpg,train,leaf_beetle_unknown,ccmt,CC BY 4.0,grp_91b3073968aef4b7891826b9,48176e9327f0f1e2158d38e340a131b8c2f3a94aa98aa83bfcfebac2459b7673,41824,1,lossless_jpeg_metadata_strip_preserve_orientation_v2,,,
datasets/corn-field-pest-v2/train/healthy/img_c2d23ad4bc0d4b6dbe845dcd.jpg,train,healthy,tom2024,CC BY 4.0,grp_3f34818fa86fc8397082a6dc,85410b98ac81439f313bda91358c4821f5ee5a051d43acb8aa51f8d1d90b7131,4884,1,lossless_jpeg_metadata_strip_preserve_orientation_v2,,,
datasets/corn-field-pest-v2/train/fall_armyworm/img_4f66d29b33a42558b549c28c.jpg,train,fall_armyworm,tom2024,CC BY 4.0,grp_ec7a5a2422e6dd94f33efa4f,a707315b8308108623422f42b1349b97ca061b8ab96baaf406d03b9c22c04b31,9386,1,lossless_jpeg_metadata_strip_preserve_orientation_v2,,,
datasets/corn-field-pest-v2/train/healthy/img_7f47a948d854c7943a91556b.jpg,train,healthy,ccmt,CC BY 4.0,grp_69411ca0ed82bbf8dd397485,2eef4e09b18587b100525948e11da7376cfc517b0748f558b7c586e0566fa8a4,36373,1,lossless_jpeg_metadata_strip_preserve_orientation_v2,,,
datasets/corn-field-pest-v2/val/fall_armyworm/img_901e9372d1543ef1d21aea27.jpg,val,fall_armyworm,ccmt,CC BY 4.0,grp_74aa745436a31321f90914c5,50ffbe6d426b45b1932d5b7ddb45f4404ce59c3935430b67ab1a062e084690d9,31263,1,lossless_jpeg_metadata_strip_preserve_orientation_v2,,,
datasets/corn-field-pest-v2/train/leaf_beetle_unknown/img_f0337f43ef03831c4df123c6.jpg,train,leaf_beetle_unknown,ccmt,CC BY 4.0,grp_206fab3dc320f1f5c671ae1d,0d07ed6323a451fd399c9358c47f6932daca252c8e934be077ee6a75285be1f2,30428,1,lossless_jpeg_metadata_strip_preserve_orientation_v2,,,
datasets/corn-field-pest-v2/train/leaf_beetle_unknown/img_498d68f700e35f13bebc07fc.jpg,train,leaf_beetle_unknown,ccmt,CC BY 4.0,grp_ca7ba5f61fa769e8a83052b2,ce9b0239a233746e023ca75e0733a3909c5f8b2e87f9368ca618ddb4a94026f9,23976,1,lossless_jpeg_metadata_strip_preserve_orientation_v2,,,
datasets/corn-field-pest-v2/train/leaf_beetle_unknown/img_9b546bb20bf3480c3d44aa11.jpg,train,leaf_beetle_unknown,ccmt,CC BY 4.0,grp_068f8f6762b9e5a7e0ad11f9,8a08283d2763bcabe9dd6b77b740d74de81805861da9b1954191f41c3a89ecc4,53627,1,lossless_jpeg_metadata_strip_preserve_orientation_v2,,,
datasets/corn-field-pest-v2/train/leaf_beetle_unknown/img_9b1336f52fe7ee24489296df.jpg,train,leaf_beetle_unknown,ccmt,CC BY 4.0,grp_539a1ecf6eeed9f2131b33bf,9ca006a6e84895d6300aa248f0734570f83fa84afb941516bf8e5e46ada806ef,35089,1,lossless_jpeg_metadata_strip_preserve_orientation_v2,,,
datasets/corn-field-pest-v2/val/healthy/img_06b0f1ac83090f87ecc000ad.jpg,val,healthy,ccmt,CC BY 4.0,grp_721cc45242496d6982420d4d,ce7e4ee0e9acbae8a41528d3f8cd8ebd3c25d1803c581fe65dcc7c6d5aa3b388,36012,1,lossless_jpeg_metadata_strip_preserve_orientation_v2,,,
datasets/corn-field-pest-v2/val/fall_armyworm/img_01657b5fa306de74a2e4d287.jpg,val,fall_armyworm,ccmt,CC BY 4.0,grp_1ecffc0b6170cb009f9b7f64,3d3dd88d6df99dd9fe85c82ff19af79f313510d92a1b3d0379ed693ce1e4621a,55628,1,lossless_jpeg_metadata_strip_preserve_orientation_v2,,,
datasets/corn-field-pest-v2/train/leaf_beetle_unknown/img_575fd18658dccfcd5435b92d.jpg,train,leaf_beetle_unknown,ccmt,CC BY 4.0,grp_f858706e9e6f312ed9522aa2,694d6eb41c8cbe8a11069ab79cff4458f7fb82c5ebfb4e3499cfc390700c306d,26765,1,lossless_jpeg_metadata_strip_preserve_orientation_v2,,,
datasets/corn-field-pest-v2/train/leaf_beetle_unknown/img_c281e097d43e174e6c00eaa9.jpg,train,leaf_beetle_unknown,ccmt,CC BY 4.0,grp_136f5171344e2c63044806d9,0634476d1cc468ad5fb2d09b15687c9bc1ddc44cfc0d36a76de7d44af4ba7553,63843,1,lossless_jpeg_metadata_strip_preserve_orientation_v2,,,
datasets/corn-field-pest-v2/val/healthy/img_3358b586228c40590ff950f1.jpg,val,healthy,tom2024,CC BY 4.0,grp_b7bcf590c862abde30e59afb,da88d4a63c908fe923c3df995b81761422e9294a3db8a2972848c7c05c6a32c2,4752,1,lossless_jpeg_metadata_strip_preserve_orientation_v2,,,
datasets/corn-field-pest-v2/val/leaf_beetle_unknown/img_43de7312c71a1878322b827a.jpg,val,leaf_beetle_unknown,ccmt,CC BY 4.0,grp_ebad13e9bbc67d3ed6f93960,4432165ae1b2a5c9b290e71ec926fb7f8380dcc3958154b1f1f6373d4eb5f509,34375,1,lossless_jpeg_metadata_strip_preserve_orientation_v2,,,
datasets/corn-field-pest-v2/train/maize_aphid_unknown/img_90316c033e80933a7b82b23e.jpg,train,maize_aphid_unknown,yeesi,CC BY 4.0,grp_ed471b353f4a6b148da3d189,b8f0acebca2bca5343b9df4a224a05da3821f407a081e01b5f989a474717b5af,5407590,1,lossless_jpeg_metadata_strip_preserve_orientation_v2,,,
datasets/corn-field-pest-v2/val/leaf_beetle_unknown/img_f028365fc2c2da9dd1e45c3e.jpg,val,leaf_beetle_unknown,ccmt,CC BY 4.0,grp_3a9386f5964e0e3847792b77,0007cc1e02676c8e755b4fde1b542cb9d99d5f725a10fae453d3a7376f5824ec,19171,1,lossless_jpeg_metadata_strip_preserve_orientation_v2,,,
datasets/corn-field-pest-v2/train/fall_armyworm/img_5a81506657896d3b93b36f8c.jpg,train,fall_armyworm,tom2024,CC BY 4.0,grp_34dbcb64afa731041f01405f,82d14a8ae61ace5d190e37d85c61fe83320cbd30b0d042fe8d9df6d12b8bcd53,2723,1,lossless_jpeg_metadata_strip_preserve_orientation_v2,,,
datasets/corn-field-pest-v2/train/grasshopper_unknown/img_a2c32b0f31a8fdad13dad834.jpg,train,grasshopper_unknown,ccmt,CC BY 4.0,grp_0731ef58570f98f78c179876,caa04abe6cd2006733ae8201ca2b318a043deaa6a40d9f3c60e8f1a21a48318c,30704,1,lossless_jpeg_metadata_strip_preserve_orientation_v2,,,
datasets/corn-field-pest-v2/train/leaf_beetle_unknown/img_995347e6d3379d0447021a72.jpg,train,leaf_beetle_unknown,ccmt,CC BY 4.0,grp_432dfd7a4fa3c5aa9ab35cc6,cdc21448ac62e7baa733e5d6b1a79be217a19515e66495e661b5dcc80566bbd0,39559,1,lossless_jpeg_metadata_strip_preserve_orientation_v2,,,
datasets/corn-field-pest-v2/val/leaf_beetle_unknown/img_5b869db75fe6759d94cfbf27.jpg,val,leaf_beetle_unknown,ccmt,CC BY 4.0,grp_4dda5dd61ba16713285530f9,07550fd09f9d1199be42ede75ddbb2e7533636ea61097ce0d3d9d665e020ee9d,25385,1,lossless_jpeg_metadata_strip_preserve_orientation_v2,,,
datasets/corn-field-pest-v2/train/healthy/img_47acf56f2c1343d42b71ef0f.jpg,train,healthy,tom2024,CC BY 4.0,grp_7a20fe736ec1e181ea734b36,bff4abd78962d00ce2684136dd0545294fd57aca1fe74699f675eb9e28738eaa,10561,1,lossless_jpeg_metadata_strip_preserve_orientation_v2,,,
datasets/corn-field-pest-v2/train/grasshopper_unknown/img_5cd7e52fb59f7a4d93fdc487.jpg,train,grasshopper_unknown,ccmt,CC BY 4.0,grp_3a412c7fcf4cffaac08dade9,c28d0a6069f27051603cfc23060055b090e9db0f2ea06d6eb8a50326a975ee49,40986,1,lossless_jpeg_metadata_strip_preserve_orientation_v2,,,
datasets/corn-field-pest-v2/train/fall_armyworm/img_b04bd8de188e53d7deb164dc.jpg,train,fall_armyworm,tom2024,CC BY 4.0,grp_d72c817a42e50e65a779a104,d3b99269b17e7a4c3049d78ac59c329dfb91857c3d83965bc1b4fb53ef2662ba,9248,1,lossless_jpeg_metadata_strip_preserve_orientation_v2,,,
datasets/corn-field-pest-v2/val/grasshopper_unknown/img_98c563dfaa957e7efcdc7658.jpg,val,grasshopper_unknown,ccmt,CC BY 4.0,grp_e740b3388c77d0e960153b59,ff43bae8a57d8bd44baaf02812cc6655631c49717fd349083c4c982e493dc3fb,49649,1,lossless_jpeg_metadata_strip_preserve_orientation_v2,,,
datasets/corn-field-pest-v2/train/healthy/img_a483f3bd04dad88c3f6cda16.jpg,train,healthy,ccmt,CC BY 4.0,grp_3ac8cf17404b0c23294a95d4,a688ba39cba155d7e07f9a15c230b10d1fe3945b1a9f6eed74193530b7892d9a,37483,1,lossless_jpeg_metadata_strip_preserve_orientation_v2,,,
datasets/corn-field-pest-v2/train/grasshopper_unknown/img_bae3d7c7644faee841d941b0.jpg,train,grasshopper_unknown,ccmt,CC BY 4.0,grp_f9ea768cfa686778159f82f9,67af43f138ec19df679b9c49c8f7422dbe82db513e01ba8a454103a2da661ddd,48237,1,lossless_jpeg_metadata_strip_preserve_orientation_v2,,,
datasets/corn-field-pest-v2/train/fall_armyworm/img_ad0ec8872f891b7794c349f8.jpg,train,fall_armyworm,ccmt,CC BY 4.0,grp_ffca05393ffa7ee279201f51,967d34c48a255e667549ada9b6759a4fd49071da0d273bf323eddb75911fb2f8,43927,1,lossless_jpeg_metadata_strip_preserve_orientation_v2,,,
datasets/corn-field-pest-v2/train/grasshopper_unknown/img_9ffd56d5d13dc60036e8dfdc.jpg,train,grasshopper_unknown,ccmt,CC BY 4.0,grp_ce80440ed23bdad96779ebe4,1db28c701f32e0f073b32dff5630340e71763524169874c2c9ddbd4377839c77,28064,1,lossless_jpeg_metadata_strip_preserve_orientation_v2,,,
datasets/corn-field-pest-v2/val/leaf_beetle_unknown/img_e5b5c07252ea44ddc5eb902b.jpg,val,leaf_beetle_unknown,ccmt,CC BY 4.0,grp_7a5329029cc30ae7d9f8d633,7e7e232560a015b0845dda0df661019ac27cff353d7e28281db9c06c0d2f62d9,42859,1,lossless_jpeg_metadata_strip_preserve_orientation_v2,,,
datasets/corn-field-pest-v2/train/leaf_beetle_unknown/img_08148b60fb4d5cf520e6a87e.jpg,train,leaf_beetle_unknown,ccmt,CC BY 4.0,grp_000904653d4ca458bcd4ae45,0ffa3d92fe7c8e2fac1fc80c818dfec12870b27ae0e973e1238b319e90758b59,31039,1,lossless_jpeg_metadata_strip_preserve_orientation_v2,,,
datasets/corn-field-pest-v2/val/fall_armyworm/img_f2a091b64ea6ed360a9e0855.jpg,val,fall_armyworm,ccmt,CC BY 4.0,grp_f5a773ebef67f926d0037737,7761b1cc77568a18ed3234160e22c1943c61800410cec984ca2230cf70978ecd,59329,1,lossless_jpeg_metadata_strip_preserve_orientation_v2,,,
datasets/corn-field-pest-v2/val/grasshopper_unknown/img_bbfba3e48051974288853872.jpg,val,grasshopper_unknown,ccmt,CC BY 4.0,grp_33d7b960cd3e5ca33cd89059,25fe956b63495a91b522e69d3ec10318bfa9693e16eb289b356211d239ad48ac,31433,1,lossless_jpeg_metadata_strip_preserve_orientation_v2,,,
datasets/corn-field-pest-v2/train/grasshopper_unknown/img_66a4857ff2b70bc3031c9b78.jpg,train,grasshopper_unknown,ccmt,CC BY 4.0,grp_e124964ecefc1453d876df86,c55407b2528f910cdbd116eab22c3ae4c149250452edf9482f3e418763074451,29584,1,lossless_jpeg_metadata_strip_preserve_orientation_v2,,,
datasets/corn-field-pest-v2/val/grasshopper_unknown/img_379bc19a2f967ffc33ca83b4.jpg,val,grasshopper_unknown,ccmt,CC BY 4.0,grp_bc0fa89cd72ec5e96571da50,52508032bd390b2763bb875d108079ffb92c8ade2c8b931bd0237f51fde16393,66114,1,lossless_jpeg_metadata_strip_preserve_orientation_v2,,,
datasets/corn-field-pest-v2/train/healthy/img_dbfe72a115d7f3ed39eb4f25.jpg,train,healthy,tom2024,CC BY 4.0,grp_38e5c2849e5b54b33ef6a22b,c2e3b92b0a64d97bc8f81c550fbba79c3dc0b1650e30005798a933995a3688e1,5177,1,lossless_jpeg_metadata_strip_preserve_orientation_v2,,,
datasets/corn-field-pest-v2/val/grasshopper_unknown/img_e36c2fb9f13160e5b5bb43b6.jpg,val,grasshopper_unknown,ccmt,CC BY 4.0,grp_944a0f24f8e4081ef28e4682,e64bda1bfbc44f0435f76e33318169f6ebc08832e79f163dca53765a28713a89,55592,1,lossless_jpeg_metadata_strip_preserve_orientation_v2,,,
datasets/corn-field-pest-v2/train/healthy/img_3860e59f4bf8b5b764d82ab2.jpg,train,healthy,ccmt,CC BY 4.0,grp_b333314181dbe7f472352535,ebf845ec2b3fa8daef214973943c851960725520ae34390ba1653c1761beb8ea,47387,1,lossless_jpeg_metadata_strip_preserve_orientation_v2,,,
datasets/corn-field-pest-v2/train/leaf_beetle_unknown/img_384ec38fb90060a7cf001385.jpg,train,leaf_beetle_unknown,ccmt,CC BY 4.0,grp_f665ff00183d4854ab363b91,2accc6c44404260ca2a5294466e90e3990e6a30192a405df2ff65f0bec7bc125,32710,1,lossless_jpeg_metadata_strip_preserve_orientation_v2,,,
datasets/corn-field-pest-v2/train/grasshopper_unknown/img_b4779492db8dbe4fe4cf5e51.jpg,train,grasshopper_unknown,ccmt,CC BY 4.0,grp_6a0d5d424f4e20d974b44dc8,8dd9a9d0dc209e1cbdfe1d943a8822a3e889f940c475b46893c49f4d00b3f808,33424,1,lossless_jpeg_metadata_strip_preserve_orientation_v2,,,
datasets/corn-field-pest-v2/train/leaf_beetle_unknown/img_a6a75a03951a6ccb131f5b7a.jpg,train,leaf_beetle_unknown,ccmt,CC BY 4.0,grp_48f6d6005356c91bd328028c,2946b8c9690e939a36fdd03088d00c44ff7532b5c9401b5a971071aaf8c0ed51,37857,1,lossless_jpeg_metadata_strip_preserve_orientation_v2,,,
datasets/corn-field-pest-v2/train/grasshopper_unknown/img_8d1a517168ce6b81021fea59.jpg,train,grasshopper_unknown,ccmt,CC BY 4.0,grp_83cfaf96d5a4481ba6e7dafa,b8ae828a4063145cfbeb300b79157ffbad28a1d8e86d7032e37167a3522a54fd,38684,1,lossless_jpeg_metadata_strip_preserve_orientation_v2,,,
datasets/corn-field-pest-v2/train/leaf_beetle_unknown/img_975765922efa3b1cce2b4cdc.jpg,train,leaf_beetle_unknown,ccmt,CC BY 4.0,grp_a45b6df6afc2f602700a20f4,a034d7ab11c84d9b81304cf68fe6d3083e73c6194d30bc6a14a515a7d66bf7e4,42892,1,lossless_jpeg_metadata_strip_preserve_orientation_v2,,,
datasets/corn-field-pest-v2/train/fall_armyworm/img_a8f3deabe005aae16dc04bd3.jpg,train,fall_armyworm,tom2024,CC BY 4.0,grp_f53f103c5d357f65cc22e483,bb2e1c2bc0d6c35053df6ec298b73b5834e0d82ca1ccff70e633c1c97b42f5b9,7030,1,lossless_jpeg_metadata_strip_preserve_orientation_v2,,,
datasets/corn-field-pest-v2/val/healthy/img_f73adafdfccf0662f3c02831.jpg,val,healthy,tom2024,CC BY 4.0,grp_5cc2c31ebcae7f7273c5b8f6,c982fbbc69cb44efedc1ec7b8aa1b4140c1742c944cec50713f220f8141ab957,4944,1,lossless_jpeg_metadata_strip_preserve_orientation_v2,,,
datasets/corn-field-pest-v2/val/fall_armyworm/img_a3d00f930123eaadeaa4c544.jpg,val,fall_armyworm,ccmt,CC BY 4.0,grp_7391029d4fad27dac34a79b1,2b473e6555ff4be86a051cbb716bce2e3762d6628e681926e9e692dd3edc234c,41192,1,lossless_jpeg_metadata_strip_preserve_orientation_v2,,,
datasets/corn-field-pest-v2/train/leaf_beetle_unknown/img_26ca921254c7446fe3d6b510.jpg,train,leaf_beetle_unknown,ccmt,CC BY 4.0,grp_7e03232f4766de6cfb38130e,a8857c8d1f9ef17b9b46a087269c731bd494fc2d861704071b86879a5204adc9,32934,1,lossless_jpeg_metadata_strip_preserve_orientation_v2,,,
datasets/corn-field-pest-v2/train/leaf_beetle_unknown/img_0e3180e8342df68c8887f417.jpg,train,leaf_beetle_unknown,ccmt,CC BY 4.0,grp_b82dc9766b074656bc1ee022,14a675f47ed9f07949873ab496a725a453f70861b48c13a9efbf36995a869f32,24023,1,lossless_jpeg_metadata_strip_preserve_orientation_v2,,,
datasets/corn-field-pest-v2/train/fall_armyworm/img_e88826e130bfda4cf50e37b5.jpg,train,fall_armyworm,tom2024,CC BY 4.0,grp_2518bc37354fe05ea60e1793,1c10c19e29ae9d71a45ed2d78d2bbb7db83e2bd766588bf3a9e6efc371451535,8440,1,lossless_jpeg_metadata_strip_preserve_orientation_v2,,,
datasets/corn-field-pest-v2/train/grasshopper_unknown/img_1ea7b996d8f65a3839d4eea1.jpg,train,grasshopper_unknown,ccmt,CC BY 4.0,grp_60d32072914f4bf77d5ca47c,34acdeb50429faec9a38120d88d89e1d7909c705882b9a31d0b1e7457baf83b4,43493,1,lossless_jpeg_metadata_strip_preserve_orientation_v2,,,
datasets/corn-field-pest-v2/train/healthy/img_cfe3dfa26432d617399dc6b4.jpg,train,healthy,tom2024,CC BY 4.0,grp_8205ab9a65d29940cbe44b41,8acca4c771ba1fb7cc783e3a2cf02f87dde08020733ab24bc76f3daca31937de,4441,1,lossless_jpeg_metadata_strip_preserve_orientation_v2,,,
datasets/corn-field-pest-v2/val/healthy/img_ca0da40ab840094c21e6cac2.jpg,val,healthy,tom2024,CC BY 4.0,grp_082ebad85426a191d89bee25,40a9e508e266c898346acde4de3c0b8bc65d5a5d92dbe4213bbba3ec6e34b5ad,3269,1,lossless_jpeg_metadata_strip_preserve_orientation_v2,,,
datasets/corn-field-pest-v2/train/leaf_beetle_unknown/img_75423003d5bbb3cd5ffe3197.jpg,train,leaf_beetle_unknown,ccmt,CC BY 4.0,grp_6f28a1c78a6db85238e7dad8,3970b8c9bcb466ec500d09c14f6246a21f0ecd677fd1e03658158cda2e3cb102,29293,1,lossless_jpeg_metadata_strip_preserve_orientation_v2,,,
datasets/corn-field-pest-v2/train/leaf_beetle_unknown/img_2948cb99b5d9aa651debc98f.jpg,train,leaf_beetle_unknown,ccmt,CC BY 4.0,grp_20d27ee2c03108f66c55adb5,0bd6f1cf54847af13a054ddaa7c9a606f63e54070435cb36e948a834f8bba5c4,29304,1,lossless_jpeg_metadata_strip_preserve_orientation_v2,,,
datasets/corn-field-pest-v2/train/leaf_beetle_unknown/img_ed829fe3709140d96c079678.jpg,train,leaf_beetle_unknown,ccmt,CC BY 4.0,grp_b21f2e03c28856f4dd9f5a7e,d64d458fb0e35148485af96a0798100fe6755c312b4b693896ca5f8f8c0e6f3d,26832,1,lossless_jpeg_metadata_strip_preserve_orientation_v2,,,
datasets/corn-field-pest-v2/train/grasshopper_unknown/img_0b8ed6902a57646234014d27.jpg,train,grasshopper_unknown,ccmt,CC BY 4.0,grp_a6f9fcd7ab14c149f5494bfa,2efe86ae3731677283c3dff9e6e6eaa86700bac76933ea74c17319e196031ffc,30472,1,lossless_jpeg_metadata_strip_preserve_orientation_v2,,,
datasets/corn-field-pest-v2/train/healthy/img_c99cf37cee6c16ec97daf42c.jpg,train,healthy,ccmt,CC BY 4.0,grp_5cbcc8bd1068efcc9c4749ae,1d528c2bdbddbecf16f1d369a403e21d0ceda971bf54433fbb58205672ce38ae,46430,1,lossless_jpeg_metadata_strip_preserve_orientation_v2,,,
datasets/corn-field-pest-v2/train/grasshopper_unknown/img_7ec4ba9fb4d1f84f4d3972c4.jpg,train,grasshopper_unknown,ccmt,CC BY 4.0,grp_22ef2781fc584b22a682d526,2eb04e22c02b836c0e4b6572b33b8f03034e63dc8b9596543f11587488bd6e6e,45337,1,lossless_jpeg_metadata_strip_preserve_orientation_v2,,,
datasets/corn-field-pest-v2/train/fall_armyworm/img_a3800e00b6dd2bdb6f3dac97.jpg,train,fall_armyworm,tom2024,CC BY 4.0,grp_321c04bdc1a4428705e03bf9,d4898af7b68aae3bc267b68b5b480cce487ed3ae09b5b837496e78efec239b7f,12603,1,lossless_jpeg_metadata_strip_preserve_orientation_v2,,,
datasets/corn-field-pest-v2/train/fall_armyworm/img_0c7f1380251779a1317e10a6.jpg,train,fall_armyworm,tom2024,CC BY 4.0,grp_703ae0434631bb12548208cb,38ae5a8b2a0914725f5b747ae5d9a51d9773b873d0c234966c9b28fd463a1865,2794,1,lossless_jpeg_metadata_strip_preserve_orientation_v2,,,
datasets/corn-field-pest-v2/train/grasshopper_unknown/img_3eb8eefbbbb6122de5995dff.jpg,train,grasshopper_unknown,ccmt,CC BY 4.0,grp_f4e6664907065632826ed2ef,d6699a6dfb296869fd4cb3cebe0cc1ae92afd1529639792b82426f54e567031c,52108,1,lossless_jpeg_metadata_strip_preserve_orientation_v2,,,
datasets/corn-field-pest-v2/train/fall_armyworm/img_e7355ce4880b3b746f4ec46b.jpg,train,fall_armyworm,tom2024,CC BY 4.0,grp_efa05040203f8beb73acc2e3,b1f859e5e5342912560b1ef187a8b1c0152e645222e1a22f3995aa2d6fba435d,22537,1,lossless_jpeg_metadata_strip_preserve_orientation_v2,,,
datasets/corn-field-pest-v2/train/fall_armyworm/img_f7cfa68d121ac4e2c1ec24c8.jpg,train,fall_armyworm,tom2024,CC BY 4.0,grp_c7629b4098c5eccd9d9773b4,c307bf02854767d21e91550aad170230b05f68cd40779ea8eab521481f9f538e,10552,1,lossless_jpeg_metadata_strip_preserve_orientation_v2,,,
datasets/corn-field-pest-v2/train/grasshopper_unknown/img_cd861d3513b6faaabb5feaf9.jpg,train,grasshopper_unknown,ccmt,CC BY 4.0,grp_c997fcbe23da5e55147bbd0a,0508b1a23dcf4917a02756de5bb1ea58b110370216ea90ecd665bb7fa79687e7,45222,1,lossless_jpeg_metadata_strip_preserve_orientation_v2,,,
datasets/corn-field-pest-v2/val/healthy/img_cbffed92ceaa2fdd1144824f.jpg,val,healthy,tom2024,CC BY 4.0,grp_bc273d0efbaef29ed75abaa1,897e628694c77363dcc39fd6d0e9e9a3deef0b8f93ab6fadc0f3b3e947876514,4725,1,lossless_jpeg_metadata_strip_preserve_orientation_v2,,,
datasets/corn-field-pest-v2/train/healthy/img_67994efadb7f8558c72643f3.jpg,train,healthy,ccmt,CC BY 4.0,grp_4f03563936fa5cdbd4e3ace2,09502784c23c6cb97c697158c44712fd16c141b0ec6a233719a673a0283c24d4,48152,1,lossless_jpeg_metadata_strip_preserve_orientation_v2,,,
datasets/corn-field-pest-v2/val/grasshopper_unknown/img_fe5a32f1a05ade239defc440.jpg,val,grasshopper_unknown,ccmt,CC BY 4.0,grp_46894b07c3a0ddc47043d587,6479da41f53c9d86a2b6fc046e3f3413437bd6369aea794e1158a3181b919a0f,49538,1,lossless_jpeg_metadata_strip_preserve_orientation_v2,,,
datasets/corn-field-pest-v2/train/leaf_beetle_unknown/img_4858a0921ad598b9bba5bb5a.jpg,train,leaf_beetle_unknown,ccmt,CC BY 4.0,grp_5a97dc310da663a50f179f01,e467c49a619fc9182bb56b85732dc874bbae3806c47284fb693fcce0e82687ec,42158,1,lossless_jpeg_metadata_strip_preserve_orientation_v2,,,
datasets/corn-field-pest-v2/train/grasshopper_unknown/img_f5d34cffeb068d24f244b62c.jpg,train,grasshopper_unknown,ccmt,CC BY 4.0,grp_cef9ee4b41b0d418ec638f67,a703e39d4b09dce849c002ae86f4500b16f282e1c4cda0d2f74f24188e336bb7,43004,1,lossless_jpeg_metadata_strip_preserve_orientation_v2,,,
datasets/corn-field-pest-v2/train/leaf_beetle_unknown/img_372fd0f633048c2e208dcd3e.jpg,train,leaf_beetle_unknown,ccmt,CC BY 4.0,grp_8cdf286ce93958eed9a37a1b,397dc8e2281a814010d75b3c7e3e6d89c6106aa2c3726eba9e4d3ddbbbb7f35a,32720,1,lossless_jpeg_metadata_strip_preserve_orientation_v2,,,
datasets/corn-field-pest-v2/train/grasshopper_unknown/img_37a23254fcabb151e6b41bcf.jpg,train,grasshopper_unknown,ccmt,CC BY 4.0,grp_503669e891ae43e603ac2f4f,795beb563ba7ba58fad0533d3082bd30d6f9002249c9f69b632f848808ffbb42,26809,1,lossless_jpeg_metadata_strip_preserve_orientation_v2,,,
datasets/corn-field-pest-v2/train/leaf_beetle_unknown/img_5901973e66dad22bae8eec08.jpg,train,leaf_beetle_unknown,ccmt,CC BY 4.0,grp_6ca2de1f889a78f0e3b19a0f,0cc32f9b25a2768ce35226cb4297664fe50278401096a92680458b3a9930de3f,47018,1,lossless_jpeg_metadata_strip_preserve_orientation_v2,,,
datasets/corn-field-pest-v2/train/leaf_beetle_unknown/img_8e900dd00f5944caa603257d.jpg,train,leaf_beetle_unknown,ccmt,CC BY 4.0,grp_c47cfda2b863cb1137cc416e,b7e0073b6efa8325643ed78bcef3fce9310920f878732e1cc332694b93f4512f,53228,1,lossless_jpeg_metadata_strip_preserve_orientation_v2,,,
datasets/corn-field-pest-v2/val/grasshopper_unknown/img_b4a54f9f64956a1aae393b68.jpg,val,grasshopper_unknown,ccmt,CC BY 4.0,grp_6320dc3b61e5271ae60ec3b4,1844a2d30529a33aa1013377ebc2f2d41263fc8dea89ca66bc9ab7fac4c199ec,22216,1,lossless_jpeg_metadata_strip_preserve_orientation_v2,,,
datasets/corn-field-pest-v2/val/leaf_beetle_unknown/img_0c036f748c76a986d0e660a1.jpg,val,leaf_beetle_unknown,ccmt,CC BY 4.0,grp_49f315617804508b10aabf64,f9f237c421b92d710e3208fa61a05489804210aa826b2f7017f53d8d1990d467,25046,1,lossless_jpeg_metadata_strip_preserve_orientation_v2,,,
datasets/corn-field-pest-v2/train/grasshopper_unknown/img_05b194f854b5310fc1206a7d.jpg,train,grasshopper_unknown,ccmt,CC BY 4.0,grp_2944144804e4529193f94014,633bc3c688d19430441e40a5cfe1d018f7fc2e6ee69b6225dd7af291a9a64698,30743,1,lossless_jpeg_metadata_strip_preserve_orientation_v2,,,
datasets/corn-field-pest-v2/train/fall_armyworm/img_4d5f921d8d6264ec35337242.jpg,train,fall_armyworm,tom2024,CC BY 4.0,grp_8605d9b47b8d6e26b15ac0a8,0763427e387b8f7e4a533f6384dd62cf45acd26b11a2b99dc1d21ee6cfe4ab44,12640,1,lossless_jpeg_metadata_strip_preserve_orientation_v2,,,
datasets/corn-field-pest-v2/train/leaf_beetle_unknown/img_75678dadee1f892c2a1168a9.jpg,train,leaf_beetle_unknown,ccmt,CC BY 4.0,grp_3a826441adc972a6cf850df4,1dfb34b30cc4e8c572dbe2dba1ab344d461b19c37611a0b6d71770a6bfdd6b87,44685,1,lossless_jpeg_metadata_strip_preserve_orientation_v2,,,
datasets/corn-field-pest-v2/train/fall_armyworm/img_4c24f82f2693b25579e05160.jpg,train,fall_armyworm,tom2024,CC BY 4.0,grp_dff74c72799a6553888f328d,db8e545c493455af196c1dba0530dab43fd45c85d0dc28d69e133389fc4bc4fc,4715,1,lossless_jpeg_metadata_strip_preserve_orientation_v2,,,
datasets/corn-field-pest-v2/train/leaf_beetle_unknown/img_bd5607d23c7a695f0d8bf3cd.jpg,train,leaf_beetle_unknown,ccmt,CC BY 4.0,grp_da7270b3228765f62871aedf,b879afc3438794ef69f309e871d69e2bb732cd5a06608bcaf95cfecb645d5c37,24316,1,lossless_jpeg_metadata_strip_preserve_orientation_v2,,,
datasets/corn-field-pest-v2/train/grasshopper_unknown/img_991a3976dd67a8d51991da0b.jpg,train,grasshopper_unknown,ccmt,CC BY 4.0,grp_70fc2cd48c8baaf8503817db,a0efb906824d546fd4a062db6e79ff38756be561149acada3340c3817be7c19d,58065,1,lossless_jpeg_metadata_strip_preserve_orientation_v2,,,
datasets/corn-field-pest-v2/train/grasshopper_unknown/img_a42f5f7145b38bf6feaa166d.jpg,train,grasshopper_unknown,ccmt,CC BY 4.0,grp_9d88dc8870bac3e233917402,4cfeb9633dbeac7bdf8fcc9f655590ecdcbac40110461ee71497262c4086091f,42155,1,lossless_jpeg_metadata_strip_preserve_orientation_v2,,,
datasets/corn-field-pest-v2/train/healthy/img_add0102dd7dee333b258b8df.jpg,train,healthy,tom2024,CC BY 4.0,grp_40239afba312820b68524f1f,bb3476ca612c36ab86b8a70a9a6fd5aaf9767968ec00b3eea13b123f2d785e86,8319,1,lossless_jpeg_metadata_strip_preserve_orientation_v2,,,
datasets/corn-field-pest-v2/train/fall_armyworm/img_81d98aaab802bf50789d49b6.jpg,train,fall_armyworm,tom2024,CC BY 4.0,grp_a8321005e4a42945f89ebba3,b85692386208404a95ff90454b2f500b692a4c07f02ed3824e1ea0cf711149e2,8616,1,lossless_jpeg_metadata_strip_preserve_orientation_v2,,,
datasets/corn-field-pest-v2/train/fall_armyworm/img_c50bc83d449ade01a9bf259a.jpg,train,fall_armyworm,tom2024,CC BY 4.0,grp_1afe36e78f8f49c3292fb35b,a09f4752d9d33ff729f1fb13c9c10e1d270607bed66f1944748e2cc6dcc72e13,5461,1,lossless_jpeg_metadata_strip_preserve_orientation_v2,,,
datasets/corn-field-pest-v2/train/healthy/img_1b1607efb429d2c35f4d72db.jpg,train,healthy,tom2024,CC BY 4.0,grp_17967b635d7041a03978445d,e9739f6dc54a2d683fb1be73904b0103be9bb02a8ba0f9ebad45d5ac09d9fdec,14845,1,lossless_jpeg_metadata_strip_preserve_orientation_v2,,,
datasets/corn-field-pest-v2/train/grasshopper_unknown/img_821781f3a1159a78dd3129b2.jpg,train,grasshopper_unknown,ccmt,CC BY 4.0,grp_89086110d8b877acd206d3c4,13925337a90bcda6c1cb4c15a2adf7abf810a02000f443aa74f33d922e63747f,40030,1,lossless_jpeg_metadata_strip_preserve_orientation_v2,,,
datasets/corn-field-pest-v2/train/leaf_beetle_unknown/img_e83d5bc6e06dc928033c01f8.jpg,train,leaf_beetle_unknown,ccmt,CC BY 4.0,grp_014d8b04ae3e0740245d4487,b633fe868dd89b5970bc670cedb9f83d9f11b232d259292a4422e0fab7c62176,47360,1,lossless_jpeg_metadata_strip_preserve_orientation_v2,,,
datasets/corn-field-pest-v2/train/grasshopper_unknown/img_107f7845a4ccba0739cc9e35.jpg,train,grasshopper_unknown,ccmt,CC BY 4.0,grp_7e6b2becac093bb727c74990,d4e0a6c1a021f16bcca2a7a9d78a6d8faf533f31cbc1eabff3cba00c1a2ed5e9,43888,1,lossless_jpeg_metadata_strip_preserve_orientation_v2,,,
datasets/corn-field-pest-v2/train/leaf_beetle_unknown/img_0e979eb94235fee68c39a9ad.jpg,train,leaf_beetle_unknown,ccmt,CC BY 4.0,grp_18937a471c63cbe3c7729a57,fa77dbcefef693c8ff27baba605ccbb569f1c0263b91279d4eae6dd47d8b9078,39951,1,lossless_jpeg_metadata_strip_preserve_orientation_v2,,,
datasets/corn-field-pest-v2/val/healthy/img_8fc594da7a42ce84604ae91d.jpg,val,healthy,tom2024,CC BY 4.0,grp_4e639e57bdaa518083df6e44,0d03278832aea7b6d0eebe1569d398776aa68a35775394c3273868b24c9c2195,5925,1,lossless_jpeg_metadata_strip_preserve_orientation_v2,,,
datasets/corn-field-pest-v2/train/fall_armyworm/img_cbcef397d202a62fcf310ffc.jpg,train,fall_armyworm,ccmt,CC BY 4.0,grp_f028f3dd7f4a28f0bc771dbc,cb7fb76a48ba16e8d91982bc3c1741abbd9e485449cc1610e60e183eb6d09123,58672,1,lossless_jpeg_metadata_strip_preserve_orientation_v2,,,
datasets/corn-field-pest-v2/train/leaf_beetle_unknown/img_0654c0a237fad39df00f79f6.jpg,train,leaf_beetle_unknown,ccmt,CC BY 4.0,grp_af5610db192a92bf169a401f,c43d4cae1a46367ee984813f0dfe9411ac6424cffc00c1f77e5f8fb7891e4573,31754,1,lossless_jpeg_metadata_strip_preserve_orientation_v2,,,
datasets/corn-field-pest-v2/train/leaf_beetle_unknown/img_0bd16dbf8f8136c8f08cd01e.jpg,train,leaf_beetle_unknown,ccmt,CC BY 4.0,grp_0eaddacf5ed48394493b80e4,8b4a98dc01fa102fb81ead638daf795092430778c6d72e11526f2ada2b2f0023,28506,1,lossless_jpeg_metadata_strip_preserve_orientation_v2,,,
datasets/corn-field-pest-v2/train/fall_armyworm/img_1a880b128f3e216a4c1b6a71.jpg,train,fall_armyworm,tom2024,CC BY 4.0,grp_d65f92602a4b5980b212300c,9a81a7fc8f5aa0bae4347e6caa0c3fe94764ace91620b3c81add3c5f90528558,10465,1,lossless_jpeg_metadata_strip_preserve_orientation_v2,,,
datasets/corn-field-pest-v2/train/fall_armyworm/img_588e44d674d0de92a88043d4.jpg,train,fall_armyworm,tom2024,CC BY 4.0,grp_af0fd88eccc938e24b8eedde,2c184575f3c76cb717a7c12ba12ec89d573d18d6125f41cb281b3ae82d1757cd,12922,1,lossless_jpeg_metadata_strip_preserve_orientation_v2,,,
datasets/corn-field-pest-v2/val/leaf_beetle_unknown/img_fd17170498d7112c0abb31b7.jpg,val,leaf_beetle_unknown,ccmt,CC BY 4.0,grp_f66f02703b9f135f0c87fc2c,0bb56126d5b85a47ff5c35aebbf159435e0af3f3afa1dcbc2f1bf86c8c770987,31983,1,lossless_jpeg_metadata_strip_preserve_orientation_v2,,,
datasets/corn-field-pest-v2/train/fall_armyworm/img_204a4219ba5bb96e033b6462.jpg,train,fall_armyworm,tom2024,CC BY 4.0,grp_000546b19d902b08f88974de,e654bdb58da0c8f998d37c14182f00c16f03d92a81ac7bc24aa83eef3cc05f1e,4445,1,lossless_jpeg_metadata_strip_preserve_orientation_v2,,,
datasets/corn-field-pest-v2/train/leaf_beetle_unknown/img_cad8af31d39adfa36040c389.jpg,train,leaf_beetle_unknown,ccmt,CC BY 4.0,grp_5dd2a8d3d847e086b1878be4,7eeb454032152b2d533ee659b99cc1db2e20ba1091eee18e3fdb9ad1b02fc7cc,23854,1,lossless_jpeg_metadata_strip_preserve_orientation_v2,,,
datasets/corn-field-pest-v2/train/grasshopper_unknown/img_125411a2bc09570c289f71d0.jpg,train,grasshopper_unknown,ccmt,CC BY 4.0,grp_22ca9576f6bfd390beb6e221,7d9dc5273f4221f850f986827fdf048e53b99a828b3158b6afa39156610aa72a,41531,1,lossless_jpeg_metadata_strip_preserve_orientation_v2,,,
datasets/corn-field-pest-v2/train/fall_armyworm/img_0be0e3914e6933eebcb7c126.jpg,train,fall_armyworm,tom2024,CC BY 4.0,grp_8cb2cce390200f57c578d2f2,7c9b240e5204e3312092a0508442aa8b114bd2044dc5bc81e5458614b8255a47,3000,1,lossless_jpeg_metadata_strip_preserve_orientation_v2,,,
datasets/corn-field-pest-v2/train/grasshopper_unknown/img_ee96c1e703dad4e4a5d7f8d1.jpg,train,grasshopper_unknown,ccmt,CC BY 4.0,grp_13621368cc81e13b3206a27d,cf84fe081aebbf41001d18143cdaedcf12e0fdfb9d8b23281278584ced1983d6,64834,1,lossless_jpeg_metadata_strip_preserve_orientation_v2,,,
datasets/corn-field-pest-v2/val/leaf_beetle_unknown/img_79c20c008bf03344d2c6096a.jpg,val,leaf_beetle_unknown,ccmt,CC BY 4.0,grp_139e8f4d1f453ef47dddf475,a2de8f0846dd2e93d5fa7dc28bfd4da323cae9fcf3bc4814731aa83eb0233e7f,58011,1,lossless_jpeg_metadata_strip_preserve_orientation_v2,,,
datasets/corn-field-pest-v2/train/leaf_beetle_unknown/img_c171751a76c241fa00e59ed7.jpg,train,leaf_beetle_unknown,ccmt,CC BY 4.0,grp_71c221df501145b01bebccd2,e6f965c17488e16d955b5865af00bd93bf462e9995d652d359a1ab1bd959ea9e,25858,1,lossless_jpeg_metadata_strip_preserve_orientation_v2,,,
datasets/corn-field-pest-v2/val/grasshopper_unknown/img_09475c2943143e7b73aa455f.jpg,val,grasshopper_unknown,ccmt,CC BY 4.0,grp_a8bbd381e7edf25ed218632d,68e409e0ad6c52e0be8e5a3265a28b2adfa0fd8c6aeb5cbad36d1653df70df3d,30060,1,lossless_jpeg_metadata_strip_preserve_orientation_v2,,,
datasets/corn-field-pest-v2/train/grasshopper_unknown/img_be65deab90219f805da63268.jpg,train,grasshopper_unknown,ccmt,CC BY 4.0,grp_5119c814be2be1dd0d5cda7e,fe24ebf390b21c5f7b6019b4f637b57b88872429b45b6400aadecdfd0f3f1071,33646,1,lossless_jpeg_metadata_strip_preserve_orientation_v2,,,
datasets/corn-field-pest-v2/val/grasshopper_unknown/img_2eca569279423da38be49927.jpg,val,grasshopper_unknown,ccmt,CC BY 4.0,grp_46510b142f0c09bac8e748cb,16b77dacb7b61c08e11fa018f0f6abe56416cfc2ac0ef93345cb6e1ce3426011,35791,1,lossless_jpeg_metadata_strip_preserve_orientation_v2,,,
datasets/corn-field-pest-v2/train/fall_armyworm/img_18dff3465e3be665e4271d79.jpg,train,fall_armyworm,tom2024,CC BY 4.0,grp_3a66f39e15d78e0f093c0319,aa4acaa078f26017dd75f9609bf9d339ed2ecc81abbf21e354dbbd3763dd6691,6663,1,lossless_jpeg_metadata_strip_preserve_orientation_v2,,,
datasets/corn-field-pest-v2/train/grasshopper_unknown/img_1ff644dd04a0aeaea944ea72.jpg,train,grasshopper_unknown,ccmt,CC BY 4.0,grp_5e50373bb77721efda84f9ac,187f71722aab8e12c54041f24f08ba3b77a4ea535277dd4013cf920794749fed,28202,1,lossless_jpeg_metadata_strip_preserve_orientation_v2,,,
datasets/corn-field-pest-v2/val/fall_armyworm/img_69c83e2de2848cad18f53b16.jpg,val,fall_armyworm,ccmt,CC BY 4.0,grp_49bac6958feac6f9959c6816,dee07feb222e009a6cd60c634a889c39cee762c019a8632b50d4364f7e0d6e48,42407,1,lossless_jpeg_metadata_strip_preserve_orientation_v2,,,
datasets/corn-field-pest-v2/train/grasshopper_unknown/img_d0e759f3d3b4b723dce3ae97.jpg,train,grasshopper_unknown,ccmt,CC BY 4.0,grp_838793499fd5180714b3de40,499ac3cc927711ac0b0cd3202ba7bea9b168a751d56fb884541826db9e71c2a2,46766,1,lossless_jpeg_metadata_strip_preserve_orientation_v2,,,
datasets/corn-field-pest-v2/val/healthy/img_2acca7e6a75d5c880a668a50.jpg,val,healthy,ccmt,CC BY 4.0,grp_ef45f59a9a81d95315cd1118,50195484ddc7b8c0dc64a75118da55159ebadbfeeec6f88ae9cdc5c4cbae363e,49479,1,lossless_jpeg_metadata_strip_preserve_orientation_v2,,,
datasets/corn-field-pest-v2/val/leaf_beetle_unknown/img_b6a31934770ea52599c23d89.jpg,val,leaf_beetle_unknown,ccmt,CC BY 4.0,grp_e3af73119de05647fde3f203,8e5a970b05dfc6ac98cdd0a2c782229f90f8afb82db6ecd97571f05ef21cbd55,31500,1,lossless_jpeg_metadata_strip_preserve_orientation_v2,,,
datasets/corn-field-pest-v2/train/fall_armyworm/img_190fde54d880dbbc1654cb32.jpg,train,fall_armyworm,tom2024,CC BY 4.0,grp_15a2f9e13c1d228386a6071e,d695465bcffd10b21366b6c8b23fe1c60a67d4c75eb13ed31082806d4630b1e4,14649,1,lossless_jpeg_metadata_strip_preserve_orientation_v2,,,
datasets/corn-field-pest-v2/train/fall_armyworm/img_0028743795ce2f89f77ac913.jpg,train,fall_armyworm,ccmt,CC BY 4.0,grp_0051472f2b5d6c50a011de83,f1ee99b98dac75fb7126acef10210b7dcac1d570881b99f4d477a2555f40fe2a,48330,1,lossless_jpeg_metadata_strip_preserve_orientation_v2,,,
datasets/corn-field-pest-v2/train/grasshopper_unknown/img_0dc212c385416590e01cb99f.jpg,train,grasshopper_unknown,ccmt,CC BY 4.0,grp_31c047a1662bad9607c187b9,189ac288f275143b6741b9eba78312db88a6d3c66316e4c960e2d97df11721cc,31291,1,lossless_jpeg_metadata_strip_preserve_orientation_v2,,,
datasets/corn-field-pest-v2/val/grasshopper_unknown/img_6ad4bdcbedf439b7fbe80457.jpg,val,grasshopper_unknown,ccmt,CC BY 4.0,grp_48d7aec21160f95b79be9cd8,7c5bc37ca5e165f00cb213738bc5895c07c5cc28286602eb4a0d14cae640742d,56011,1,lossless_jpeg_metadata_strip_preserve_orientation_v2,,,
datasets/corn-field-pest-v2/train/fall_armyworm/img_e77e9fd75b4224faeca2912e.jpg,train,fall_armyworm,ccmt,CC BY 4.0,grp_7aa12384872e596caaccae9e,982a2c9869e6073c3a9dd13bbf7e6c5a5ac16bc781b40bbf1d3991a5515d6908,67065,1,lossless_jpeg_metadata_strip_preserve_orientation_v2,,,
datasets/corn-field-pest-v2/train/grasshopper_unknown/img_e94ce881c708011c912ab10c.jpg,train,grasshopper_unknown,ccmt,CC BY 4.0,grp_0ea983d24c2ed45a7703aadf,d9a151903688db9cbc8be18b466082a74b79e7cd49aa7cd5a93c6b5cc8ee9d30,40950,1,lossless_jpeg_metadata_strip_preserve_orientation_v2,,,
datasets/corn-field-pest-v2/train/grasshopper_unknown/img_747f5dfef241eff3641d4a32.jpg,train,grasshopper_unknown,ccmt,CC BY 4.0,grp_5d3bbf60751763bafdcc1e2b,5bd8a3821fcaaf2226b8730b4e384a800569724b0ab594b491abade9b01fd1b2,51131,1,lossless_jpeg_metadata_strip_preserve_orientation_v2,,,
datasets/corn-field-pest-v2/val/leaf_beetle_unknown/img_7422fa51670f24928437f89d.jpg,val,leaf_beetle_unknown,ccmt,CC BY 4.0,grp_42b65e24f7b73a570a084cf3,afe0808b22bd2f01c1666d2e7bf546e8ffb3076b6f9892f3a046aba924a12131,49210,1,lossless_jpeg_metadata_strip_preserve_orientation_v2,,,
datasets/corn-field-pest-v2/train/grasshopper_unknown/img_749c41bdba20524e55348e82.jpg,train,grasshopper_unknown,ccmt,CC BY 4.0,grp_b40400064c658505308ba3ff,26ccb117ecf75df54507597e3af7cc3739a305d369d4fdf83d0b0cfa4b933ea5,47283,1,lossless_jpeg_metadata_strip_preserve_orientation_v2,,,
datasets/corn-field-pest-v2/train/healthy/img_86bea4e4c949ca1f4c52cc18.jpg,train,healthy,ccmt,CC BY 4.0,grp_52048688c0e22d282e8fb4ff,c3b7f5a959744f24090a3c91d361ab911ce0d1c220917afa2f86f1395c616a97,44573,1,lossless_jpeg_metadata_strip_preserve_orientation_v2,,,
datasets/corn-field-pest-v2/train/leaf_beetle_unknown/img_f5101949b60c7421b20cd60d.jpg,train,leaf_beetle_unknown,ccmt,CC BY 4.0,grp_085e345b0488c1bc28f756d6,811cc15f36593bd9ef11a049376f6b591e8b76b464f7d6f0914c2bb1cbbad542,38084,1,lossless_jpeg_metadata_strip_preserve_orientation_v2,,,
datasets/corn-field-pest-v2/train/grasshopper_unknown/img_01ba6839200a1f0c52a4879d.jpg,train,grasshopper_unknown,ccmt,CC BY 4.0,grp_80ed1828ec76a8eecf0106cb,fa7d0828603dee36791ad9333f9f865f3384a981285e645d9b40c6f1e140365b,57047,1,lossless_jpeg_metadata_strip_preserve_orientation_v2,,,
datasets/corn-field-pest-v2/train/maize_aphid_unknown/img_63020fbf63f2ac06e0d91831.jpg,train,maize_aphid_unknown,yeesi,CC BY 4.0,grp_ed471b353f4a6b148da3d189,07be56174d305ede74724c3fc16f1b3ed64ab2edfbde86768df44d9f0ee3dad6,3917140,1,lossless_jpeg_metadata_strip_preserve_orientation_v2,,,
datasets/corn-field-pest-v2/train/leaf_beetle_unknown/img_7d0857bb5686900152ac1d11.jpg,train,leaf_beetle_unknown,ccmt,CC BY 4.0,grp_5233e93963022afe0b43467f,810d8b0eae9674e301d44618d6201af8fba89996d3d50e8c644b1fe06acb4c6d,39854,1,lossless_jpeg_metadata_strip_preserve_orientation_v2,,,
datasets/corn-field-pest-v2/train/grasshopper_unknown/img_d2b3bcb7eb494d41287aef46.jpg,train,grasshopper_unknown,ccmt,CC BY 4.0,grp_f4e5805a1f1fe3aa4977ac9d,2aec935fe66fc1bafd3a0f0eb2145639a676c3442ccd01bdf7cbed4f40132c9d,40525,1,lossless_jpeg_metadata_strip_preserve_orientation_v2,,,
datasets/corn-field-pest-v2/val/leaf_beetle_unknown/img_93cdfac109bbebee344fdc1b.jpg,val,leaf_beetle_unknown,ccmt,CC BY 4.0,grp_e7dc908bfa48c7f7d6d7ec5e,82d94f1f60c02e19a3e56142091a7fee34e686e6c5b3612cf5b1080db3eeed80,26531,1,lossless_jpeg_metadata_strip_preserve_orientation_v2,,,
datasets/corn-field-pest-v2/train/fall_armyworm/img_6c0170149c5fc0c2b0cf01ec.jpg,train,fall_armyworm,tom2024,CC BY 4.0,grp_8e1374b59b7b63a0cfa81901,f0509b8d585553dd1f4761c1d5752549f48fa04a2f5ac5d292cda77ec8054cd5,17682,1,lossless_jpeg_metadata_strip_preserve_orientation_v2,,,
datasets/corn-field-pest-v2/val/fall_armyworm/img_fdfeb88ad1a82cf2392b3b32.jpg,val,fall_armyworm,tom2024,CC BY 4.0,grp_942d4a274c5e267598031e92,fe1c59aa7bdf536983ca2170276a7fcaa7429752c28ed9e7a094bff83b6fdd83,13855,1,lossless_jpeg_metadata_strip_preserve_orientation_v2,,,
datasets/corn-field-pest-v2/train/grasshopper_unknown/img_9caf83c59e6e58e5cbba535c.jpg,train,grasshopper_unknown,ccmt,CC BY 4.0,grp_98bc9923bfb6fd36dcb1cb58,15a63bb82a18168d9c8e30b28b38ac4b54c4164608280e5f50895e22408bb3ea,69978,1,lossless_jpeg_metadata_strip_preserve_orientation_v2,,,
datasets/corn-field-pest-v2/train/fall_armyworm/img_384bb7fd8d45d0007bc4891d.jpg,train,fall_armyworm,tom2024,CC BY 4.0,grp_34e7c9d2964b17a2753d8f51,ea0c69eda4fdca39aab14efc6cd7367abb2c3fcdc10b9a2b4642354b3b2b959a,9493,1,lossless_jpeg_metadata_strip_preserve_orientation_v2,,,
datasets/corn-field-pest-v2/train/fall_armyworm/img_83d022d4bb0ec909d12dd21a.jpg,train,fall_armyworm,ccmt,CC BY 4.0,grp_afd5c8bd0b06266827f44ffc,b1e82f3bbfd5bbfa5b4b1b8d67d5a4d1b303e6b90b01cac999cba00d7d176a77,66871,1,lossless_jpeg_metadata_strip_preserve_orientation_v2,,,
datasets/corn-field-pest-v2/val/leaf_beetle_unknown/img_7b908d13b8c9de82d6ce0076.jpg,val,leaf_beetle_unknown,ccmt,CC BY 4.0,grp_799e01b746c4072e8cf0cfad,bc6bdaada293edc94fb3bf7b337c0425c7848a6716e1c8b6c7aee2c97569f0cf,27937,1,lossless_jpeg_metadata_strip_preserve_orientation_v2,,,
datasets/corn-field-pest-v2/train/fall_armyworm/img_f85c94e2dba9643fb240cfda.jpg,train,fall_armyworm,ccmt,CC BY 4.0,grp_9a6d033e4cb567311d1ff06f,494cdd6c15579fb86b5072630573eec04e0df7a5cb0c3267ff9ab3bbbc7de345,50498,1,lossless_jpeg_metadata_strip_preserve_orientation_v2,,,
datasets/corn-field-pest-v2/train/leaf_beetle_unknown/img_59d2e8f196a83af28f17c68b.jpg,train,leaf_beetle_unknown,ccmt,CC BY 4.0,grp_cb4bf760823a11bd0b77f213,f2066f31b80984e7a0921328339de6672b77e70fbbb2785e31c3be44e0bde778,24775,1,lossless_jpeg_metadata_strip_preserve_orientation_v2,,,
datasets/corn-field-pest-v2/train/grasshopper_unknown/img_17c08b455f1055e77f9ee963.jpg,train,grasshopper_unknown,ccmt,CC BY 4.0,grp_51a110824a7154d49ef4513b,d7baf63a43db6a6e21c3e4fb17ed38442dd562480de638bacd258952f11e0e3a,30606,1,lossless_jpeg_metadata_strip_preserve_orientation_v2,,,
datasets/corn-field-pest-v2/train/leaf_beetle_unknown/img_7b9d7e3e41bb9eec0477e763.jpg,train,leaf_beetle_unknown,ccmt,CC BY 4.0,grp_8c5a291fa6630c84f284fd54,4016a6d97c76b147c2507d0136939a2ee5d1bc5e4ba55b9b77fbd86af4be988c,32841,1,lossless_jpeg_metadata_strip_preserve_orientation_v2,,,
datasets/corn-field-pest-v2/val/maize_aphid_unknown/img_e42a47d61c07128ef01725ee.jpg,val,maize_aphid_unknown,yeesi,CC BY 4.0,grp_15aecef2d21da232f3e3324d,ca1a4f9703df24654b3ac1170fec1fd4456c625d4d985db5c6c12802de464538,1906553,1,lossless_jpeg_metadata_strip_preserve_orientation_v2,,,
datasets/corn-field-pest-v2/train/grasshopper_unknown/img_f405db0b593585786e559056.jpg,train,grasshopper_unknown,ccmt,CC BY 4.0,grp_ca8a131957469ed754a87f1c,3823a1f86ba52c44d0eb3cb8fa148bbeac24c6aacc626d9eed1ebd63050515fd,33124,1,lossless_jpeg_metadata_strip_preserve_orientation_v2,,,
datasets/corn-field-pest-v2/train/fall_armyworm/img_cfaf923f3349b84d28ff96b1.jpg,train,fall_armyworm,tom2024,CC BY 4.0,grp_e861d604367c280dc2d59f96,c3b0b43167f7150d84ae6702e224b9ffb15814a6f87035cdb48d6d5855111cc2,10796,1,lossless_jpeg_metadata_strip_preserve_orientation_v2,,,
datasets/corn-field-pest-v2/train/healthy/img_3d98dd08717a50745d687f1f.jpg,train,healthy,tom2024,CC BY 4.0,grp_4a52ea68f41661ee992fdc35,da1cfcb323bdc68c90d126aaaae4e245b253eb7041dabf2387005a4aa07acc64,5444,1,lossless_jpeg_metadata_strip_preserve_orientation_v2,,,
datasets/corn-field-pest-v2/train/leaf_beetle_unknown/img_8648ea34989bb229964b83e1.jpg,train,leaf_beetle_unknown,ccmt,CC BY 4.0,grp_f810788d8a6ac7ee13b00d5f,df4f25e1f653ae19b048ff68838546deb2bf7bed37440cfab8bbd1865a489958,28813,1,lossless_jpeg_metadata_strip_preserve_orientation_v2,,,
datasets/corn-field-pest-v2/train/healthy/img_41d3be4acf109c5b406fb469.jpg,train,healthy,tom2024,CC BY 4.0,grp_4a759e628ed45d7aadcd6b97,d31dee57e670c7a44a5752338c633935c3186ff869c4d28e5c584bcc550d6f57,2803,1,lossless_jpeg_metadata_strip_preserve_orientation_v2,,,
datasets/corn-field-pest-v2/train/fall_armyworm/img_270c415433c00b1716b90c5f.jpg,train,fall_armyworm,ccmt,CC BY 4.0,grp_1e7f3611ab97eac57911677e,a935058fa7815681644113dee9baa953371e1096aa42969819bae1a39e603943,67156,1,lossless_jpeg_metadata_strip_preserve_orientation_v2,,,
datasets/corn-field-pest-v2/train/fall_armyworm/img_f40a13a2542b63abd93c7ba4.jpg,train,fall_armyworm,tom2024,CC BY 4.0,grp_873d9634e960dcc87d5e1edf,4197857e3222dfe8e19097c1c249e94da344a0685197df6f34d2c111288f31e1,5397,1,lossless_jpeg_metadata_strip_preserve_orientation_v2,,,
datasets/corn-field-pest-v2/train/grasshopper_unknown/img_4590a5cf585052071a2e7839.jpg,train,grasshopper_unknown,ccmt,CC BY 4.0,grp_f0c6e02ff66caaa5b44cda25,cf030104b50f42d571ea378e9b5245f9ca3c1e61c05609f7e732e2fe1e444230,33763,1,lossless_jpeg_metadata_strip_preserve_orientation_v2,,,
datasets/corn-field-pest-v2/train/grasshopper_unknown/img_4d4b39e729b41be4785f24ed.jpg,train,grasshopper_unknown,ccmt,CC BY 4.0,grp_dd73d153ddab1fa5c75044af,5c0473e751e7ddf3a46b31c6375f758c31a96a6f0510c57e9b49e97e43a39d83,58957,1,lossless_jpeg_metadata_strip_preserve_orientation_v2,,,
datasets/corn-field-pest-v2/train/healthy/img_c7b6ecb5e7e61195bace46c6.jpg,train,healthy,ccmt,CC BY 4.0,grp_3f1c45f7745e52fb04f84330,f2e6f82e31756ec41d8f6be42fa486b7f82c0ba5aa3a79455352e0d80c5c374d,41942,1,lossless_jpeg_metadata_strip_preserve_orientation_v2,,,
datasets/corn-field-pest-v2/train/leaf_beetle_unknown/img_769527b2de88b63eecdec9dc.jpg,train,leaf_beetle_unknown,ccmt,CC BY 4.0,grp_46da05c7c5a2ac8dd6f3d100,d9a178c8f38394f768edd837ad4876153ac0d1f61ec8da11e248fd4c8a4d6f7f,19447,1,lossless_jpeg_metadata_strip_preserve_orientation_v2,,,
datasets/corn-field-pest-v2/train/leaf_beetle_unknown/img_66962b3f194733e263431ab1.jpg,train,leaf_beetle_unknown,ccmt,CC BY 4.0,grp_75a4736c82227ead8fd18c73,ebfc160154eba67b98db06b1c75453f3a14858e92af63adccd8b36e4dbe8c8b6,57393,1,lossless_jpeg_metadata_strip_preserve_orientation_v2,,,
datasets/corn-field-pest-v2/train/healthy/img_059345ad30ef29affb7fb20f.jpg,train,healthy,ccmt,CC BY 4.0,grp_bfb62a37241406d9910b85ac,9ae532b47f965a4dcae130308ee3d0c003756eb3ff8a0eea90627f3b288eca78,37998,1,lossless_jpeg_metadata_strip_preserve_orientation_v2,,,
datasets/corn-field-pest-v2/val/leaf_beetle_unknown/img_bc659c4bb4add3e9c9ff5538.jpg,val,leaf_beetle_unknown,ccmt,CC BY 4.0,grp_5ed2588a455c17278c7e0194,1468ee16f4ddb229102fce9af7c0ecdd09a522d034b1b873a1cb52c40128acb6,43916,1,lossless_jpeg_metadata_strip_preserve_orientation_v2,,,
datasets/corn-field-pest-v2/train/leaf_beetle_unknown/img_0ffaa2c57ed4bcddf054fea2.jpg,train,leaf_beetle_unknown,ccmt,CC BY 4.0,grp_ea6fd8967b8a04c20853f923,1363392005dc2c31e050ea113007e7f6448e35a3f8560386f82599f78e4a18b9,43592,1,lossless_jpeg_metadata_strip_preserve_orientation_v2,,,
datasets/corn-field-pest-v2/train/maize_aphid_unknown/img_c78d831a95e7d2bb45cb97a4.jpg,train,maize_aphid_unknown,yeesi,CC BY 4.0,grp_ed471b353f4a6b148da3d189,fb7b0c62da8191422b26c41a27f1775f7c1ec488248b963204dc203598b0a0cf,5472998,1,lossless_jpeg_metadata_strip_preserve_orientation_v2,,,
datasets/corn-field-pest-v2/train/healthy/img_3df0687e7096f931a175b074.jpg,train,healthy,ccmt,CC BY 4.0,grp_08edcf06f67c1887976192d2,1235058e24ed86258e9d72f33b12862fd68a8ec8d88648b50d24145096930d5f,46229,1,lossless_jpeg_metadata_strip_preserve_orientation_v2,,,
datasets/corn-field-pest-v2/val/fall_armyworm/img_67aa027d6742934c399ce4ff.jpg,val,fall_armyworm,tom2024,CC BY 4.0,grp_cbde0f774ac91402615a6cab,57a4baad3fae226f7871b2ccd7d84a86d1ac3d7e249bf90d2720cb43ff580465,24169,1,lossless_jpeg_metadata_strip_preserve_orientation_v2,,,
datasets/corn-field-pest-v2/val/healthy/img_45f06366abf6087b7aa21c68.jpg,val,healthy,tom2024,CC BY 4.0,grp_5cc2c31ebcae7f7273c5b8f6,94895849c9a6c58c7c878609944851df7e079ef42c40840755d58322ce829ce5,12953,1,lossless_jpeg_metadata_strip_preserve_orientation_v2,,,
datasets/corn-field-pest-v2/train/leaf_beetle_unknown/img_7eb3354788c38406361b4018.jpg,train,leaf_beetle_unknown,ccmt,CC BY 4.0,grp_85927a7371e4bfc8b155e4c2,2b06f982f290dc8ee77ec0ae0527c3b4e81bc52be5f96a616c8cc590431c62f5,40683,1,lossless_jpeg_metadata_strip_preserve_orientation_v2,,,
datasets/corn-field-pest-v2/train/fall_armyworm/img_7cff23c62d31feee95b43d97.jpg,train,fall_armyworm,tom2024,CC BY 4.0,grp_0fe3913369e6f5d3609feddd,837d965add104ee5a57801aab0ba6118045e8672ec0b8e601ee2cb7c1f67cf4d,4420,1,lossless_jpeg_metadata_strip_preserve_orientation_v2,,,
datasets/corn-field-pest-v2/train/grasshopper_unknown/img_d6aca95f8d8258a66af31ce4.jpg,train,grasshopper_unknown,ccmt,CC BY 4.0,grp_c4aee86884cf4bdad7c86593,9f877440acab199da9864f682fe462f83e5da28c0b8d6820a28157a7a29187c2,38210,1,lossless_jpeg_metadata_strip_preserve_orientation_v2,,,
datasets/corn-field-pest-v2/val/leaf_beetle_unknown/img_22972ca95d08055db13901d5.jpg,val,leaf_beetle_unknown,ccmt,CC BY 4.0,grp_8b7378ff06098205b686a04a,7e083854d7bfd931261682644ca5d6d2276af04ff4ca3f8094f934cd46ec1ba4,40111,1,lossless_jpeg_metadata_strip_preserve_orientation_v2,,,
datasets/corn-field-pest-v2/train/fall_armyworm/img_f9695a47f11deeba04d47d03.jpg,train,fall_armyworm,tom2024,CC BY 4.0,grp_ac4dadb8caeef1f1c11685df,4ccf5dc9f22c5824b6ef8ce3431660e5d37c6a2d5bef7be920256b65400177a3,3243,1,lossless_jpeg_metadata_strip_preserve_orientation_v2,,,
datasets/corn-field-pest-v2/train/healthy/img_3e81b578cb83a1f35f212ab5.jpg,train,healthy,tom2024,CC BY 4.0,grp_69c06d7e6c82a51e2afd6c5a,e8e39d7427c74d5b72e5ed194b01dac87f80d9b170b1d7bc9599a9f00ffe25cd,17674,1,lossless_jpeg_metadata_strip_preserve_orientation_v2,,,
datasets/corn-field-pest-v2/train/healthy/img_cbff615fa8e6175942a2a099.jpg,train,healthy,tom2024,CC BY 4.0,grp_7a20fe736ec1e181ea734b36,411e472f50ba2b93179867771527be7d6a48c25223e6f58ed1a3b39951459ca7,7900,1,lossless_jpeg_metadata_strip_preserve_orientation_v2,,,
datasets/corn-field-pest-v2/train/leaf_beetle_unknown/img_553a45d15d0932930eefb30d.jpg,train,leaf_beetle_unknown,ccmt,CC BY 4.0,grp_832804bd0932bd9012b6d99c,b771f6a199b582c89bf8e002829c9575cfdcecbdc3d4568f07868fb0de3e53fb,36685,1,lossless_jpeg_metadata_strip_preserve_orientation_v2,,,
datasets/corn-field-pest-v2/val/fall_armyworm/img_f5bf7b22ae1182d0eed2e9f0.jpg,val,fall_armyworm,tom2024,CC BY 4.0,grp_6be6f8d14472908e2e0a0395,829db99ff3d8afc25d640a54245ed29a213d93e51fcbacc40d08786d45c6eccc,5736,1,lossless_jpeg_metadata_strip_preserve_orientation_v2,,,
datasets/corn-field-pest-v2/train/leaf_beetle_unknown/img_a064ce263b58a77ca71d6f36.jpg,train,leaf_beetle_unknown,ccmt,CC BY 4.0,grp_d51f2df5f2e6abcb18d1dfec,e44e7cf471126748c629cd35b0c7ee42ae8890dac9262e0dd994671849c74b43,25714,1,lossless_jpeg_metadata_strip_preserve_orientation_v2,,,
datasets/corn-field-pest-v2/train/grasshopper_unknown/img_08f7b423e11ff0b29f0cc193.jpg,train,grasshopper_unknown,ccmt,CC BY 4.0,grp_4b0faee3c6951c5d1d8194eb,57866fa106e450d0542321a28a890dca54fdd7af61391d6f0f9c7b063efdf914,48324,1,lossless_jpeg_metadata_strip_preserve_orientation_v2,,,
datasets/corn-field-pest-v2/val/fall_armyworm/img_e771fa00444cdbe28a8be7d0.jpg,val,fall_armyworm,tom2024,CC BY 4.0,grp_92287d87cb373d24049e094f,7f5d4d0d67d910743caec5833434c80b9816817f979914dea69f6e3189812518,7141,1,lossless_jpeg_metadata_strip_preserve_orientation_v2,,,
datasets/corn-field-pest-v2/train/healthy/img_a0ec329c787683095c4eae2e.jpg,train,healthy,tom2024,CC BY 4.0,grp_7ba4ceca38e4c81a295c5045,ae01ada04f4c21cbfae4ec781bc5d4a5f665c034306e330909246118487a9dd1,11667,1,lossless_jpeg_metadata_strip_preserve_orientation_v2,,,
datasets/corn-field-pest-v2/val/maize_aphid_unknown/img_87b543cd047d0800cde8ab28.jpg,val,maize_aphid_unknown,yeesi,CC BY 4.0,grp_1a075beb064f54e8059f91fe,026abaac584024b5de2786f02f3424beee018ebc495146df5b8d44e816f6fead,1543027,1,lossless_jpeg_metadata_strip_preserve_orientation_v2,,,
datasets/corn-field-pest-v2/train/leaf_beetle_unknown/img_e400f5603f8ff7e7f3f1c87a.jpg,train,leaf_beetle_unknown,ccmt,CC BY 4.0,grp_a6b05e543d790bc6237069cd,d369c95d94883b492927692be56b2e10305f8703f55bbe46841dfcbfff6c04e0,30788,1,lossless_jpeg_metadata_strip_preserve_orientation_v2,,,
datasets/corn-field-pest-v2/train/leaf_beetle_unknown/img_c4ad8dd2056c8f2de378e1a6.jpg,train,leaf_beetle_unknown,ccmt,CC BY 4.0,grp_ce0afa8e8aae987943890413,cc8b741320fbcd23c706bc358870dae7b1b1526ff2da2dcf9f30fb29d9d7ef24,38409,1,lossless_jpeg_metadata_strip_preserve_orientation_v2,,,
datasets/corn-field-pest-v2/train/fall_armyworm/img_86adf85148e8f5963b732857.jpg,train,fall_armyworm,ccmt,CC BY 4.0,grp_fed9ca971ab7f5117163a520,d4cbf94148178061b53e63cdbf76f8c0f871db4ade042f8966686143b9dd1b75,58280,1,lossless_jpeg_metadata_strip_preserve_orientation_v2,,,
datasets/corn-field-pest-v2/train/grasshopper_unknown/img_e473109e9f64101f6ed25487.jpg,train,grasshopper_unknown,ccmt,CC BY 4.0,grp_8b397e070f63f93ccf71bb4e,b1e28cd38697e066534187ca77e163fe5ccc8ba84edd7f55db0eb4b9043394f5,54186,1,lossless_jpeg_metadata_strip_preserve_orientation_v2,,,
datasets/corn-field-pest-v2/train/fall_armyworm/img_f493c59a2b60f876da7a2a82.jpg,train,fall_armyworm,ccmt,CC BY 4.0,grp_3c277bb8228610986dec5b14,cb0e57fd4f139902866784d36c43f1a5307c1e92a321deab62ac5098a655b0f1,48157,1,lossless_jpeg_metadata_strip_preserve_orientation_v2,,,
datasets/corn-field-pest-v2/train/healthy/img_f9771402dde9061776704676.jpg,train,healthy,ccmt,CC BY 4.0,grp_faef358320421d794f30a921,6ba583ff80034d5ac8f482df36ed89dd340f9fcdedb55c30db466a28782e6c1c,39182,1,lossless_jpeg_metadata_strip_preserve_orientation_v2,,,
datasets/corn-field-pest-v2/train/healthy/img_2244b941e6d9a13a017176e9.jpg,train,healthy,tom2024,CC BY 4.0,grp_661b4dfe46f4b659551775f4,0f6f2eefb27a9c5302c91c3f29fd495c888d430e60bcc3e57871e3c234be0d89,5032,1,lossless_jpeg_metadata_strip_preserve_orientation_v2,,,
datasets/corn-field-pest-v2/train/grasshopper_unknown/img_36dc3a1c4f656ce16f5a5edf.jpg,train,grasshopper_unknown,ccmt,CC BY 4.0,grp_10311c51af1ddbaeb14a26b8,77cf3460b540de133214c940d066db2b4c65523f5aa05dc1a8407d7c86448e78,53437,1,lossless_jpeg_metadata_strip_preserve_orientation_v2,,,
datasets/corn-field-pest-v2/train/grasshopper_unknown/img_e02f5a1873bb57c76fdf3fdb.jpg,train,grasshopper_unknown,ccmt,CC BY 4.0,grp_bfae61adf4333a6cccc7c8e1,4cba125166bea842b2d93e03f728c257b777726144466a00c84c8a4253a159d3,36557,1,lossless_jpeg_metadata_strip_preserve_orientation_v2,,,
datasets/corn-field-pest-v2/train/leaf_beetle_unknown/img_3936686f87ffe2e60012ebcb.jpg,train,leaf_beetle_unknown,ccmt,CC BY 4.0,grp_c56277f4f3a9213ec731ea07,d10455312c78f9d5d25ccc8b4ed634273cb65e9cb0dec2b2940a3c3f9fed2bf1,43520,1,lossless_jpeg_metadata_strip_preserve_orientation_v2,,,
datasets/corn-field-pest-v2/train/grasshopper_unknown/img_3523cb19d39202305b9db182.jpg,train,grasshopper_unknown,ccmt,CC BY 4.0,grp_b1061686d8ca5fef5fe4a766,5a8045db13e4e9ca638a232939ae2536df4311bc453f47642bc71bea02c84ff2,42860,1,lossless_jpeg_metadata_strip_preserve_orientation_v2,,,
datasets/corn-field-pest-v2/train/healthy/img_e58bdb58734d69b1569da5f0.jpg,train,healthy,tom2024,CC BY 4.0,grp_661b4dfe46f4b659551775f4,f6af27396737cbc404d9a26c61c6d5853d1cc2c1c6b8dd7dfca8e4fe5b26de57,4558,1,lossless_jpeg_metadata_strip_preserve_orientation_v2,,,
datasets/corn-field-pest-v2/train/leaf_beetle_unknown/img_2340c96f0144d4956c53ba6b.jpg,train,leaf_beetle_unknown,ccmt,CC BY 4.0,grp_d496f06d047be55722e784c0,655ea1343646ebda97908f400968516d97d1f8b3775858c5e031611ac0054404,29040,1,lossless_jpeg_metadata_strip_preserve_orientation_v2,,,
datasets/corn-field-pest-v2/train/leaf_beetle_unknown/img_d0284921f476cfbd992dc34e.jpg,train,leaf_beetle_unknown,ccmt,CC BY 4.0,grp_91b59e3c667eafa5b0384c66,6af5f8b7efd3a52291a4cf7c9b429cac6322cc973a75d2a39c6bb0533c542c9d,48267,1,lossless_jpeg_metadata_strip_preserve_orientation_v2,,,
datasets/corn-field-pest-v2/val/grasshopper_unknown/img_f419c698e22a24111f95a1bc.jpg,val,grasshopper_unknown,ccmt,CC BY 4.0,grp_4fdd99d55e311ed532735dc7,e3d1ab6589106b0c9fc1298f985804f8cfa8a670a25dd0c14481b7cd583ce586,25262,1,lossless_jpeg_metadata_strip_preserve_orientation_v2,,,
datasets/corn-field-pest-v2/train/fall_armyworm/img_0b4a02487ba90677c20fdc0d.jpg,train,fall_armyworm,ccmt,CC BY 4.0,grp_6c69e4cc634cde347cd23752,10aa8339159d07705a0da4b2f5e47730f5d95c6a1e5919c94ffce810ddf4dca7,45317,1,lossless_jpeg_metadata_strip_preserve_orientation_v2,,,
datasets/corn-field-pest-v2/train/grasshopper_unknown/img_584015cf3e1d23e800648791.jpg,train,grasshopper_unknown,ccmt,CC BY 4.0,grp_6ae8fedee7d32af776f583e9,5c368b962e5c653b8d34ff8f0ec3fb0959772a571416ed66c48e4b92d7e1bc01,24027,1,lossless_jpeg_metadata_strip_preserve_orientation_v2,,,
datasets/corn-field-pest-v2/train/leaf_beetle_unknown/img_ad5c6b84af3b740ea6be4f38.jpg,train,leaf_beetle_unknown,ccmt,CC BY 4.0,grp_206cd64f97e6543b0fc0ef9b,c40dfc4eb8db66a8819fa0f73c933dd5724ee3375dc59103e11e6171268779a2,46242,1,lossless_jpeg_metadata_strip_preserve_orientation_v2,,,
datasets/corn-field-pest-v2/val/grasshopper_unknown/img_2258f67ec23ec972b3182b6b.jpg,val,grasshopper_unknown,ccmt,CC BY 4.0,grp_3d9da999a2c6b657fd40d969,28c793b6ae567d665f6078b350493fbd9d0085fcb7246c694b9372631197eb57,32794,1,lossless_jpeg_metadata_strip_preserve_orientation_v2,,,
datasets/corn-field-pest-v2/train/fall_armyworm/img_9ebdc4340ac18b879c1e3bf3.jpg,train,fall_armyworm,ccmt,CC BY 4.0,grp_3399df2c47bc8785cb1f92cf,5512d9ea15f197c780e32701be9119b338e39c8067d95eb65eca317920a62c16,46456,1,lossless_jpeg_metadata_strip_preserve_orientation_v2,,,
datasets/corn-field-pest-v2/train/leaf_beetle_unknown/img_5020f271171ac0f1c2fedb99.jpg,train,leaf_beetle_unknown,ccmt,CC BY 4.0,grp_8d209c311ab33290fe7ac8d0,c6ea9f9fd8c2d13fddcf4e696fb74ea33fd55731c43e7db08eb803f1c1ac04c9,30493,1,lossless_jpeg_metadata_strip_preserve_orientation_v2,,,
datasets/corn-field-pest-v2/train/leaf_beetle_unknown/img_a3fc87981bce54011f628525.jpg,train,leaf_beetle_unknown,ccmt,CC BY 4.0,grp_09871c43d37a68d18df10586,cfc63ca6dc894bc4e3b2b991b1cdbd539c72f8e489fecc2d63eb5d14964b335a,34179,1,lossless_jpeg_metadata_strip_preserve_orientation_v2,,,
datasets/corn-field-pest-v2/train/grasshopper_unknown/img_c88e65136825759d59a862b3.jpg,train,grasshopper_unknown,ccmt,CC BY 4.0,grp_7ee50bb9d7fbfb978bdb4940,3b3fe1445877354239cbfb3fdac81d95aff6cc21a68cc7fe51e53452bd15bad4,62658,1,lossless_jpeg_metadata_strip_preserve_orientation_v2,,,
datasets/corn-field-pest-v2/train/grasshopper_unknown/img_1defb312beaf425fd7b40f25.jpg,train,grasshopper_unknown,ccmt,CC BY 4.0,grp_9624268b245cad57fccaa847,5cd9297a76d9848ff61bd1895af5624a00b03f999ee6a5838f7310f3e25570c1,40507,1,lossless_jpeg_metadata_strip_preserve_orientation_v2,,,
datasets/corn-field-pest-v2/train/fall_armyworm/img_1c4227d7f1358f3f5a58c6d4.jpg,train,fall_armyworm,tom2024,CC BY 4.0,grp_b3928fffc79f1aa673bf4ca8,a24f15ec55c0247e3e5fb3190e4a7c43488aa4350ff5af64e7bda8b593c32585,3119,1,lossless_jpeg_metadata_strip_preserve_orientation_v2,,,
datasets/corn-field-pest-v2/val/grasshopper_unknown/img_8a4116607a3b30fa8363eca6.jpg,val,grasshopper_unknown,ccmt,CC BY 4.0,grp_cd41c9fcb3af927526ab9282,1e350a8834b16556e72146f57322a34c9afc9e0a61e30efe1dcf0c0d775efb7e,43616,1,lossless_jpeg_metadata_strip_preserve_orientation_v2,,,
datasets/corn-field-pest-v2/train/grasshopper_unknown/img_247ec7b65d767c885ec9cffc.jpg,train,grasshopper_unknown,ccmt,CC BY 4.0,grp_632b983a043e9b3e4a1c9265,339ff42805e15c38e1c67219b9f8e966abf1603fde11021d6ed85195316a3f16,55031,1,lossless_jpeg_metadata_strip_preserve_orientation_v2,,,
datasets/corn-field-pest-v2/train/grasshopper_unknown/img_0d40b95693292668e06fc593.jpg,train,grasshopper_unknown,ccmt,CC BY 4.0,grp_e3f0c0402fd821c584e8bce1,489908f9f02c09b746a086b9f5dc46377c178e5438e4f05e7aed4bb024abe4fa,37271,1,lossless_jpeg_metadata_strip_preserve_orientation_v2,,,
datasets/corn-field-pest-v2/val/healthy/img_4fe269010f69f222f39b6ce0.jpg,val,healthy,tom2024,CC BY 4.0,grp_5921cfae928640a203796a47,cb526947fa1186f1b3e6ca6c5d7902200e24ba059a278f1e0ca0916b4bd14d31,7086,1,lossless_jpeg_metadata_strip_preserve_orientation_v2,,,
datasets/corn-field-pest-v2/train/healthy/img_ee888fbc866f2ef9fb830621.jpg,train,healthy,tom2024,CC BY 4.0,grp_51bca8ab14bd0ab991fab8fd,87533a4eae68d08d62a6579032fe3d1c9ecfde1d6f696e294ce921b133c8bfeb,24809,1,lossless_jpeg_metadata_strip_preserve_orientation_v2,,,
datasets/corn-field-pest-v2/train/healthy/img_997b4be1f1af4b3cf1e38bc2.jpg,train,healthy,tom2024,CC BY 4.0,grp_990331be1e4d294d93a7c7e3,7008e150f2bb96d70b121d6463b9bc84c0ea4badcc1018975bdfb4a929d14a8a,6810,1,lossless_jpeg_metadata_strip_preserve_orientation_v2,,,
datasets/corn-field-pest-v2/train/healthy/img_e9509883494da7eb84b3951a.jpg,train,healthy,ccmt,CC BY 4.0,grp_d78b3a573eecc2b0dab83370,b270dc4a66e95e651ec12cf53f7170873bd44645ec2a4bbf335f75bbe74408bd,50021,1,lossless_jpeg_metadata_strip_preserve_orientation_v2,,,
datasets/corn-field-pest-v2/val/leaf_beetle_unknown/img_a26af2f019429dcd07edcdb9.jpg,val,leaf_beetle_unknown,ccmt,CC BY 4.0,grp_31b1835e08df611e25e10e71,50e8c946d5f418a6667792ae507252265bb327ae61787b2be271237dd471321a,32960,1,lossless_jpeg_metadata_strip_preserve_orientation_v2,,,
datasets/corn-field-pest-v2/train/healthy/img_0b136ca52b0c7372f943945f.jpg,train,healthy,tom2024,CC BY 4.0,grp_7bd3fa0ebde3cf5f8dc903da,0aae9b7b5a847974b0c35c8bd4bea314cbe0760c8a582df27f07cf9678b45c6a,2814,1,lossless_jpeg_metadata_strip_preserve_orientation_v2,,,
datasets/corn-field-pest-v2/val/fall_armyworm/img_2678f7e81f2247ebac9c209a.jpg,val,fall_armyworm,tom2024,CC BY 4.0,grp_2114dc4d0e1667aaf8ceb018,670d537330318fa27c8996aa69927ecda018719b31297317dc99daf18b27ac15,9459,1,lossless_jpeg_metadata_strip_preserve_orientation_v2,,,
datasets/corn-field-pest-v2/train/healthy/img_3a467f858d08de8120c56bcd.jpg,train,healthy,ccmt,CC BY 4.0,grp_64a22624a8b59f7e0d15a8c7,a0d2ac918ef440d0442d5745c5b9027cb302cf9840e6edfef7eedbb99e1b4c9c,41695,1,lossless_jpeg_metadata_strip_preserve_orientation_v2,,,
datasets/corn-field-pest-v2/train/healthy/img_91c20abfe90fcd57920c02a2.jpg,train,healthy,tom2024,CC BY 4.0,grp_7ba4ceca38e4c81a295c5045,67e930dbab1e7dc1330ace2d53b9ed4a3146425be6491208d4b375c395930262,8327,1,lossless_jpeg_metadata_strip_preserve_orientation_v2,,,
datasets/corn-field-pest-v2/val/fall_armyworm/img_7d8c3df813e4047480551718.jpg,val,fall_armyworm,ccmt,CC BY 4.0,grp_e411e94c8bcf509676a005e9,bebffae1e20dc9a979c6e8dcf602bba24c9c6694bb368ec476bc99c10d602ced,44023,1,lossless_jpeg_metadata_strip_preserve_orientation_v2,,,
datasets/corn-field-pest-v2/train/healthy/img_ca7016f978e44af702b7c511.jpg,train,healthy,ccmt,CC BY 4.0,grp_932ab7f52abd6a34cd0cf10b,c395b7ee319835c28eb019bd7249936229ae918a6648f9a2e01d5b3fa37f0aa0,44232,1,lossless_jpeg_metadata_strip_preserve_orientation_v2,,,
datasets/corn-field-pest-v2/train/grasshopper_unknown/img_4c2ab49d3da66aa538732993.jpg,train,grasshopper_unknown,ccmt,CC BY 4.0,grp_ebd753baba95ab3b772dc76f,9e89d9f77b9fc541fb9d90ad93f8ee4a86706cb020a150901dc0eb52fb045fb8,49808,1,lossless_jpeg_metadata_strip_preserve_orientation_v2,,,
datasets/corn-field-pest-v2/val/leaf_beetle_unknown/img_aa5bd3f71f1d4165f404d03d.jpg,val,leaf_beetle_unknown,ccmt,CC BY 4.0,grp_109e599405b4a02ab61cbd38,9f32ed69a0ae1b1c0aa0fb04bbfd0d9c4ed646b93640a1afe6df103d92bd27d2,27075,1,lossless_jpeg_metadata_strip_preserve_orientation_v2,,,
datasets/corn-field-pest-v2/train/leaf_beetle_unknown/img_a219b5afed3fccc71c664529.jpg,train,leaf_beetle_unknown,ccmt,CC BY 4.0,grp_7565460d7718814c2421d74a,d21e480a4c59666876c12fde8d673477b76d148b19a68f899a5c8424cf7218b9,42372,1,lossless_jpeg_metadata_strip_preserve_orientation_v2,,,
datasets/corn-field-pest-v2/train/fall_armyworm/img_ed217585d96fff27542208a9.jpg,train,fall_armyworm,ccmt,CC BY 4.0,grp_2319febf6e499341596f164b,ad246e4c3d6c964eb388b5189c147d2b0b16448412f0425acc20240e15c5cd52,50013,1,lossless_jpeg_metadata_strip_preserve_orientation_v2,,,
datasets/corn-field-pest-v2/train/leaf_beetle_unknown/img_091ca6a886351f19c742abf5.jpg,train,leaf_beetle_unknown,ccmt,CC BY 4.0,grp_2a6cd1b7583c0c9eeb2e02cf,febf31db36f558399db542bf6d5a4e12e618d7bf10833b0437c09e6ff238afe6,29422,1,lossless_jpeg_metadata_strip_preserve_orientation_v2,,,
datasets/corn-field-pest-v2/train/grasshopper_unknown/img_83312635ea2d72bb8dced7d9.jpg,train,grasshopper_unknown,ccmt,CC BY 4.0,grp_2f4a4550c23746a6be30d6f9,06ad7fc0e1a3506d419a3d91440814a6e7d37e0d932a2cb15f80e5d5f74777cd,43260,1,lossless_jpeg_metadata_strip_preserve_orientation_v2,,,
datasets/corn-field-pest-v2/train/grasshopper_unknown/img_f8ecb7e43a61823194b99f9c.jpg,train,grasshopper_unknown,ccmt,CC BY 4.0,grp_57e39c6db2286e469cb9b0c5,1a1aa8f8e3e31d341021ac4baed7430fc5b44f920fb25935445e7fdeaa728247,22191,1,lossless_jpeg_metadata_strip_preserve_orientation_v2,,,
datasets/corn-field-pest-v2/val/leaf_beetle_unknown/img_46fe650e598a1cc4830b71f7.jpg,val,leaf_beetle_unknown,ccmt,CC BY 4.0,grp_f05a92b8f3f9696922f8d39a,2166a5fd7e60c0328658488dccbe5c0a21767085ba4a0f967b3fe129b1792fc2,57221,1,lossless_jpeg_metadata_strip_preserve_orientation_v2,,,
datasets/corn-field-pest-v2/train/healthy/img_03f8fe5e98443dad92258401.jpg,train,healthy,tom2024,CC BY 4.0,grp_d27c8eb7d8d32448b70cf6e7,4751e50522d6af142d733443acf6af9678f4a535372d61fa4ae2a4f117fbcb54,11236,1,lossless_jpeg_metadata_strip_preserve_orientation_v2,,,
datasets/corn-field-pest-v2/train/leaf_beetle_unknown/img_e90472fa2f9effe8d0a59cab.jpg,train,leaf_beetle_unknown,ccmt,CC BY 4.0,grp_346f14b373c918e132c74abd,2281847ef87d56e18fd3b6ec72646b7614c2649816bdba54973c625568c617aa,28858,1,lossless_jpeg_metadata_strip_preserve_orientation_v2,,,
datasets/corn-field-pest-v2/train/grasshopper_unknown/img_88629f2d02356efa76fd14d8.jpg,train,grasshopper_unknown,ccmt,CC BY 4.0,grp_266cd59d6e15c966f2755f60,cb44e987e864a5585f1f9e0286201d783dd8cbca531784cc09bf0cbb31f03bdb,59298,1,lossless_jpeg_metadata_strip_preserve_orientation_v2,,,
datasets/corn-field-pest-v2/val/healthy/img_a0da7d14fb1c1efef10cb7f4.jpg,val,healthy,tom2024,CC BY 4.0,grp_d560296ae9a4db465d9d5125,2bdf7e2c6c55a85288012cccbd7d27decc4bfb983d564a0bf5cb7ef2c150fb25,6606,1,lossless_jpeg_metadata_strip_preserve_orientation_v2,,,
datasets/corn-field-pest-v2/train/grasshopper_unknown/img_dd263c8351d7b7ce6ae4316d.jpg,train,grasshopper_unknown,ccmt,CC BY 4.0,grp_a330a4a01018586df51d25ea,4b73f0535109be2fcf8f38d73b432c6dab30239d8037633d219396760c96d710,46140,1,lossless_jpeg_metadata_strip_preserve_orientation_v2,,,
datasets/corn-field-pest-v2/val/leaf_beetle_unknown/img_55e80da19c00c2e287b2a0b5.jpg,val,leaf_beetle_unknown,ccmt,CC BY 4.0,grp_e7c7943bda1690d1cf4e8332,2dd024774d1bae21a1a4c9230a1b7e188c0f02cc30bf3a03cb94a8b2a1d2e386,47028,1,lossless_jpeg_metadata_strip_preserve_orientation_v2,,,
datasets/corn-field-pest-v2/train/healthy/img_548ad9a0e960356924ac7200.jpg,train,healthy,tom2024,CC BY 4.0,grp_d70c678d8137b3a89f541a60,ca3c6f320d0364655b398b55bb49ada9c4faa3d1b2be9d1f37f2560f6350968b,12738,1,lossless_jpeg_metadata_strip_preserve_orientation_v2,,,
datasets/corn-field-pest-v2/val/healthy/img_4773b13457914a22bd5820fe.jpg,val,healthy,ccmt,CC BY 4.0,grp_9b06aa7455fd36390ea2fec4,7215fc82ca373110bd3d7d82f1c60f555c44e40a890e1a17c7a66592013a6789,29558,1,lossless_jpeg_metadata_strip_preserve_orientation_v2,,,
datasets/corn-field-pest-v2/train/grasshopper_unknown/img_bb2c89aeb92bfcbe75ca4eb0.jpg,train,grasshopper_unknown,ccmt,CC BY 4.0,grp_46fc4fbdd0cd0cfca70c8fe1,087443ba55726f97bffc7ebcc76469d14dc730eb1c3acb26191ab055c45fbfe5,47975,1,lossless_jpeg_metadata_strip_preserve_orientation_v2,,,
datasets/corn-field-pest-v2/train/healthy/img_bffa6585b2354ce3115a2dc4.jpg,train,healthy,tom2024,CC BY 4.0,grp_ccf11a0b064e001219d9f09b,c8fdb7e0c8c2a444488fe62d950904a67051675452224b551c0efe4d08c303bf,3654,1,lossless_jpeg_metadata_strip_preserve_orientation_v2,,,
datasets/corn-field-pest-v2/train/grasshopper_unknown/img_cc55d9097ca25373de59a95a.jpg,train,grasshopper_unknown,ccmt,CC BY 4.0,grp_a460b2a3121f1946f72d70fb,d0c7f04546cb75fa58c5dcee04cdb579b36bd0f0ec072144dc03005e8dc6e9d5,44999,1,lossless_jpeg_metadata_strip_preserve_orientation_v2,,,
datasets/corn-field-pest-v2/train/healthy/img_a58aeb1e2d9be6854f6cd7cc.jpg,train,healthy,ccmt,CC BY 4.0,grp_707fc933b7bde844654dfc27,6cbd0661d0e8cb45096cd683c2b67f0778f9473be8d9e0c54513a7b4427c092a,41454,1,lossless_jpeg_metadata_strip_preserve_orientation_v2,,,
datasets/corn-field-pest-v2/train/fall_armyworm/img_c2022ed8ad5d966d799ecac6.jpg,train,fall_armyworm,tom2024,CC BY 4.0,grp_509cd35acb86cdaddd9e618f,d6317817811c54e271ccac829d318c19a694e90b4976ed98a678b0dd99086a93,3905,1,lossless_jpeg_metadata_strip_preserve_orientation_v2,,,
datasets/corn-field-pest-v2/val/fall_armyworm/img_f9f0739f8fa41b1b03431e8c.jpg,val,fall_armyworm,tom2024,CC BY 4.0,grp_108849bc34bb37a4962ac92a,dfd1dd4b135fe16f597dd93e218b00d1cb5f1e8f5457593b42d380755e6dc81d,13476,1,lossless_jpeg_metadata_strip_preserve_orientation_v2,,,
datasets/corn-field-pest-v2/train/healthy/img_a27dafee3d580f605e7c8063.jpg,train,healthy,ccmt,CC BY 4.0,grp_99eb29ca85bfddcc28b2fb0b,0c3cc62ae49a1dadfe9bcfb3b4ea2ae67df16ceb994b367c1141b482cc0476c3,42964,1,lossless_jpeg_metadata_strip_preserve_orientation_v2,,,
datasets/corn-field-pest-v2/train/leaf_beetle_unknown/img_12c7012b13128d2351a9ca03.jpg,train,leaf_beetle_unknown,ccmt,CC BY 4.0,grp_3ac5b8a0f9cb26182c6f9057,0fae4839210bfa5433f893ff20148b5827cbcdaf4c3d3194769f59419c80ff32,43447,1,lossless_jpeg_metadata_strip_preserve_orientation_v2,,,
datasets/corn-field-pest-v2/val/grasshopper_unknown/img_05ae8204ad771b630f25e264.jpg,val,grasshopper_unknown,ccmt,CC BY 4.0,grp_9f68b5b11f01652bfc8bf983,bae3938c4e58bab6e5aaeb1688d884d116746e873f6b7f9eac9e31b8de7c0798,48140,1,lossless_jpeg_metadata_strip_preserve_orientation_v2,,,
datasets/corn-field-pest-v2/val/grasshopper_unknown/img_958ed5fb6d125ce790b58616.jpg,val,grasshopper_unknown,ccmt,CC BY 4.0,grp_901c449ef5dbae5765069c4a,07953fe1aa4ed009b3dfd14a9628f289f740a36db191e3b76cc15440385d4e21,23895,1,lossless_jpeg_metadata_strip_preserve_orientation_v2,,,
datasets/corn-field-pest-v2/val/healthy/img_172e2c41eeb4976e072dd1dd.jpg,val,healthy,tom2024,CC BY 4.0,grp_5921cfae928640a203796a47,4dde69e4029a2b6bd8e22295091bee583d19fd6423284c2aa7a26cfed178e1bd,8142,1,lossless_jpeg_metadata_strip_preserve_orientation_v2,,,
datasets/corn-field-pest-v2/train/fall_armyworm/img_aa22916b630896460d1e88d3.jpg,train,fall_armyworm,tom2024,CC BY 4.0,grp_98e1553cbee38901ed73f18e,9ab147ef4d906e00b149a1b2ff343c6c6403d5efdabdbbe74010660c090fd8eb,4348,1,lossless_jpeg_metadata_strip_preserve_orientation_v2,,,
datasets/corn-field-pest-v2/train/leaf_beetle_unknown/img_468e3c5f5832dc678d902ac6.jpg,train,leaf_beetle_unknown,ccmt,CC BY 4.0,grp_a9e8a567b19f0ed6c378e9cd,7826c5bcbc45b0255d03e67db4fbf8545b246334882786da92b4ddff56d88a60,37521,1,lossless_jpeg_metadata_strip_preserve_orientation_v2,,,
datasets/corn-field-pest-v2/train/leaf_beetle_unknown/img_6b1b9fa9cee563b4fa20c60e.jpg,train,leaf_beetle_unknown,ccmt,CC BY 4.0,grp_c86f6cf90eb33992555a135d,21cb7e10203080ed69e28508472cf19860b093340f1bd5a65239c7292de4f253,43703,1,lossless_jpeg_metadata_strip_preserve_orientation_v2,,,
datasets/corn-field-pest-v2/train/grasshopper_unknown/img_8c3f260c32e55f0fc52b4ec2.jpg,train,grasshopper_unknown,ccmt,CC BY 4.0,grp_a78115a9f20f6069de3335f9,2855caca36e89c6ab6035f948b05ea1025a8853ec405dfff33e7bcead6275b53,32402,1,lossless_jpeg_metadata_strip_preserve_orientation_v2,,,
datasets/corn-field-pest-v2/train/leaf_beetle_unknown/img_189f5f169182431d674f250f.jpg,train,leaf_beetle_unknown,ccmt,CC BY 4.0,grp_ce3ffbbdbc256edebb6eb2cb,ccf433d564767b32f112ffa88c34a408c0c877beec812e9a7ea9c451f737a3b7,38986,1,lossless_jpeg_metadata_strip_preserve_orientation_v2,,,
datasets/corn-field-pest-v2/train/healthy/img_95a678a480c691e16ed2e75f.jpg,train,healthy,ccmt,CC BY 4.0,grp_0ab2ff07b6558dccc3608b54,830efc41599b4261b91f96246a844bd4659ee2c26d9eebaf2a1f20cd43207b86,47101,1,lossless_jpeg_metadata_strip_preserve_orientation_v2,,,
datasets/corn-field-pest-v2/train/grasshopper_unknown/img_65e342540cf25e9ec4d8ad35.jpg,train,grasshopper_unknown,ccmt,CC BY 4.0,grp_67c70e68f237a3301a57e9c3,f5b1bcb9caf94292d292048de9a3bec3c796ed1cc2b11476e4eee5866b04258d,40329,1,lossless_jpeg_metadata_strip_preserve_orientation_v2,,,
datasets/corn-field-pest-v2/val/healthy/img_cc8ce1eba24eb424241b2ece.jpg,val,healthy,tom2024,CC BY 4.0,grp_5921cfae928640a203796a47,003b2b14c3980bbf024060d8766a19d7e79d6f2e905b48c917a8b7e46dd55f1a,4167,1,lossless_jpeg_metadata_strip_preserve_orientation_v2,,,
datasets/corn-field-pest-v2/train/healthy/img_093146b099edbbf4154fb485.jpg,train,healthy,tom2024,CC BY 4.0,grp_20ab34d23b50a722e3336b55,70a092e77cbc96aecfab8cb66e187f0a9e77f0c38715e5d4e01e3f5a2bbef257,10819,1,lossless_jpeg_metadata_strip_preserve_orientation_v2,,,
datasets/corn-field-pest-v2/train/grasshopper_unknown/img_9d1f81e4f38d6b334971aa75.jpg,train,grasshopper_unknown,ccmt,CC BY 4.0,grp_c812c4ff3a87b48bc6b68a72,d3a12b0086c498d04599cf11e8db55760abbac5c7060049aacd74851009c109b,71407,1,lossless_jpeg_metadata_strip_preserve_orientation_v2,,,
datasets/corn-field-pest-v2/train/grasshopper_unknown/img_fb6bd951d9170901f7f3d33a.jpg,train,grasshopper_unknown,ccmt,CC BY 4.0,grp_7baba9d70b73f054bf5d528e,744a31c38c3172b28047af45631bda4a7c9932105fe5bf5d3de4b5717f28a314,43511,1,lossless_jpeg_metadata_strip_preserve_orientation_v2,,,
datasets/corn-field-pest-v2/train/grasshopper_unknown/img_4e7bbbc3005a99bb9eab8e26.jpg,train,grasshopper_unknown,ccmt,CC BY 4.0,grp_44095c3d8e904f43ad1a0ba4,e3dfef8d230dec8d3f706d3b37e604d3d931f81f9a25ddd52884fb0ae3d297ec,43663,1,lossless_jpeg_metadata_strip_preserve_orientation_v2,,,
datasets/corn-field-pest-v2/train/leaf_beetle_unknown/img_5c67c3bb94fa08a7d66cfdd8.jpg,train,leaf_beetle_unknown,ccmt,CC BY 4.0,grp_94faefc802140507bc2b7efb,5b43a3c7de1f88d8573356cc062870a4f8a146208e48c65e5fd439beaf1aa8d1,40031,1,lossless_jpeg_metadata_strip_preserve_orientation_v2,,,
datasets/corn-field-pest-v2/train/leaf_beetle_unknown/img_ad4b941eb3a01ce0fc27ff94.jpg,train,leaf_beetle_unknown,ccmt,CC BY 4.0,grp_b50233a7ce2ad59b12321a65,98d6b46440a180215514c53cefe70e24558db079d5565f3987a05b46aef7f3be,38240,1,lossless_jpeg_metadata_strip_preserve_orientation_v2,,,
datasets/corn-field-pest-v2/train/healthy/img_230969c8e631bef7320c7189.jpg,train,healthy,ccmt,CC BY 4.0,grp_c81c780f968baf1882c7b5ef,7cf051b09b53033e25662eca89d19d311a8c327f6dd4687910d20df3e4911b49,31103,1,lossless_jpeg_metadata_strip_preserve_orientation_v2,,,
datasets/corn-field-pest-v2/val/leaf_beetle_unknown/img_5d8221dacf10f253c40a39a1.jpg,val,leaf_beetle_unknown,ccmt,CC BY 4.0,grp_bc8e96ccaba06f73df95aae3,db97993e18c251b643cdd3182a1b005370ddbc7b4e1dd1fbb63ac742c15e54f5,24810,1,lossless_jpeg_metadata_strip_preserve_orientation_v2,,,
datasets/corn-field-pest-v2/val/fall_armyworm/img_18b0a905384ee19ad2ff464e.jpg,val,fall_armyworm,tom2024,CC BY 4.0,grp_1c1716efe43a8fd050b66573,a80a707f592c68fa541ad156f19692123c67e9e9c58f48eaf94dc8b2f185db9e,15210,1,lossless_jpeg_metadata_strip_preserve_orientation_v2,,,
datasets/corn-field-pest-v2/train/leaf_beetle_unknown/img_53a3983c14121279aeba3fe3.jpg,train,leaf_beetle_unknown,ccmt,CC BY 4.0,grp_eac7ced2dab6b84268a72246,cbcde47aeaaed6333f4f2f1be4dd8a560ac1ea8d688bf8d843a08e60456640f6,31221,1,lossless_jpeg_metadata_strip_preserve_orientation_v2,,,
datasets/corn-field-pest-v2/val/leaf_beetle_unknown/img_4702a70adea134dfa456561e.jpg,val,leaf_beetle_unknown,ccmt,CC BY 4.0,grp_dfb75a2436418f4cf314e60c,cba55a39fac1167ffb5401d3cedbbefb31253e9e699e1984d289da50d23f124e,19270,1,lossless_jpeg_metadata_strip_preserve_orientation_v2,,,
datasets/corn-field-pest-v2/train/fall_armyworm/img_6928f17639f499ee583ca6fa.jpg,train,fall_armyworm,tom2024,CC BY 4.0,grp_9d5623dc668749f18491bc1a,609a2cb7115ded6d4da75c3e1bc4a6793eaace2b07b48e5f37e0f4e09b216e79,7131,1,lossless_jpeg_metadata_strip_preserve_orientation_v2,,,
datasets/corn-field-pest-v2/val/leaf_beetle_unknown/img_f3c959687a2b2882cb368302.jpg,val,leaf_beetle_unknown,ccmt,CC BY 4.0,grp_545e33095fbc4e2dfd6c51e3,1129e45c5496fee3fabbb813cb280ca88afbdd39376023a73a85aad1bb69a272,34449,1,lossless_jpeg_metadata_strip_preserve_orientation_v2,,,
datasets/corn-field-pest-v2/train/fall_armyworm/img_6cfc9906532c25defdd82e48.jpg,train,fall_armyworm,tom2024,CC BY 4.0,grp_74a263b87bbbf43de351b424,a2f8b6952b28992c40fef7d29bd44fd908a8b199fc644b9ba93b215975e01bd2,5019,1,lossless_jpeg_metadata_strip_preserve_orientation_v2,,,
datasets/corn-field-pest-v2/val/healthy/img_6cb0b05708a92cfaa4dca563.jpg,val,healthy,ccmt,CC BY 4.0,grp_9321eea3ed73da3a87991345,e558adad3ed4b13d5a7f048763d0eb6b07863a879d78cc75ae375f29b1272b13,44646,1,lossless_jpeg_metadata_strip_preserve_orientation_v2,,,
datasets/corn-field-pest-v2/train/grasshopper_unknown/img_29dec23cb7453055ed45a5fc.jpg,train,grasshopper_unknown,ccmt,CC BY 4.0,grp_655a3057aeb57ba1adf3f640,d57eb7b25123e8c2c9ad3ec8070803fe003bb1481c4468068324347049387cbe,29281,1,lossless_jpeg_metadata_strip_preserve_orientation_v2,,,
datasets/corn-field-pest-v2/train/leaf_beetle_unknown/img_fec5ffd48f099de0d0e4e050.jpg,train,leaf_beetle_unknown,ccmt,CC BY 4.0,grp_9eda91f4a214ee87e2ef33ec,7287ca50543297241e6407083d921f44921466362dc7dc4d3bf4f2d40b3570b3,48551,1,lossless_jpeg_metadata_strip_preserve_orientation_v2,,,
datasets/corn-field-pest-v2/train/leaf_beetle_unknown/img_1a022dc51a44f596e68e5687.jpg,train,leaf_beetle_unknown,ccmt,CC BY 4.0,grp_2f009e13b35620274d9206b5,9376c9a45f9f3bef67bda9caa7300288ea27c2013e3067ef1b65f15fe635d878,39001,1,lossless_jpeg_metadata_strip_preserve_orientation_v2,,,
datasets/corn-field-pest-v2/train/healthy/img_ab35f8958b44ff5e0065d56a.jpg,train,healthy,tom2024,CC BY 4.0,grp_e70d702a66ad9a2eae6db1e2,f71454beb93db80229cc8f39a15509f9803374592d50853ddcb134999206fec4,10104,1,lossless_jpeg_metadata_strip_preserve_orientation_v2,,,
datasets/corn-field-pest-v2/train/grasshopper_unknown/img_52bb88c7d728aad6153415f5.jpg,train,grasshopper_unknown,ccmt,CC BY 4.0,grp_21229df04c87500ac6a8d1e4,313be7c0deb79f5f963228605469757d3f2c5ec7f7b66a2fa8ea45350ea03711,57351,1,lossless_jpeg_metadata_strip_preserve_orientation_v2,,,
datasets/corn-field-pest-v2/train/leaf_beetle_unknown/img_d126e9ccad50c58b1448b99b.jpg,train,leaf_beetle_unknown,ccmt,CC BY 4.0,grp_932547bcbdb2b8f8c63fb350,cb598e12b79487fc551c16dd654e4cc78c68aab75ed0562d78f0124e82147eb1,43157,1,lossless_jpeg_metadata_strip_preserve_orientation_v2,,,
datasets/corn-field-pest-v2/train/fall_armyworm/img_dc0951c2ad8b0a4ad4d6b29b.jpg,train,fall_armyworm,tom2024,CC BY 4.0,grp_63d14b55676eeb557112b415,bf577d645f672f6d9c8fcf3bd2b808cf37c1db9ecd843a570c3c00a4e948e3db,4045,1,lossless_jpeg_metadata_strip_preserve_orientation_v2,,,
datasets/corn-field-pest-v2/train/grasshopper_unknown/img_2c612cc30df7ed626c6bce12.jpg,train,grasshopper_unknown,ccmt,CC BY 4.0,grp_4fbfc0a44707784c39f16e88,1deae1a126879136529f007edf36e277931d6247ea9e630a6ca2b37146083190,21116,1,lossless_jpeg_metadata_strip_preserve_orientation_v2,,,
datasets/corn-field-pest-v2/train/healthy/img_dfcbeb4a3f8f68d0a4193465.jpg,train,healthy,ccmt,CC BY 4.0,grp_9bcda4d021dc31188c92cc21,2cf830d70123b1d000d7054f1496bd49bf0b6410dcb832da2c8c9c050dadfc75,46322,1,lossless_jpeg_metadata_strip_preserve_orientation_v2,,,
datasets/corn-field-pest-v2/train/leaf_beetle_unknown/img_8191b95efab0017bdf4cd6b3.jpg,train,leaf_beetle_unknown,ccmt,CC BY 4.0,grp_2fad2ffa64cce1b10ab9e648,0235a7e42353eb95d93241ca9c59f87b4b7c0ac4c7392f54d36a457e3e071852,23756,1,lossless_jpeg_metadata_strip_preserve_orientation_v2,,,
datasets/corn-field-pest-v2/train/fall_armyworm/img_fb1e1bec2a8c297cfe0ecaa3.jpg,train,fall_armyworm,tom2024,CC BY 4.0,grp_3dd1a70a66f1902316e1706b,6a2e402c75eb1ea118edb5b1c7c840fa3be1130751047a22d9eeb5eb0bbbf6e6,2577,1,lossless_jpeg_metadata_strip_preserve_orientation_v2,,,
datasets/corn-field-pest-v2/train/grasshopper_unknown/img_d7c13b6f2f237885a3513515.jpg,train,grasshopper_unknown,ccmt,CC BY 4.0,grp_5c998b52a54ff1912cc9d427,65a867758669cee28753b15607bdd065b96af5c1d54e4a0cf1d3763f6498191d,29635,1,lossless_jpeg_metadata_strip_preserve_orientation_v2,,,
datasets/corn-field-pest-v2/train/fall_armyworm/img_270c0167a47bf12e9f6a6586.jpg,train,fall_armyworm,ccmt,CC BY 4.0,grp_d6857f82930c5e1224e236f0,77bf8cbd80abc06dbec605ef756d1140cd075fc037fc3e2a00be3758a55a5463,40509,1,lossless_jpeg_metadata_strip_preserve_orientation_v2,,,
datasets/corn-field-pest-v2/val/leaf_beetle_unknown/img_83b141584661dc3c295a2ce3.jpg,val,leaf_beetle_unknown,ccmt,CC BY 4.0,grp_e33dae17f63f3078d5a80542,db6d3ed2ed609b92167ca8457ca40c9274c54971e354237ea84722667dca5e24,26359,1,lossless_jpeg_metadata_strip_preserve_orientation_v2,,,
datasets/corn-field-pest-v2/train/grasshopper_unknown/img_55c059ccb95e5931466c8f49.jpg,train,grasshopper_unknown,ccmt,CC BY 4.0,grp_ed8991aac3540c3eadc826de,a44ef56ed7c9370e6cb866fd4aedd0b95412df49f02c22ec80dda0c388301dc8,42265,1,lossless_jpeg_metadata_strip_preserve_orientation_v2,,,
datasets/corn-field-pest-v2/val/fall_armyworm/img_384e4c3e57751c0661302fad.jpg,val,fall_armyworm,tom2024,CC BY 4.0,grp_58a24063ed1be0480dadae35,5a0aa7215a2169d0fa22c7d0657acbfae23cea5cfe94a8b9e1c12ec139c6ef8c,15153,1,lossless_jpeg_metadata_strip_preserve_orientation_v2,,,
datasets/corn-field-pest-v2/train/leaf_beetle_unknown/img_b811c51bb48d032b95b65df6.jpg,train,leaf_beetle_unknown,ccmt,CC BY 4.0,grp_79f3b9a2c3933052f46aafc2,6a744deb33228ba7b0560f6c19fb58be7128d494a2bd5a3ae0320a472386b05c,28801,1,lossless_jpeg_metadata_strip_preserve_orientation_v2,,,
datasets/corn-field-pest-v2/train/leaf_beetle_unknown/img_89f1e34689294327938b60bd.jpg,train,leaf_beetle_unknown,ccmt,CC BY 4.0,grp_710c98ca123dd9a3de04992b,fab93fa8dd5b243c985fa900dad30f2a72f8289ef801e760162ed75ebde67fc7,29387,1,lossless_jpeg_metadata_strip_preserve_orientation_v2,,,
datasets/corn-field-pest-v2/train/fall_armyworm/img_683878bd4d02f7cde1d3c573.jpg,train,fall_armyworm,ccmt,CC BY 4.0,grp_43ee29b4dd3520172898bda5,74d72cfaa428f54dd472e30033506d3752250349b2955a79782fa1c2088cfd99,40916,1,lossless_jpeg_metadata_strip_preserve_orientation_v2,,,
datasets/corn-field-pest-v2/train/fall_armyworm/img_5b707ab807e000ee44cb80f5.jpg,train,fall_armyworm,ccmt,CC BY 4.0,grp_8eb3b173448a6be81548c2d1,4dca0d78ab7e1c670a980cc534620a03c4a084f738e6ba14d85c98e75ad57e3a,44561,1,lossless_jpeg_metadata_strip_preserve_orientation_v2,,,
datasets/corn-field-pest-v2/val/fall_armyworm/img_8f737ab65542d617e667c4cd.jpg,val,fall_armyworm,tom2024,CC BY 4.0,grp_7855aaa9e1a6c88970b1fed8,57bb462e085be7fb3524094300dfb472996fddbb60e4cec7a5323a23391e6564,4460,1,lossless_jpeg_metadata_strip_preserve_orientation_v2,,,
datasets/corn-field-pest-v2/train/leaf_beetle_unknown/img_cd0ebea9967efa45017924c1.jpg,train,leaf_beetle_unknown,ccmt,CC BY 4.0,grp_ef548058f95d15dc1d088d34,c687ede5acc48b2767a56203f20f1c852871f04a04705171b0d447e9bf61c542,28686,1,lossless_jpeg_metadata_strip_preserve_orientation_v2,,,
datasets/corn-field-pest-v2/train/leaf_beetle_unknown/img_2a17f502cf3a05e68bffe0a5.jpg,train,leaf_beetle_unknown,ccmt,CC BY 4.0,grp_c233abb77b03f44493595e17,f3c1294c71003c0276a94be7c0dc52e62539d2c80a32d1dc181b626dd5c75a9c,30191,1,lossless_jpeg_metadata_strip_preserve_orientation_v2,,,
datasets/corn-field-pest-v2/train/grasshopper_unknown/img_da027253165be60adcaa736a.jpg,train,grasshopper_unknown,ccmt,CC BY 4.0,grp_b3ea6de58dd4fc362b25e2ef,d9f81e6c3a73624e86b45c578c50be6605e858c62f0e820d0822ae6d16af223a,32989,1,lossless_jpeg_metadata_strip_preserve_orientation_v2,,,
datasets/corn-field-pest-v2/train/leaf_beetle_unknown/img_d62f404876c2400aff64c916.jpg,train,leaf_beetle_unknown,ccmt,CC BY 4.0,grp_e29a3a4eea24e9bc3ccc761c,51cac9ffae75e34026813b06c03307a06ceba98b2a40ee171bc9f96d4b7afd7b,26797,1,lossless_jpeg_metadata_strip_preserve_orientation_v2,,,
datasets/corn-field-pest-v2/train/grasshopper_unknown/img_f9f25a508842af6d2e22fb72.jpg,train,grasshopper_unknown,ccmt,CC BY 4.0,grp_ae6ada66400546d15ad2c199,f50f778df82b9f5eca4094b1b0ad8472ed9f0a7189befcaceddd2f0149fb2ba9,35841,1,lossless_jpeg_metadata_strip_preserve_orientation_v2,,,
datasets/corn-field-pest-v2/val/grasshopper_unknown/img_fc603dd5ced8195508b8a9ca.jpg,val,grasshopper_unknown,ccmt,CC BY 4.0,grp_c09e10faca62373b4a854b42,d0cbaaf824524b786fd2371bc43bdcb3dd45b9a0c59d9c05e979140dd2c281ff,52922,1,lossless_jpeg_metadata_strip_preserve_orientation_v2,,,
datasets/corn-field-pest-v2/train/leaf_beetle_unknown/img_36d4c6f110d07a92d6b71055.jpg,train,leaf_beetle_unknown,ccmt,CC BY 4.0,grp_15bf00c376be7df7a9968734,096946a6d9371edda815ab418a288ba6d117d3bf49fa3beb2b0ef4cb31785c9d,25826,1,lossless_jpeg_metadata_strip_preserve_orientation_v2,,,
datasets/corn-field-pest-v2/train/healthy/img_05a05ac385ce5afafb090120.jpg,train,healthy,tom2024,CC BY 4.0,grp_8a9e232ecbf30b929598b194,0e9e90ca96a4d80fcd50eb92a3dbff2a505addef15669f533108a8bb45101985,3238,1,lossless_jpeg_metadata_strip_preserve_orientation_v2,,,
datasets/corn-field-pest-v2/train/leaf_beetle_unknown/img_e970ad0a888b8df378f26db4.jpg,train,leaf_beetle_unknown,ccmt,CC BY 4.0,grp_9749c1e86fcfa6b67db8c4ab,01ddebe1af318261ea1911491abf9f75f12152a1dc35f2545708b13502d0c976,44569,1,lossless_jpeg_metadata_strip_preserve_orientation_v2,,,
datasets/corn-field-pest-v2/val/healthy/img_1f0fafeb1f728c6b2d4ba1b3.jpg,val,healthy,ccmt,CC BY 4.0,grp_c254d13db029eadb35382059,76a198775a8daecc5c2bac4c3fd8ef5f608896cf29f0cbb2f7d43ce7aea86f69,48839,1,lossless_jpeg_metadata_strip_preserve_orientation_v2,,,
datasets/corn-field-pest-v2/val/fall_armyworm/img_a521b08a74fbb21e7ccaaf1d.jpg,val,fall_armyworm,tom2024,CC BY 4.0,grp_17bdd708d932410ede7b5842,8684d21cf4ac41a15559e8ef7f67eef228cdce1ca9e5f3d87f9e9effc4a7be33,7741,1,lossless_jpeg_metadata_strip_preserve_orientation_v2,,,
datasets/corn-field-pest-v2/val/leaf_beetle_unknown/img_d9794e903bfcbd22355d883b.jpg,val,leaf_beetle_unknown,ccmt,CC BY 4.0,grp_301391d3fe6cb07b4719c1b7,6c91af1fea26fb50d110fb14f0e6e4d4d512b670acaff2852e23fc2b09d10c9f,29333,1,lossless_jpeg_metadata_strip_preserve_orientation_v2,,,
datasets/corn-field-pest-v2/val/fall_armyworm/img_94bd487e9ca60cd1da0335a7.jpg,val,fall_armyworm,ccmt,CC BY 4.0,grp_98daabce4a05c06bcdbf6b15,f6a50d2d7c514819527e4333d5851d7787e1e088d828915680cce9566041caa7,32091,1,lossless_jpeg_metadata_strip_preserve_orientation_v2,,,
datasets/corn-field-pest-v2/train/fall_armyworm/img_c118783d26f1514f32736c3c.jpg,train,fall_armyworm,tom2024,CC BY 4.0,grp_fe37c91df6878e014d75f165,c07b4c86b84459cbcbcb4c61382b0e898ace836ca724b7a32344f99f27a8028b,7790,1,lossless_jpeg_metadata_strip_preserve_orientation_v2,,,
datasets/corn-field-pest-v2/train/healthy/img_a16b3ce39b767b38152c44c0.jpg,train,healthy,ccmt,CC BY 4.0,grp_4d0570c4efc60ee53620e41c,bda8c5e8c3317518592100de37d468f98804b453070c0b12b2e069ea888f34dd,44740,1,lossless_jpeg_metadata_strip_preserve_orientation_v2,,,
datasets/corn-field-pest-v2/train/grasshopper_unknown/img_e3eea9935befbee43baed92c.jpg,train,grasshopper_unknown,ccmt,CC BY 4.0,grp_614d61afcfc187d2e5f4f801,874ca22b8c744930c8202cf541facaeaa031da46f0c6858827040f33025ec2ec,60923,1,lossless_jpeg_metadata_strip_preserve_orientation_v2,,,
datasets/corn-field-pest-v2/train/healthy/img_4dc175f0e2f7d3225039c419.jpg,train,healthy,tom2024,CC BY 4.0,grp_0868538f7db2df1f9e409be7,72be30583bf4c40f8eef3522249ed2906abb82e9c9f238b5e428b95b014b57ec,5609,1,lossless_jpeg_metadata_strip_preserve_orientation_v2,,,
datasets/corn-field-pest-v2/train/healthy/img_aa65fe9a8c6d0ca1f41b5595.jpg,train,healthy,tom2024,CC BY 4.0,grp_f4c84b3cbd2ad2bec302008c,36fb40e83d2c39f4a97fe5a07aa329792d66467b18bacc4e95740388bb18882d,4283,1,lossless_jpeg_metadata_strip_preserve_orientation_v2,,,
datasets/corn-field-pest-v2/train/fall_armyworm/img_535377a3c50f5d14cdf93fc5.jpg,train,fall_armyworm,tom2024,CC BY 4.0,grp_26518c33ca4d68a721fafad7,416f2fa0ac89815619aa30181e59d4a02436afa4d485de9ad5e76c5d003cf665,7979,1,lossless_jpeg_metadata_strip_preserve_orientation_v2,,,
datasets/corn-field-pest-v2/train/fall_armyworm/img_eaa2cb557fbc01945eef3a40.jpg,train,fall_armyworm,ccmt,CC BY 4.0,grp_d8d05c89ba7ced435d48051f,8d214c6d762eb9b3a97fae932cdd0e34842e14ab610d675d031a4bfc7bacfdf5,61463,1,lossless_jpeg_metadata_strip_preserve_orientation_v2,,,
datasets/corn-field-pest-v2/train/leaf_beetle_unknown/img_132a464148a9e8fab0f10c8b.jpg,train,leaf_beetle_unknown,ccmt,CC BY 4.0,grp_68e9a761e79a113a82715615,037f66a10c83940106a928ac4936eb2e861aa565d98297b60ca71a75b76b627d,31026,1,lossless_jpeg_metadata_strip_preserve_orientation_v2,,,
datasets/corn-field-pest-v2/train/fall_armyworm/img_f5379008163a2dac70d3d317.jpg,train,fall_armyworm,tom2024,CC BY 4.0,grp_e0922b1b4559ef24b29f3377,7e132b072a76714930009fd580e480c38267a3fddd1779d94cd36b6700b2c95b,8521,1,lossless_jpeg_metadata_strip_preserve_orientation_v2,,,
datasets/corn-field-pest-v2/train/healthy/img_438b035ce2330bba44013cee.jpg,train,healthy,tom2024,CC BY 4.0,grp_0d7a3b0d70ef6b79ba638c79,9766cda6ebcadb083ef0a810cfd908d83be417af7e99e3d3ddb68f3acf873c6d,7551,1,lossless_jpeg_metadata_strip_preserve_orientation_v2,,,
datasets/corn-field-pest-v2/train/grasshopper_unknown/img_f697ca839d909a82d6715454.jpg,train,grasshopper_unknown,ccmt,CC BY 4.0,grp_f5a5d7c21257a5b84fe2ef2e,73bfc21d872e14caed3c6ce3cc52c7c042c6d94d5cbcae5a7e69a35daafbe9ba,69481,1,lossless_jpeg_metadata_strip_preserve_orientation_v2,,,
datasets/corn-field-pest-v2/train/grasshopper_unknown/img_8ac15ec36faa8378b2e94de1.jpg,train,grasshopper_unknown,ccmt,CC BY 4.0,grp_723827a11adb8f233af8abb6,470aa3ff6b06564fd572620ae407fe0d2f05af4adb5d74f91c35f561d79d02bc,69391,1,lossless_jpeg_metadata_strip_preserve_orientation_v2,,,
datasets/corn-field-pest-v2/train/healthy/img_128d84fccac713b638a60e0d.jpg,train,healthy,tom2024,CC BY 4.0,grp_7aabaa0232f577a01227647c,2981161891a0d6968a424e63479a0aea8c6b349cb09263231f2e91e542e55b9a,11141,1,lossless_jpeg_metadata_strip_preserve_orientation_v2,,,
datasets/corn-field-pest-v2/train/leaf_beetle_unknown/img_1fd053759c4af784cc228341.jpg,train,leaf_beetle_unknown,ccmt,CC BY 4.0,grp_209054a8d363297b3731a388,ff1fc2e955f90b1a4a6adf0c718a1040cebc692e609fbb589a8a254c4031abb7,29921,1,lossless_jpeg_metadata_strip_preserve_orientation_v2,,,
datasets/corn-field-pest-v2/train/fall_armyworm/img_5bcf59513a5c8c67e0f75099.jpg,train,fall_armyworm,ccmt,CC BY 4.0,grp_9a6aef5ea0f8f5bc1a631b36,93016a85714728a7baed810f458d2a73a8fbe2b941ad3ec7118265c690dd56af,38887,1,lossless_jpeg_metadata_strip_preserve_orientation_v2,,,
datasets/corn-field-pest-v2/train/leaf_beetle_unknown/img_4842bfd450fd1776194890bd.jpg,train,leaf_beetle_unknown,ccmt,CC BY 4.0,grp_45e4a89e1c92b5b5317a4160,89f0641c46e1265b5a6d16aed63c9185f0db559bb8b78816e111ba8d7480cbf7,47210,1,lossless_jpeg_metadata_strip_preserve_orientation_v2,,,
datasets/corn-field-pest-v2/train/leaf_beetle_unknown/img_c3c49d66dc6f3c1b89c17078.jpg,train,leaf_beetle_unknown,ccmt,CC BY 4.0,grp_c0d58d4124f9544306eb8640,a5e83d9e4a4a0d7c013cd9e5e749c14acbdd00cdee8a0fe10652cbb0ccba2688,34147,1,lossless_jpeg_metadata_strip_preserve_orientation_v2,,,
datasets/corn-field-pest-v2/train/leaf_beetle_unknown/img_86f440f403e4bbb066de7e88.jpg,train,leaf_beetle_unknown,ccmt,CC BY 4.0,grp_ace4a18ab6659e944cada0c9,03a8e206cec30c3a1ee2f8511e1d5b56eec52425beb24e015574b004e8acd61d,28366,1,lossless_jpeg_metadata_strip_preserve_orientation_v2,,,
datasets/corn-field-pest-v2/train/grasshopper_unknown/img_7309fd49b53577ac1635757a.jpg,train,grasshopper_unknown,ccmt,CC BY 4.0,grp_3bc5f4dcf3647a5b37b799d3,131140ad47c546631b654c8d737f43b66b4cb8c301651badd5ac6c3e7fc5ddd4,24922,1,lossless_jpeg_metadata_strip_preserve_orientation_v2,,,
datasets/corn-field-pest-v2/val/grasshopper_unknown/img_55ed87559d622903ace83d1a.jpg,val,grasshopper_unknown,ccmt,CC BY 4.0,grp_d2a413320df6734d630d3f00,ca39458503ec47ad983ae641e4f2928e9dba1a22a4c086089045ab81144226f2,24739,1,lossless_jpeg_metadata_strip_preserve_orientation_v2,,,
datasets/corn-field-pest-v2/train/healthy/img_e63dbac7795fa699310f10df.jpg,train,healthy,ccmt,CC BY 4.0,grp_483ec6e2025276de63c1e8bd,bbebc9011de73eb2e9c8d3118e6740f6ddcab2629b1e04c81e1bf9d5cffe92af,53891,1,lossless_jpeg_metadata_strip_preserve_orientation_v2,,,
datasets/corn-field-pest-v2/val/grasshopper_unknown/img_5b28c26e5b70038cd448acfb.jpg,val,grasshopper_unknown,ccmt,CC BY 4.0,grp_4a870c4f4aae18341aa2595a,dfbf8d5063c88ff535226b60a7316cabd863629702ba1dc2b94c9df1cec8d272,40492,1,lossless_jpeg_metadata_strip_preserve_orientation_v2,,,
datasets/corn-field-pest-v2/train/leaf_beetle_unknown/img_b10258f6d8e3649c0d725044.jpg,train,leaf_beetle_unknown,ccmt,CC BY 4.0,grp_d299ef667eb9b862712851f7,7099295bf66e7ee6b52aa53b834a63fe8f8dd95c4b7aa8347b04e0c5d4d32ebe,27472,1,lossless_jpeg_metadata_strip_preserve_orientation_v2,,,
datasets/corn-field-pest-v2/train/leaf_beetle_unknown/img_761342a246f67097c190c468.jpg,train,leaf_beetle_unknown,ccmt,CC BY 4.0,grp_a944fe20e1c0397e8b44a052,43ff6c8e64e3cc0e481bc5dd02d66a24b80f872ddb0acb396d3ead01f7bd933b,35572,1,lossless_jpeg_metadata_strip_preserve_orientation_v2,,,
datasets/corn-field-pest-v2/train/grasshopper_unknown/img_56aa5901e3bdfbf905abea2f.jpg,train,grasshopper_unknown,ccmt,CC BY 4.0,grp_5bc7651b9f211d9ce477486c,88d9933d1838781f44bd8d1fe629aa77bec485cb9632bd15b1ab1d052aca195e,25658,1,lossless_jpeg_metadata_strip_preserve_orientation_v2,,,
datasets/corn-field-pest-v2/train/healthy/img_b86cd9fee0e61f0020d8a623.jpg,train,healthy,tom2024,CC BY 4.0,grp_3540579cab1ad84f539f31eb,62a436e520ebe73314985498509d24166672c763d8e36846566e1f02fd090e48,10477,1,lossless_jpeg_metadata_strip_preserve_orientation_v2,,,
datasets/corn-field-pest-v2/val/healthy/img_5993713233f4aa441cb02623.jpg,val,healthy,tom2024,CC BY 4.0,grp_b7a6f3a9cfe57a002a868255,41ae2104f6df2a51647c46001e01580fb5d795b63a7715e69595dde57e4012b5,7993,1,lossless_jpeg_metadata_strip_preserve_orientation_v2,,,
datasets/corn-field-pest-v2/train/leaf_beetle_unknown/img_944b31313751eba1373d4c70.jpg,train,leaf_beetle_unknown,ccmt,CC BY 4.0,grp_2791fd830fe95184b3e113c4,659ba6533941240e11fd6e7b00f2c6634f535275716e20e8ca5fe2f5952787ae,26386,1,lossless_jpeg_metadata_strip_preserve_orientation_v2,,,
datasets/corn-field-pest-v2/val/grasshopper_unknown/img_934f6defe403f25f1c2b16c9.jpg,val,grasshopper_unknown,ccmt,CC BY 4.0,grp_051b11c6092f4a0fcdf037f4,4960540321e2c2bd7fc6339b496a73e9c8db374f103007cb1b62677dc115a461,47625,1,lossless_jpeg_metadata_strip_preserve_orientation_v2,,,
datasets/corn-field-pest-v2/train/fall_armyworm/img_d267bee37ff657452b75b61b.jpg,train,fall_armyworm,tom2024,CC BY 4.0,grp_b8463c0a741d09e396ab6a40,ebe06688ef70d7eb9ea077969fc3ee620d2df9efa7f5f9c824f906f65a195fc1,12608,1,lossless_jpeg_metadata_strip_preserve_orientation_v2,,,
datasets/corn-field-pest-v2/train/maize_aphid_unknown/img_66745d353b5e1778c55e8afd.jpg,train,maize_aphid_unknown,yeesi,CC BY 4.0,grp_c868b4d8ef23ec34bfbe6703,72fa2e1a0c9c32b2156d338d8161e5485eed15f22c278979a12a0313dada1b2b,4578623,1,lossless_jpeg_metadata_strip_preserve_orientation_v2,,,
datasets/corn-field-pest-v2/train/leaf_beetle_unknown/img_3398b1df25910f29c98f2e50.jpg,train,leaf_beetle_unknown,ccmt,CC BY 4.0,grp_806be95040c3a5b9628b31b1,fbc9ccd8ea3595a24f68a738c70929c0990e25fd28dfb1d68db92ce60284c4c9,43260,1,lossless_jpeg_metadata_strip_preserve_orientation_v2,,,
datasets/corn-field-pest-v2/train/leaf_beetle_unknown/img_e7a0e2a311b428177c9b3808.jpg,train,leaf_beetle_unknown,ccmt,CC BY 4.0,grp_837fd23d3756a9cd422bee96,e06ff4184cbb029ceeddfc0cb458f260b220b5ac2e9b758a03488da42dc7fc2d,24380,1,lossless_jpeg_metadata_strip_preserve_orientation_v2,,,
datasets/corn-field-pest-v2/val/grasshopper_unknown/img_84cee6ed0e0d9ba14cc40163.jpg,val,grasshopper_unknown,ccmt,CC BY 4.0,grp_20355b608ae564b285d4006e,18b5da3a2229973ca9f5d78f8a1b1fbc109cae647dd425fa77ab9a44771ef636,53118,1,lossless_jpeg_metadata_strip_preserve_orientation_v2,,,
datasets/corn-field-pest-v2/train/healthy/img_65219b188f7eeef0326efd57.jpg,train,healthy,ccmt,CC BY 4.0,grp_f6884f867c75b4fe0eb8f792,2dc68a219d5951cb994d991930afbf43d7231a6fc1ddc8e67d8bce936a0986f9,48599,1,lossless_jpeg_metadata_strip_preserve_orientation_v2,,,
datasets/corn-field-pest-v2/train/fall_armyworm/img_06dcf7d6000a7ddf65f7a49a.jpg,train,fall_armyworm,ccmt,CC BY 4.0,grp_e14bf60e266e389fda666e00,653288559c9ec891b888ad39def3a9db777da95ec05b2933af9d83a70f3fdf62,45530,1,lossless_jpeg_metadata_strip_preserve_orientation_v2,,,
datasets/corn-field-pest-v2/train/leaf_beetle_unknown/img_90b3bbbff39ec48e50af2e82.jpg,train,leaf_beetle_unknown,ccmt,CC BY 4.0,grp_8155a3f4f6528c06d4c93d4e,f9ce54fa88ff34207261bb58123f26a84ec351ee4a7ef234aad86045bd3fda60,30472,1,lossless_jpeg_metadata_strip_preserve_orientation_v2,,,
datasets/corn-field-pest-v2/train/grasshopper_unknown/img_bb5ab7588820fad9f3b6e29b.jpg,train,grasshopper_unknown,ccmt,CC BY 4.0,grp_d0e5105408d9f0443ddf86a7,eb0b9868d5401011d668dbc56154304d4f03efec557a06e0d5359bd34eaba362,71583,1,lossless_jpeg_metadata_strip_preserve_orientation_v2,,,
datasets/corn-field-pest-v2/train/healthy/img_df4f14d80d7ff2ad1a332b7d.jpg,train,healthy,tom2024,CC BY 4.0,grp_661b4dfe46f4b659551775f4,5778bba8f453ab7cb13f5b6e6e32a839d918f45dce2148960faa77ed3c195c91,4001,1,lossless_jpeg_metadata_strip_preserve_orientation_v2,,,
datasets/corn-field-pest-v2/train/maize_aphid_unknown/img_7558ea9a4a759b0e17b6d5da.jpg,train,maize_aphid_unknown,yeesi,CC BY 4.0,grp_ed471b353f4a6b148da3d189,f63ebb5e7d268b6a481219b01fbd761dc7b64c2c238b89b4d43e39c6f52972ee,5463654,1,lossless_jpeg_metadata_strip_preserve_orientation_v2,,,
datasets/corn-field-pest-v2/train/healthy/img_321ed08286cde58c94f26ee0.jpg,train,healthy,ccmt,CC BY 4.0,grp_f529d1a2fb13b49bbdf0fc5b,158098b1e087ed913ce30f11cb6636b91734b806a3dd856baed1bd3ebdb7c425,57462,1,lossless_jpeg_metadata_strip_preserve_orientation_v2,,,
datasets/corn-field-pest-v2/train/grasshopper_unknown/img_8779eed1d8ae50405c188124.jpg,train,grasshopper_unknown,ccmt,CC BY 4.0,grp_26ff16883965a2f6f6627b6e,f578c5e7e829eed564fc30cd90951dd404fd9c2cba310f80c034e910cfa64140,55921,1,lossless_jpeg_metadata_strip_preserve_orientation_v2,,,
datasets/corn-field-pest-v2/train/leaf_beetle_unknown/img_5682f64e358fe9485c121af1.jpg,train,leaf_beetle_unknown,ccmt,CC BY 4.0,grp_f06088c2623a2cc95ce0bf53,b0199924fc3cb5af2a846837f3467cf3e2127f39797f5d64df5cad9a280d01c0,20410,1,lossless_jpeg_metadata_strip_preserve_orientation_v2,,,
datasets/corn-field-pest-v2/train/grasshopper_unknown/img_7d886598e893d15de0c828b7.jpg,train,grasshopper_unknown,ccmt,CC BY 4.0,grp_b169f71411979a9f1a974866,9d7b164d73fc3321624153a8d9b2cd57a83ab069a94da392a1413866eaf6ee7f,53612,1,lossless_jpeg_metadata_strip_preserve_orientation_v2,,,
datasets/corn-field-pest-v2/train/fall_armyworm/img_3ddb442a6d4c3f322d2ad3a2.jpg,train,fall_armyworm,tom2024,CC BY 4.0,grp_3b6d24bb3a5cea0dea515143,a89e1013582396f3d0116c7e06e34ab66db13dd222f7a6aab94f57271641fb24,8161,1,lossless_jpeg_metadata_strip_preserve_orientation_v2,,,
datasets/corn-field-pest-v2/train/leaf_beetle_unknown/img_caefbd9c95545bf9031966e4.jpg,train,leaf_beetle_unknown,ccmt,CC BY 4.0,grp_dca9e4abf16f17831b487bc8,17044405ac9e2382bb978cbc18890045f84eabd69c86373ed501a8adca83e9ac,41516,1,lossless_jpeg_metadata_strip_preserve_orientation_v2,,,
datasets/corn-field-pest-v2/train/fall_armyworm/img_b75b43d0b7048f1a308a3cb3.jpg,train,fall_armyworm,tom2024,CC BY 4.0,grp_990789e2e833104c83f0464a,c5c2081dcc9f3253c5de579627b02dc96bc609e960d6a7740e8ab646f2999c2e,6524,1,lossless_jpeg_metadata_strip_preserve_orientation_v2,,,
datasets/corn-field-pest-v2/train/leaf_beetle_unknown/img_91a890b58b7578576ed1bf06.jpg,train,leaf_beetle_unknown,ccmt,CC BY 4.0,grp_09616ad716f1961ef9fc71b6,6ef1ba153c2e23b7ecd71ad3c38ee4e4f300e6cfc6948b4b21801b23e7c85cfa,32844,1,lossless_jpeg_metadata_strip_preserve_orientation_v2,,,
datasets/corn-field-pest-v2/val/healthy/img_150845b47cc10296efff2a33.jpg,val,healthy,tom2024,CC BY 4.0,grp_5921cfae928640a203796a47,be9c9f5476797f422fd8ea7bf6a3ae96828e1c57006a5802e3b24b50cf7620ff,8423,1,lossless_jpeg_metadata_strip_preserve_orientation_v2,,,
datasets/corn-field-pest-v2/val/fall_armyworm/img_43680ba24c9a13c06b84c8d4.jpg,val,fall_armyworm,tom2024,CC BY 4.0,grp_3de30ef290188bc329c39e66,46c32374d4e2579596ca2d5a53943d82a276ccfd33033f1a19946fee19fc2a51,5319,1,lossless_jpeg_metadata_strip_preserve_orientation_v2,,,
datasets/corn-field-pest-v2/train/fall_armyworm/img_5aa41d40fb0d2ca0f21e7544.jpg,train,fall_armyworm,tom2024,CC BY 4.0,grp_000546b19d902b08f88974de,63a51987b23f20060b049b52b082ea6b2cc3ed9a0d7acc20d6dab513e5e69286,2518,1,lossless_jpeg_metadata_strip_preserve_orientation_v2,,,
datasets/corn-field-pest-v2/val/healthy/img_2e27cf6e8377e7c1bc4c07c5.jpg,val,healthy,tom2024,CC BY 4.0,grp_5921cfae928640a203796a47,b3a39ef2e25f73696d40214f9aba24d08ed905b0e68d4c9b58a7f8e93d6da601,7517,1,lossless_jpeg_metadata_strip_preserve_orientation_v2,,,
datasets/corn-field-pest-v2/val/leaf_beetle_unknown/img_7997fd9036d23f12d16f5881.jpg,val,leaf_beetle_unknown,ccmt,CC BY 4.0,grp_59caae817575afd332e164c6,4d73e556fb9f01b26c06f2631fbf116f56f8ad2df42fb472e1b3bafdfa1ced8f,33485,1,lossless_jpeg_metadata_strip_preserve_orientation_v2,,,
datasets/corn-field-pest-v2/train/leaf_beetle_unknown/img_b00cb8b45ad0dd65f609f68e.jpg,train,leaf_beetle_unknown,ccmt,CC BY 4.0,grp_04efb7b31e20e42c41b5149b,96b7dfda6a609c2e178eac75cb907f08479c27e0989908a03dec61f5790ff315,25776,1,lossless_jpeg_metadata_strip_preserve_orientation_v2,,,
datasets/corn-field-pest-v2/train/grasshopper_unknown/img_47348830e2e6a31663de0435.jpg,train,grasshopper_unknown,ccmt,CC BY 4.0,grp_233c3dd661dd5d867bf542ec,af59afe9a07941420277d14b16182772e319339e3f6003708a3fe7fb859cbbea,22237,1,lossless_jpeg_metadata_strip_preserve_orientation_v2,,,
datasets/corn-field-pest-v2/train/leaf_beetle_unknown/img_1abd3b60fc6ad69e650c7bdd.jpg,train,leaf_beetle_unknown,ccmt,CC BY 4.0,grp_92500ac2a55a6720e6c24efd,e332a808db6ab1b70da18b97aaeedf70b0be4a595aab7f2df78fbf45a70c2d9f,32171,1,lossless_jpeg_metadata_strip_preserve_orientation_v2,,,
datasets/corn-field-pest-v2/train/healthy/img_9b439ccbf907c1a6aa1073c7.jpg,train,healthy,tom2024,CC BY 4.0,grp_ae5be57dee646dc6839c8b10,303abdf2e786d3bd2b0aadb684e772b78d226aafeb517795fd250a877bf2ec2f,3069,1,lossless_jpeg_metadata_strip_preserve_orientation_v2,,,
datasets/corn-field-pest-v2/val/healthy/img_aea9535b029ec9778fbb079b.jpg,val,healthy,tom2024,CC BY 4.0,grp_5921cfae928640a203796a47,e16487b9ccb12aae099dbf532745dd643a51034d32444deb543fe93f481ab17a,4545,1,lossless_jpeg_metadata_strip_preserve_orientation_v2,,,
datasets/corn-field-pest-v2/train/leaf_beetle_unknown/img_e87ae0595b3033108bc67df2.jpg,train,leaf_beetle_unknown,ccmt,CC BY 4.0,grp_d6458f30b5f22070e473dee3,2f8f5ab1c249394e0ebca34187fbbad05faab27ce1629faab0e83b7c40587beb,40285,1,lossless_jpeg_metadata_strip_preserve_orientation_v2,,,
datasets/corn-field-pest-v2/train/grasshopper_unknown/img_30a64d76a7210217c0f5d4cd.jpg,train,grasshopper_unknown,ccmt,CC BY 4.0,grp_4e3cc139e1ce3e83c02c0d12,39b0f66bbdc36ba63cd0000c901f8d91bbfa12f4d8ea8e6aff41387448734939,27289,1,lossless_jpeg_metadata_strip_preserve_orientation_v2,,,
datasets/corn-field-pest-v2/train/healthy/img_5c567bda42768d072c8e698e.jpg,train,healthy,tom2024,CC BY 4.0,grp_ccabaaa1063d5df686f22a9d,46a4c3a6bfb6fa0867eace30770d67fdb4170f66245ca81b89863d82d7584e56,9648,1,lossless_jpeg_metadata_strip_preserve_orientation_v2,,,
datasets/corn-field-pest-v2/train/leaf_beetle_unknown/img_5a227f05b06a031b57f61c92.jpg,train,leaf_beetle_unknown,ccmt,CC BY 4.0,grp_27b74f995081b6f16c2399bb,42e5cb271b94859cbe8dcd34bff31848a9228001347bcdd02dc4a961c475596f,19333,1,lossless_jpeg_metadata_strip_preserve_orientation_v2,,,
datasets/corn-field-pest-v2/train/leaf_beetle_unknown/img_524b3a16a3ef74c308be44f0.jpg,train,leaf_beetle_unknown,ccmt,CC BY 4.0,grp_a46cda72205eb67e7a19e340,8d0411ae0a356ce5afdcb2b51a26688a23d60c8cc8656c8b56a10d9dbaafc986,18381,1,lossless_jpeg_metadata_strip_preserve_orientation_v2,,,
datasets/corn-field-pest-v2/val/fall_armyworm/img_0321e28a6fa6d7e7d47dfa9b.jpg,val,fall_armyworm,ccmt,CC BY 4.0,grp_b3ae415aa1fcd382fa114b12,5efa295b6d3f02dce835029bd2d2f1e7327f8b87e725b35a7567be0f4a247283,66947,1,lossless_jpeg_metadata_strip_preserve_orientation_v2,,,
datasets/corn-field-pest-v2/val/healthy/img_d875a1fcde79ec8d3ef091eb.jpg,val,healthy,ccmt,CC BY 4.0,grp_0b479de8940c7e40bee9688b,d842331a874fa60b1ab535366048e8332efc59a10d99701ddf399d6f476a7164,46809,1,lossless_jpeg_metadata_strip_preserve_orientation_v2,,,
datasets/corn-field-pest-v2/train/leaf_beetle_unknown/img_1331d078590f0ba6f2a89054.jpg,train,leaf_beetle_unknown,ccmt,CC BY 4.0,grp_ef757dc729f44836dd4c33d3,a6b886ac8456a39d83a946f24a8e58bd413e3361207165277aa2fcaa460e4f75,43569,1,lossless_jpeg_metadata_strip_preserve_orientation_v2,,,
datasets/corn-field-pest-v2/train/healthy/img_36887d8545e414a459e88f2a.jpg,train,healthy,ccmt,CC BY 4.0,grp_1af3bab6d432b73d9e6d5dfc,527b24586a129d8b69a252a76e243aa2f23dda7aa1bca2cb9206e6c1325e2ff6,49341,1,lossless_jpeg_metadata_strip_preserve_orientation_v2,,,
datasets/corn-field-pest-v2/val/leaf_beetle_unknown/img_045ca498762ff4d3d637052a.jpg,val,leaf_beetle_unknown,ccmt,CC BY 4.0,grp_77ed826b492a48174eb042ea,e3449ed0e21e880ca99f2543c5a0a967c4e2585aed4d0e79da2464ebe85e8266,27131,1,lossless_jpeg_metadata_strip_preserve_orientation_v2,,,
datasets/corn-field-pest-v2/train/grasshopper_unknown/img_4528b804e0e3143a100daf1d.jpg,train,grasshopper_unknown,ccmt,CC BY 4.0,grp_98a6e57c0d71221c6714e50f,72452ebca6058195ef3d1ff4dea07c2e5bdd089aa48369af7d0e26d6efe6be93,29514,1,lossless_jpeg_metadata_strip_preserve_orientation_v2,,,
datasets/corn-field-pest-v2/val/grasshopper_unknown/img_7e071470e7539892910cb891.jpg,val,grasshopper_unknown,ccmt,CC BY 4.0,grp_aa48ad0044efa7e69bb5e876,f7e0ecd58a33f31a3ad19d9255bdb977440da90ac57e31609a2d5b269b9f0356,73037,1,lossless_jpeg_metadata_strip_preserve_orientation_v2,,,
datasets/corn-field-pest-v2/train/healthy/img_4e470da0ef6f645b2da67460.jpg,train,healthy,ccmt,CC BY 4.0,grp_224b10d10b80c3e891cc30e9,816fb51ee9115ece058b7da15ffcc39cc9277d11346699b862eef16616dec92d,49372,1,lossless_jpeg_metadata_strip_preserve_orientation_v2,,,
datasets/corn-field-pest-v2/train/healthy/img_6daac29ecfc4f7dcd76269d1.jpg,train,healthy,tom2024,CC BY 4.0,grp_192218953f989edcbbd844de,5f546af983bb11d75905431653845ee9300d934940bcbdecfac889d5b94cb03b,12007,1,lossless_jpeg_metadata_strip_preserve_orientation_v2,,,
datasets/corn-field-pest-v2/train/grasshopper_unknown/img_ffd3a0c0a62ebb30a69ce31b.jpg,train,grasshopper_unknown,ccmt,CC BY 4.0,grp_60a3cb9453a09a6952315dcc,132e7f8c127c65c4ea45597ddbc14c3d614326ce3f5c6b22539e6d96a266ef17,30528,1,lossless_jpeg_metadata_strip_preserve_orientation_v2,,,
datasets/corn-field-pest-v2/train/healthy/img_c6c46266cfc6b51b716ef52f.jpg,train,healthy,ccmt,CC BY 4.0,grp_89b0621b810cebf8cd154c80,5aa724eb08e16c5d0479ce860643c9ac657f9e93954f4ebdade5d894efb01fd4,49555,1,lossless_jpeg_metadata_strip_preserve_orientation_v2,,,
datasets/corn-field-pest-v2/train/leaf_beetle_unknown/img_a9e18ff55f271f994273b73c.jpg,train,leaf_beetle_unknown,ccmt,CC BY 4.0,grp_992262f0c8bacef1f4caafaf,b40e0ebce43b7bd863023f1e1af511b24de07159d682a5ccb39d71e4e26c78de,27434,1,lossless_jpeg_metadata_strip_preserve_orientation_v2,,,
datasets/corn-field-pest-v2/train/fall_armyworm/img_ed5bfb4042d3c01b7bf55e19.jpg,train,fall_armyworm,ccmt,CC BY 4.0,grp_62262cdb9cd4120a3273e0ac,96e52b465aad396376f2495572c2dcbebfc4eb8b46ce8a42a0650a68ecc6c6dd,43777,1,lossless_jpeg_metadata_strip_preserve_orientation_v2,,,
datasets/corn-field-pest-v2/train/leaf_beetle_unknown/img_7bad6b854bf05486f7e01033.jpg,train,leaf_beetle_unknown,ccmt,CC BY 4.0,grp_2761293d7ba5e6b89df8448e,eba71015a69bb2121727c0553a0d8f01af0e76501644adad254f6366e36353f3,24577,1,lossless_jpeg_metadata_strip_preserve_orientation_v2,,,
datasets/corn-field-pest-v2/train/fall_armyworm/img_df0e1aea422a88468af26244.jpg,train,fall_armyworm,tom2024,CC BY 4.0,grp_94bac0b374c34d0a432bdde9,fb0613e470a64a04cbbc074ef6f78731b91a43b24cfc0a5250b18710a9ca200d,7386,1,lossless_jpeg_metadata_strip_preserve_orientation_v2,,,
datasets/corn-field-pest-v2/train/grasshopper_unknown/img_fd6f393784c3ebd80c78b3fd.jpg,train,grasshopper_unknown,ccmt,CC BY 4.0,grp_968877e9aef89cbac7fc537e,6fa465e13940c690549192e0ed9f42e6faea23a77ec54989da6f3e2e6d45f9c9,38634,1,lossless_jpeg_metadata_strip_preserve_orientation_v2,,,
datasets/corn-field-pest-v2/train/leaf_beetle_unknown/img_e663d27667abbb5e10c72efa.jpg,train,leaf_beetle_unknown,ccmt,CC BY 4.0,grp_0b52cfe9f691167bdc79da61,8e3f1d37bbf754b2bad3a7b2ae761b446fd4042278e1ae5c4500b3d846a2990f,28490,1,lossless_jpeg_metadata_strip_preserve_orientation_v2,,,
datasets/corn-field-pest-v2/val/grasshopper_unknown/img_f7cddf34dce73ca0c2d123d5.jpg,val,grasshopper_unknown,ccmt,CC BY 4.0,grp_ac6e62b941c60f041d25f60d,d97ebff3e1185de7b01b446bed8590ce35304caaf32ba83e5b23965b0da15d3f,43015,1,lossless_jpeg_metadata_strip_preserve_orientation_v2,,,
datasets/corn-field-pest-v2/val/grasshopper_unknown/img_1c2bfd4d75063fcefb58a7c3.jpg,val,grasshopper_unknown,ccmt,CC BY 4.0,grp_ab15fbb694f6c5b1834c1061,de40fe522ea19c2539e584a30e2c62432079a5f742dc9d308dddff6d760dd8bd,30508,1,lossless_jpeg_metadata_strip_preserve_orientation_v2,,,
datasets/corn-field-pest-v2/val/maize_aphid_unknown/img_cc2cbfa782b4c5ef8b5792cf.jpg,val,maize_aphid_unknown,yeesi,CC BY 4.0,grp_1a075beb064f54e8059f91fe,06647e7d7d31f18ace4ecac510f1a89ec157e4e91934852d125068488252769a,2028364,1,lossless_jpeg_metadata_strip_preserve_orientation_v2,,,
datasets/corn-field-pest-v2/train/grasshopper_unknown/img_5c4a9edb850de675d428aa50.jpg,train,grasshopper_unknown,ccmt,CC BY 4.0,grp_5c27a444a1a60d4599d63edf,73773c10a60d6eead5463229cdbadb59586835639587c911eebbf1d770a41fd4,24958,1,lossless_jpeg_metadata_strip_preserve_orientation_v2,,,
datasets/corn-field-pest-v2/train/leaf_beetle_unknown/img_e81617cd58a92f903e5d9f5c.jpg,train,leaf_beetle_unknown,ccmt,CC BY 4.0,grp_d17b74effd98b1c98365514e,85d3740c34b072f1145b9aa2cb865288192a0bd9929b75a633ecb36db1d47c44,27152,1,lossless_jpeg_metadata_strip_preserve_orientation_v2,,,
datasets/corn-field-pest-v2/train/leaf_beetle_unknown/img_9a400a54981cab15fe4bf8ba.jpg,train,leaf_beetle_unknown,ccmt,CC BY 4.0,grp_f7908e8561c4a2b3d5b40bf5,74ebfea764b0ae35cf0719fc9ae0485cafdda6496ea72681f3977285044388b6,34551,1,lossless_jpeg_metadata_strip_preserve_orientation_v2,,,
datasets/corn-field-pest-v2/train/fall_armyworm/img_b4fb47110c39571392598eb0.jpg,train,fall_armyworm,tom2024,CC BY 4.0,grp_b52a43f11041a7afe0e5c3e5,1c8b0058152807501050546f0c1b355c3b011fea71322a553d3b448de25ebe18,14235,1,lossless_jpeg_metadata_strip_preserve_orientation_v2,,,
datasets/corn-field-pest-v2/train/leaf_beetle_unknown/img_ef7a253e5c846f9957431b34.jpg,train,leaf_beetle_unknown,ccmt,CC BY 4.0,grp_7a3d0c94be540f20193f5628,79d39a941e3933e99a6b5bee8c294609ef8652f84ede3ba116e16a86e90db4fc,24938,1,lossless_jpeg_metadata_strip_preserve_orientation_v2,,,
datasets/corn-field-pest-v2/train/leaf_beetle_unknown/img_ae512f59e8820c97a7d4bbb6.jpg,train,leaf_beetle_unknown,ccmt,CC BY 4.0,grp_687f5fd68e74160c1626699b,d98e03e450ff73282a86914862112c1f111dcb091d5723f19acd766544a66ff6,27090,1,lossless_jpeg_metadata_strip_preserve_orientation_v2,,,
datasets/corn-field-pest-v2/val/fall_armyworm/img_b9a274b1906dce692159c2bf.jpg,val,fall_armyworm,ccmt,CC BY 4.0,grp_67d63d59eee0f5be82ab2f7f,474ab80d42813820b91fb2ce5b639600fefc13f043dc44c0082f36965bebf930,32506,1,lossless_jpeg_metadata_strip_preserve_orientation_v2,,,
datasets/corn-field-pest-v2/train/fall_armyworm/img_0c186c8be33b61daca688c15.jpg,train,fall_armyworm,tom2024,CC BY 4.0,grp_5bac123313598c7d752fe275,14d6191c2885da016503635b3f2c5069e517e0c612f2237f74fc143642f68ebf,3902,1,lossless_jpeg_metadata_strip_preserve_orientation_v2,,,
datasets/corn-field-pest-v2/train/grasshopper_unknown/img_3869cc4d4b6aca95feee33a3.jpg,train,grasshopper_unknown,ccmt,CC BY 4.0,grp_6e5bcb6f6282a49df3dc39f0,bac1c47c1ab3b7ca53ec7a848265b043730af2de921c651fdf59b0db658cd187,39250,1,lossless_jpeg_metadata_strip_preserve_orientation_v2,,,
datasets/corn-field-pest-v2/train/fall_armyworm/img_a454a9a98ee4d915cf7a93f8.jpg,train,fall_armyworm,tom2024,CC BY 4.0,grp_3dd1a70a66f1902316e1706b,0b7153f318d7f483c7210c74dbfb5ed16a17177a120e67d3a5ef97eb2e3e004b,4335,1,lossless_jpeg_metadata_strip_preserve_orientation_v2,,,
datasets/corn-field-pest-v2/train/fall_armyworm/img_5e079b8f1c513618bd8cb0d1.jpg,train,fall_armyworm,ccmt,CC BY 4.0,grp_299d35e399b504c626cecf54,521093570d46b3178185449f4a8a447a49d181b3556050157dd65b180f3d094f,37104,1,lossless_jpeg_metadata_strip_preserve_orientation_v2,,,
datasets/corn-field-pest-v2/val/healthy/img_8fba456d4da3146f12ec2e3d.jpg,val,healthy,ccmt,CC BY 4.0,grp_899cf7e2cdcdc7d08b4cd2d2,01d76adf92cfd378d5416b3e63fd9e12bfdb40500ad15a82e1adeb609c7931c7,39229,1,lossless_jpeg_metadata_strip_preserve_orientation_v2,,,
datasets/corn-field-pest-v2/train/fall_armyworm/img_ba2e6093c6246e0ac9a54250.jpg,train,fall_armyworm,ccmt,CC BY 4.0,grp_5af35dbac1ee1b8a9fb7106b,e11eb8f26e4bd2321ac29e104daa16711336379c65f1bcb51f034a63146d6e09,72014,1,lossless_jpeg_metadata_strip_preserve_orientation_v2,,,
datasets/corn-field-pest-v2/train/healthy/img_3f52500a94c4692c77839a00.jpg,train,healthy,ccmt,CC BY 4.0,grp_23541b225f69eebf9b6515f6,1bc2135d7ac0d3340dc3ad6320f7dde55ee8e6196d22e97919ae72c0043b58f2,42340,1,lossless_jpeg_metadata_strip_preserve_orientation_v2,,,
datasets/corn-field-pest-v2/train/grasshopper_unknown/img_8d53071cc0a1c3402ba7026f.jpg,train,grasshopper_unknown,ccmt,CC BY 4.0,grp_f72f1b97d9f1406bd88b7dce,fb122f20ba9765f50c2f513305120c26c617e61e32e67a0e380c0e91d290276e,26949,1,lossless_jpeg_metadata_strip_preserve_orientation_v2,,,
datasets/corn-field-pest-v2/val/grasshopper_unknown/img_0a9f637586ba421c1b00c026.jpg,val,grasshopper_unknown,ccmt,CC BY 4.0,grp_d0facb617be32dac9b5364aa,231581ce56d78495d26decc7af18d55f1263b340b39da05036dd4ef4cba2a7c7,28655,1,lossless_jpeg_metadata_strip_preserve_orientation_v2,,,
datasets/corn-field-pest-v2/train/fall_armyworm/img_2766f486bbe2d8ab6853afdf.jpg,train,fall_armyworm,tom2024,CC BY 4.0,grp_b6634c8341ffc3d1615cd171,308270a4619b875bb91c2f118657c4785878468011a256e31d57f7f7ff8a4ec7,10395,1,lossless_jpeg_metadata_strip_preserve_orientation_v2,,,
datasets/corn-field-pest-v2/val/leaf_beetle_unknown/img_621af2032cffcfa6f51420a8.jpg,val,leaf_beetle_unknown,ccmt,CC BY 4.0,grp_f197457a6703832c92791cef,9c83b9560064f4d758f872c61f401bfbc1cba451d0dd046666d8c20c29f2b20c,40160,1,lossless_jpeg_metadata_strip_preserve_orientation_v2,,,
datasets/corn-field-pest-v2/train/healthy/img_0412d59a89a3fc1c6b6af545.jpg,train,healthy,ccmt,CC BY 4.0,grp_cf122ae5a9db7b5b10794d2b,9c7b55fe2908f733fb70a71e05fed0842877f192503978e059b532660ee1a6c9,42000,1,lossless_jpeg_metadata_strip_preserve_orientation_v2,,,
datasets/corn-field-pest-v2/train/grasshopper_unknown/img_21de7e78782b6e2f10acda35.jpg,train,grasshopper_unknown,ccmt,CC BY 4.0,grp_6ae018bb6c77b01ba164ff46,97577675331880046915c31dd43d099d19b6e54d875370f8f39b1fdedc3721df,60628,1,lossless_jpeg_metadata_strip_preserve_orientation_v2,,,
datasets/corn-field-pest-v2/train/grasshopper_unknown/img_462bb65b2f605de12f4c162b.jpg,train,grasshopper_unknown,ccmt,CC BY 4.0,grp_d0d01c0d405d5b3072236834,b350284c6901a460805573dc30c272e1cf6c8e218913cbca55c65602483ab99d,24936,1,lossless_jpeg_metadata_strip_preserve_orientation_v2,,,
datasets/corn-field-pest-v2/val/fall_armyworm/img_d9951938df4df50e4ddc0906.jpg,val,fall_armyworm,tom2024,CC BY 4.0,grp_1786d1dc80662819f3cc646f,f2a65971cf2c0022641b6af3e615903cb5ddf638e67195ae08550ce1a3897fb5,4416,1,lossless_jpeg_metadata_strip_preserve_orientation_v2,,,
datasets/corn-field-pest-v2/train/fall_armyworm/img_e4529ffaebde25f66cb8c168.jpg,train,fall_armyworm,tom2024,CC BY 4.0,grp_a30fe41edf047719de72e057,dfb7fe095f7608068633f154112bd94d2cb9c803e4349b5e5bb0dbbec8f5228d,3887,1,lossless_jpeg_metadata_strip_preserve_orientation_v2,,,
datasets/corn-field-pest-v2/train/leaf_beetle_unknown/img_4df40fd989eee35daf35cb78.jpg,train,leaf_beetle_unknown,ccmt,CC BY 4.0,grp_bb8398b17b7561d7c63e84eb,b824667945048b52dd0ea5bbaafbd68876d9213738633ff8a454884ca0728315,30891,1,lossless_jpeg_metadata_strip_preserve_orientation_v2,,,
datasets/corn-field-pest-v2/val/leaf_beetle_unknown/img_c4b2b89606802577e2419cc9.jpg,val,leaf_beetle_unknown,ccmt,CC BY 4.0,grp_e2c5b131b438c51907003972,62c28fbeea1f963d93e45694b6b21df1f2e60aebcd8866067bedf20e1df8a4bd,32200,1,lossless_jpeg_metadata_strip_preserve_orientation_v2,,,
datasets/corn-field-pest-v2/val/grasshopper_unknown/img_776370d585cd75710e635353.jpg,val,grasshopper_unknown,ccmt,CC BY 4.0,grp_12e05746d1cb197fa03c9ca6,8792204156acd16c10e9ef12fa86638aa0b6076b8a95d41443f2acbd5503c67f,53579,1,lossless_jpeg_metadata_strip_preserve_orientation_v2,,,
datasets/corn-field-pest-v2/train/healthy/img_d7aa2457d6a5d627dda5951b.jpg,train,healthy,tom2024,CC BY 4.0,grp_e3ff173b3d9accae00543802,7c48deeded965e1217db7c699f7361af4dedd9e3bbb965cb7e85de03212a6f26,3739,1,lossless_jpeg_metadata_strip_preserve_orientation_v2,,,
datasets/corn-field-pest-v2/train/grasshopper_unknown/img_1153e2974f92d9363fda9976.jpg,train,grasshopper_unknown,ccmt,CC BY 4.0,grp_003ec1ecbe6d3774b846a127,f2c43b0750d209bfb6f11fba67a6e2f7707cb6ca23c0f64488b3b8976aff3e1d,37346,1,lossless_jpeg_metadata_strip_preserve_orientation_v2,,,
datasets/corn-field-pest-v2/train/grasshopper_unknown/img_36f52a5b805ba62ee6a5cab3.jpg,train,grasshopper_unknown,ccmt,CC BY 4.0,grp_d54784ea19cbdde5dea826d9,f24c10c913cdaf4786dbc77f094ba214c07ab202ebd254107e6739caa44ba506,64863,1,lossless_jpeg_metadata_strip_preserve_orientation_v2,,,
datasets/corn-field-pest-v2/train/leaf_beetle_unknown/img_9c7f765b750c6342daf9901a.jpg,train,leaf_beetle_unknown,ccmt,CC BY 4.0,grp_25962c3b49cd7fc93819769f,16c870cdd4d421439137ac81c6b427b1da0801c540b61f60f32dbbd8d50685b6,29532,1,lossless_jpeg_metadata_strip_preserve_orientation_v2,,,
datasets/corn-field-pest-v2/train/leaf_beetle_unknown/img_01f9f99793c8104258ab91db.jpg,train,leaf_beetle_unknown,ccmt,CC BY 4.0,grp_1a29d0cc9dffc2469f7c936e,93423cd2a487f9307bb0f50a998417be6defd7db301564a3ac476fefdae9eae5,27579,1,lossless_jpeg_metadata_strip_preserve_orientation_v2,,,
datasets/corn-field-pest-v2/train/fall_armyworm/img_95515e91bb3e014133820056.jpg,train,fall_armyworm,tom2024,CC BY 4.0,grp_81d90d55d590e2766a320678,f7b458f584a8ecb95dcad28e4bd5240a04e6da6b41f465b8f2d074a714b33198,11481,1,lossless_jpeg_metadata_strip_preserve_orientation_v2,,,
datasets/corn-field-pest-v2/val/fall_armyworm/img_b6b501f1b1a1b3cdbaf3730e.jpg,val,fall_armyworm,ccmt,CC BY 4.0,grp_128ad53f9b24e7cbcc609eac,75a4220939d46707fbf3d511a7b51fd702c21bacd7af447fcc6d656c17e2dc1c,43761,1,lossless_jpeg_metadata_strip_preserve_orientation_v2,,,
datasets/corn-field-pest-v2/val/grasshopper_unknown/img_f2304d7501a5ca9b879b6fcd.jpg,val,grasshopper_unknown,ccmt,CC BY 4.0,grp_2ac466c0bdacf95b13f54dc1,bd6d6f5cdac0da8fb472691fb41cabaa7ffa3559d2bee2faa460dcd52856358b,26539,1,lossless_jpeg_metadata_strip_preserve_orientation_v2,,,
datasets/corn-field-pest-v2/train/healthy/img_da1252867ede06711559e33c.jpg,train,healthy,tom2024,CC BY 4.0,grp_fd108f2984385e961f2d41fd,b6f3baab302d8be41e98017a1dff2506f7fff843db05ba9419d0d09e1aeee7ba,3717,1,lossless_jpeg_metadata_strip_preserve_orientation_v2,,,
datasets/corn-field-pest-v2/train/healthy/img_a3c322d6f4ad667f6105ad1b.jpg,train,healthy,tom2024,CC BY 4.0,grp_40239afba312820b68524f1f,df1803a15f85864d8692351c20f3e157908b9b0e1191967e088c2974b2d3995f,10488,1,lossless_jpeg_metadata_strip_preserve_orientation_v2,,,
datasets/corn-field-pest-v2/train/grasshopper_unknown/img_7b70ab5e36bf76b062f46d84.jpg,train,grasshopper_unknown,ccmt,CC BY 4.0,grp_7b8e217a15c34352478a58ab,eb0fa5128c94d4ee61f1aa227a56c13f0d69f3d17af38f239c072db43310d353,51023,1,lossless_jpeg_metadata_strip_preserve_orientation_v2,,,
datasets/corn-field-pest-v2/train/leaf_beetle_unknown/img_5eeec6007e6a1b2d6ce61aea.jpg,train,leaf_beetle_unknown,ccmt,CC BY 4.0,grp_be69c8def7c421afadd510e0,990f43400f85d8495ca4c7dfa9f51c9a38a0fc6fc2913ce9f2112bb4782bff0d,37935,1,lossless_jpeg_metadata_strip_preserve_orientation_v2,,,
datasets/corn-field-pest-v2/val/grasshopper_unknown/img_5cd5d953bb6252ed5a1d47ba.jpg,val,grasshopper_unknown,ccmt,CC BY 4.0,grp_30da002e9c5314092dab3036,33f2af72c45ccf46e2435ef69e7fe872f9e401704ee137c608b7df7b293ab003,44768,1,lossless_jpeg_metadata_strip_preserve_orientation_v2,,,
datasets/corn-field-pest-v2/train/grasshopper_unknown/img_3f64d633f7b088fba6d75228.jpg,train,grasshopper_unknown,ccmt,CC BY 4.0,grp_990c6468409845352f913382,98fb03d99f12f691c1b6a510f339a9b09147251cde85490660ad31aee7d18c13,51468,1,lossless_jpeg_metadata_strip_preserve_orientation_v2,,,
datasets/corn-field-pest-v2/train/leaf_beetle_unknown/img_ec0b5b2c7dc6c96e32f0e597.jpg,train,leaf_beetle_unknown,ccmt,CC BY 4.0,grp_d8681d67ebaf2796aa4d1e08,9331c455df5a1c1e482ae0fe649791f4cd5edfb807b041145fde00d6906b58f4,42762,1,lossless_jpeg_metadata_strip_preserve_orientation_v2,,,
datasets/corn-field-pest-v2/val/leaf_beetle_unknown/img_b9d4daef0031afd6ec393707.jpg,val,leaf_beetle_unknown,ccmt,CC BY 4.0,grp_67861c06f3f4e6a802e3f7bd,048d398fd84cb6daee08de5e94c0a9069f2a40b850add4a86a3225a2768e88a3,33255,1,lossless_jpeg_metadata_strip_preserve_orientation_v2,,,
datasets/corn-field-pest-v2/train/healthy/img_1bbea3f7923d3cf5c7966497.jpg,train,healthy,ccmt,CC BY 4.0,grp_ec161c0364f23451f0a73274,77a7bedfa3aa5f84b4297c954b9bed0309945e066564de3c4e29e37bafb9ad4e,40202,1,lossless_jpeg_metadata_strip_preserve_orientation_v2,,,
datasets/corn-field-pest-v2/train/fall_armyworm/img_3111dc99b603df7f3b833a78.jpg,train,fall_armyworm,ccmt,CC BY 4.0,grp_a54927299d952041e0e2f4eb,8bc09f8c92de9070af713fc1c9b94a9da1d689e0fa54ba368163acebb0659b4f,46051,1,lossless_jpeg_metadata_strip_preserve_orientation_v2,,,
datasets/corn-field-pest-v2/train/maize_aphid_unknown/img_94231a29e085efec1abb337c.jpg,train,maize_aphid_unknown,yeesi,CC BY 4.0,grp_f29ddf78d40f1505d1a47f44,044e262eb929f7576ab0d3de5b0cc5ac1145d3182bb3989d8137a4d7a8dfa1a4,3748268,1,lossless_jpeg_metadata_strip_preserve_orientation_v2,,,
datasets/corn-field-pest-v2/val/fall_armyworm/img_db4165421d001b32786c0b37.jpg,val,fall_armyworm,ccmt,CC BY 4.0,grp_9434f8f2643fdc76e090c967,29cca5cd942f6637185677fe06c026e76602f9f65826e5551109e1111338e7e6,44918,1,lossless_jpeg_metadata_strip_preserve_orientation_v2,,,
datasets/corn-field-pest-v2/train/grasshopper_unknown/img_aa4a62a9b38340b652eec56b.jpg,train,grasshopper_unknown,ccmt,CC BY 4.0,grp_79aa585e6985d66a2bc38a0e,97f714d9113e8892bd420e36d79eb61cfd0f63a982f712dbf840828d21760313,67597,1,lossless_jpeg_metadata_strip_preserve_orientation_v2,,,
datasets/corn-field-pest-v2/train/grasshopper_unknown/img_ceb44ed94f8948a17bbea29a.jpg,train,grasshopper_unknown,ccmt,CC BY 4.0,grp_a25347c2ece6673739f796dc,3cffa154638a624a5b409c5f5855ea196767380ba3afd4a15088d9a00199a260,25054,1,lossless_jpeg_metadata_strip_preserve_orientation_v2,,,
datasets/corn-field-pest-v2/train/leaf_beetle_unknown/img_4d306343e61f0e94e1e96529.jpg,train,leaf_beetle_unknown,ccmt,CC BY 4.0,grp_300691bd70f98a5c35273e47,6841748c55addd942d47211215403ca331150e071e8f35f56e7e592f30e1e93c,32749,1,lossless_jpeg_metadata_strip_preserve_orientation_v2,,,
datasets/corn-field-pest-v2/train/leaf_beetle_unknown/img_2f9e3853bf5719c5d4447d26.jpg,train,leaf_beetle_unknown,ccmt,CC BY 4.0,grp_c88728e85f0ea29a0ccb31b8,982f0205f2508e39b6374fe0942dde1c1891a1b3920a17242373866d8e9b1f9c,41307,1,lossless_jpeg_metadata_strip_preserve_orientation_v2,,,
datasets/corn-field-pest-v2/train/fall_armyworm/img_4646a67458c5b1d1e60417f9.jpg,train,fall_armyworm,tom2024,CC BY 4.0,grp_f71353d83372d55fe79bab26,06d10b5193939a3d8e98bcb63b70ddc37a0b461eaf731235d6a34dc1a02955ab,8495,1,lossless_jpeg_metadata_strip_preserve_orientation_v2,,,
datasets/corn-field-pest-v2/train/healthy/img_0058cbd92b7214388aa09e63.jpg,train,healthy,ccmt,CC BY 4.0,grp_6bd9817d7d48569ee65be788,8fdd5da829413894480cb08c2dc343e25a570ebf4be232c10796a707e2a457b0,38914,1,lossless_jpeg_metadata_strip_preserve_orientation_v2,,,
datasets/corn-field-pest-v2/train/healthy/img_5334163ee7f5baf0a719a969.jpg,train,healthy,tom2024,CC BY 4.0,grp_40239afba312820b68524f1f,22d1b0c0a2467584bd1310dee3252c65ec86d1ed1cd0e0daa0bec0f00252f3d4,6702,1,lossless_jpeg_metadata_strip_preserve_orientation_v2,,,
datasets/corn-field-pest-v2/train/healthy/img_ae7b7bf4bf7400224e677ecd.jpg,train,healthy,tom2024,CC BY 4.0,grp_8a9e232ecbf30b929598b194,fbfff461f405f69bf6d2a62c5d1c34132cff892ec2b19b988535a3de0d62ac16,3578,1,lossless_jpeg_metadata_strip_preserve_orientation_v2,,,
datasets/corn-field-pest-v2/val/fall_armyworm/img_596076bb3fde4dd53a2d70b7.jpg,val,fall_armyworm,tom2024,CC BY 4.0,grp_9531f7dddf35e990e702932d,0c77ba3c06f083ef2ea4acf3e77559eaa4d430feb5b9fe4217f075aeb8702d7f,12652,1,lossless_jpeg_metadata_strip_preserve_orientation_v2,,,
datasets/corn-field-pest-v2/train/healthy/img_0bbebac424e859af74d05f68.jpg,train,healthy,ccmt,CC BY 4.0,grp_816c1cdd192915a44cfb8a0d,c93f1d4335b19aea07213304863dfda3342b45f11608442ee33e7ab2d9875d93,46108,1,lossless_jpeg_metadata_strip_preserve_orientation_v2,,,
datasets/corn-field-pest-v2/train/fall_armyworm/img_daffb8e0d823e3e22b671957.jpg,train,fall_armyworm,tom2024,CC BY 4.0,grp_aa000f3e600e60d7426e835c,c9abd0b310064ed5485772ca9f1f1fab3f3a80ca34bc493fd7400fc84551b192,8000,1,lossless_jpeg_metadata_strip_preserve_orientation_v2,,,
datasets/corn-field-pest-v2/train/grasshopper_unknown/img_5be391cf66db88e51ad53e93.jpg,train,grasshopper_unknown,ccmt,CC BY 4.0,grp_0c8627de3fd9d68ed09cc1a8,e482de0d4d2755b2dfece383641523b99edc6cca22518dfffb8a138fdf3b68be,40502,1,lossless_jpeg_metadata_strip_preserve_orientation_v2,,,
datasets/corn-field-pest-v2/train/fall_armyworm/img_d63b3845b1be2ef82c01ad92.jpg,train,fall_armyworm,tom2024,CC BY 4.0,grp_bf8bb755be702a727541963d,79c79bbc39b0ab6de452d51c45bc93731b98689459eb5bc68fa6da91f9c7df37,5958,1,lossless_jpeg_metadata_strip_preserve_orientation_v2,,,
datasets/corn-field-pest-v2/val/leaf_beetle_unknown/img_24beff9b1e007378efdf76e3.jpg,val,leaf_beetle_unknown,ccmt,CC BY 4.0,grp_aff5dab413bac455f6d481db,5cb50ca1c840dd95efbc1f1266661b6029c3f752f9c70a916c577fed2138d721,28304,1,lossless_jpeg_metadata_strip_preserve_orientation_v2,,,
datasets/corn-field-pest-v2/train/fall_armyworm/img_70dc756b256e0c006dd74a78.jpg,train,fall_armyworm,tom2024,CC BY 4.0,grp_117b0d31b122d62c14d02a64,b4321265007e8c80d962ee4783d9a3591b1fc00b8e039fc21b6f2da671a63dc1,4733,1,lossless_jpeg_metadata_strip_preserve_orientation_v2,,,
datasets/corn-field-pest-v2/train/healthy/img_c693adb535e0c98be572b4c7.jpg,train,healthy,tom2024,CC BY 4.0,grp_a319521b4c5e1a0c231a74e1,47864aa23c73fcf41a277e72dd66d49d154a9235dae608678e29a097d985cea7,3374,1,lossless_jpeg_metadata_strip_preserve_orientation_v2,,,
datasets/corn-field-pest-v2/train/fall_armyworm/img_971591a076a50dbcd4f9bf20.jpg,train,fall_armyworm,tom2024,CC BY 4.0,grp_ee2fc7dc8ae587f1fc8bf40f,11460a4068e5caeb061803917355e87de5546a2e7d55fb4b414748ea5551385d,4434,1,lossless_jpeg_metadata_strip_preserve_orientation_v2,,,
datasets/corn-field-pest-v2/train/leaf_beetle_unknown/img_a6005eb0a48ac377f3e79a2f.jpg,train,leaf_beetle_unknown,ccmt,CC BY 4.0,grp_a8834617ff3408d82f8cb0f4,96bdf56c4861f465f35add67751768177392708372941c5e43fb3868d0ea6851,63077,1,lossless_jpeg_metadata_strip_preserve_orientation_v2,,,
datasets/corn-field-pest-v2/train/leaf_beetle_unknown/img_349a3f8d941fc0f52b02b4d3.jpg,train,leaf_beetle_unknown,ccmt,CC BY 4.0,grp_35da65eb3392b18a82c1732a,538344f9b8c4083d6d8208af5e0b646979a2032a33c11dc1ca3b8127782ea518,21311,1,lossless_jpeg_metadata_strip_preserve_orientation_v2,,,
datasets/corn-field-pest-v2/val/leaf_beetle_unknown/img_cf3421d0c1beaa4efe12a8f6.jpg,val,leaf_beetle_unknown,ccmt,CC BY 4.0,grp_2a1dfc706c9111a3e21dd9e9,d70341e319083ba21ccb3c516d02ed2922b4bb57c9a4e3c91064285fe209ecef,34141,1,lossless_jpeg_metadata_strip_preserve_orientation_v2,,,
datasets/corn-field-pest-v2/train/grasshopper_unknown/img_cdb7c60e7aaf2740fca5fdb0.jpg,train,grasshopper_unknown,ccmt,CC BY 4.0,grp_f0624c21a61018a83978096f,4fc6c4f62cc87de5928832d3a323656f64df23adbf58d05abbcd76769edfa95d,35432,1,lossless_jpeg_metadata_strip_preserve_orientation_v2,,,
datasets/corn-field-pest-v2/train/healthy/img_ef85305c74f91cc4489e6487.jpg,train,healthy,tom2024,CC BY 4.0,grp_353c3fd4159b94b30f6f74bc,54010e38963a12158516ffdc000b01f27e7d122918822f306a31622752a482bc,3974,1,lossless_jpeg_metadata_strip_preserve_orientation_v2,,,
datasets/corn-field-pest-v2/train/fall_armyworm/img_595203a1910c2ec904a4d55f.jpg,train,fall_armyworm,ccmt,CC BY 4.0,grp_d3098f3f5e962e01e3a75e78,6ab4fe2346d649fc4d0a3f3e347b1a331b1a91ea026d221fca527f0726f5d434,71816,1,lossless_jpeg_metadata_strip_preserve_orientation_v2,,,
datasets/corn-field-pest-v2/train/leaf_beetle_unknown/img_17830322112f6f5f899b81dc.jpg,train,leaf_beetle_unknown,ccmt,CC BY 4.0,grp_bf9c7cd0a5732e9665e518ca,45d0bb862f082eb7b14bfa99a4cc3e98f088d638cb0f5e6a744b2c9155509055,33038,1,lossless_jpeg_metadata_strip_preserve_orientation_v2,,,
datasets/corn-field-pest-v2/train/healthy/img_86f1786ca1b0b33a84aa8f09.jpg,train,healthy,tom2024,CC BY 4.0,grp_1b66e2c01d30b06ce8be19cf,b74b6728feea42ab47c805f95005c103c90bba2b9cbddad6ead3c15752a941d3,13355,1,lossless_jpeg_metadata_strip_preserve_orientation_v2,,,
datasets/corn-field-pest-v2/train/grasshopper_unknown/img_bcfd6ec0a8fb356bb6f15b38.jpg,train,grasshopper_unknown,ccmt,CC BY 4.0,grp_c99cc3e5af485e60e66f4dcb,89a15dd4d1c6bd3a9bf89762f5b144ef6e6230ee3810ead867e6ba73becc240f,23265,1,lossless_jpeg_metadata_strip_preserve_orientation_v2,,,
datasets/corn-field-pest-v2/train/leaf_beetle_unknown/img_baa0f4a9b7987af8f0c28a5d.jpg,train,leaf_beetle_unknown,ccmt,CC BY 4.0,grp_22b50dc1080db4db06298ef4,22fcdf59caf4b3c32597b088145d0ab77755a863b6138dd7b530d63d7a8f617d,36889,1,lossless_jpeg_metadata_strip_preserve_orientation_v2,,,
datasets/corn-field-pest-v2/train/leaf_beetle_unknown/img_2eaeb258719df5fcb7a60c27.jpg,train,leaf_beetle_unknown,ccmt,CC BY 4.0,grp_4a76fc083f615728951e2171,c8c36e20925abaf27b22fb2211badc2f8603e58d11ba2d00b5476d8660fe3c85,25854,1,lossless_jpeg_metadata_strip_preserve_orientation_v2,,,
datasets/corn-field-pest-v2/train/fall_armyworm/img_71203d49d1e6c4590000e6fa.jpg,train,fall_armyworm,tom2024,CC BY 4.0,grp_cede376df04c04be3fcc6d1b,692df89c9c197ae58c6a84f777e576568699c1f737beafbbbaab77d3c94e1f39,8161,1,lossless_jpeg_metadata_strip_preserve_orientation_v2,,,
datasets/corn-field-pest-v2/train/leaf_beetle_unknown/img_91dabddf39dcdc0f7a37f858.jpg,train,leaf_beetle_unknown,ccmt,CC BY 4.0,grp_4d1811f44654573d659a3bc9,a237724feea2c0a2710b1b2b4aba442f059a0e4048c96cd007337cd038958826,23411,1,lossless_jpeg_metadata_strip_preserve_orientation_v2,,,
datasets/corn-field-pest-v2/train/leaf_beetle_unknown/img_625600518c6f5584921af62c.jpg,train,leaf_beetle_unknown,ccmt,CC BY 4.0,grp_5df32cc1bb880780a890c1ac,3b9616096153408bb892fa68f78bbfbfcad09d4522677bff7963a1ef1ce3e131,33327,1,lossless_jpeg_metadata_strip_preserve_orientation_v2,,,
datasets/corn-field-pest-v2/val/grasshopper_unknown/img_2d09ef73d3a84e75861093d6.jpg,val,grasshopper_unknown,ccmt,CC BY 4.0,grp_b43053af11fb326c8cf4decb,18d6d87da9cafbb29d09a9c83f2342a0265ff80c7786a5b53d31a792349cd315,42763,1,lossless_jpeg_metadata_strip_preserve_orientation_v2,,,
datasets/corn-field-pest-v2/train/fall_armyworm/img_f925fc8d7c667c50e4351c33.jpg,train,fall_armyworm,ccmt,CC BY 4.0,grp_343cedd4b5725594894aec86,2e5b6aa1dc58a003d56eb310e24486765a18ebd7fe45f336668196f0f72d0219,56930,1,lossless_jpeg_metadata_strip_preserve_orientation_v2,,,
datasets/corn-field-pest-v2/train/leaf_beetle_unknown/img_c07649f8fe56b5e6e15b17b4.jpg,train,leaf_beetle_unknown,ccmt,CC BY 4.0,grp_b151e47efd76dc3bb5014f1e,c88005effb57bd7416efeb507df94433179530de904771686a8cde1d9adbe9a9,22040,1,lossless_jpeg_metadata_strip_preserve_orientation_v2,,,
datasets/corn-field-pest-v2/train/fall_armyworm/img_81e4c8ba3a7d53abcb3c8f3d.jpg,train,fall_armyworm,ccmt,CC BY 4.0,grp_cf106b7692dba60e249b650b,8891a23576867acaae830b63c706efa6d83a01e678258cb6e630b39073f6572b,45947,1,lossless_jpeg_metadata_strip_preserve_orientation_v2,,,
datasets/corn-field-pest-v2/train/leaf_beetle_unknown/img_904eceb954f92d8c3eac2ae3.jpg,train,leaf_beetle_unknown,ccmt,CC BY 4.0,grp_c93914b77bd946e71a985cc6,2c640de4a5803d36e6e87e987a7066983b84a8b888f5b2a0e2ee3a2b310803d8,40021,1,lossless_jpeg_metadata_strip_preserve_orientation_v2,,,
datasets/corn-field-pest-v2/train/healthy/img_bb67c886540d9695b2d1e1ed.jpg,train,healthy,ccmt,CC BY 4.0,grp_ab094cbf9b8adeca9f257d9e,880a86c35ce6e3af416ae12185a5c7318726b110e9780b9d642eaef685d0979f,35488,1,lossless_jpeg_metadata_strip_preserve_orientation_v2,,,
datasets/corn-field-pest-v2/train/grasshopper_unknown/img_7f63a3086e8466c5877ff218.jpg,train,grasshopper_unknown,ccmt,CC BY 4.0,grp_a4b312bfe01638ffac97c655,57192919c96050486ee1c9db3a8716ab4548c0c1ebcae4195f652e5e95e8341c,40419,1,lossless_jpeg_metadata_strip_preserve_orientation_v2,,,
datasets/corn-field-pest-v2/train/fall_armyworm/img_0ebef36f895d585a4edf214c.jpg,train,fall_armyworm,ccmt,CC BY 4.0,grp_1ab75dbb5253de1ddb88512d,a8d470951c0a8a76f1778b58e417892ec891538c258759f9c47549251a705fbb,55443,1,lossless_jpeg_metadata_strip_preserve_orientation_v2,,,
datasets/corn-field-pest-v2/train/grasshopper_unknown/img_33bb1a85061931fcd4ef3bd3.jpg,train,grasshopper_unknown,ccmt,CC BY 4.0,grp_b67aafa831daa56c6140d0c2,a7528d4ea035a719cda56252b0c80e6c5ce9f052c585d61fb99ddddd84a9d5bf,47264,1,lossless_jpeg_metadata_strip_preserve_orientation_v2,,,
datasets/corn-field-pest-v2/train/fall_armyworm/img_627d0fd1d1e18fb1b3efdf8c.jpg,train,fall_armyworm,tom2024,CC BY 4.0,grp_b5a272870acdc7c4dc4a05ec,797040ba085c79b384f5b4a8fde16dfa0b44e9d46e025d1ec86c27253b262338,2803,1,lossless_jpeg_metadata_strip_preserve_orientation_v2,,,
datasets/corn-field-pest-v2/train/grasshopper_unknown/img_23b3fae0651e18f27dac8ff3.jpg,train,grasshopper_unknown,ccmt,CC BY 4.0,grp_47db7f91ce6d024971e5f267,a5a2d795edd5d3ad35b93bece336933c754cc05bb103fedde3579fffcd71252c,34011,1,lossless_jpeg_metadata_strip_preserve_orientation_v2,,,
datasets/corn-field-pest-v2/train/leaf_beetle_unknown/img_4dcbe92b03ad0e8ceb50576d.jpg,train,leaf_beetle_unknown,ccmt,CC BY 4.0,grp_ca350bd3e53c5587973f27ac,36564feda1b04f90d9dc2519f2ac681953ec6cf7f22ed7d63c01cb389033c35a,26662,1,lossless_jpeg_metadata_strip_preserve_orientation_v2,,,
datasets/corn-field-pest-v2/train/grasshopper_unknown/img_fc0ddb7e458b52716fbc6359.jpg,train,grasshopper_unknown,ccmt,CC BY 4.0,grp_7205bf3cdfacf0cdc91887f3,872a82f3068e75b078d64b42d6878e44d1102b97170273074a1809185719f822,45850,1,lossless_jpeg_metadata_strip_preserve_orientation_v2,,,
datasets/corn-field-pest-v2/train/healthy/img_ab0ff12daf57e03f629b9034.jpg,train,healthy,ccmt,CC BY 4.0,grp_8df1770834387257093132eb,c29b097378cea3df4cc6ce53f2685c4efb6979916fd95b5ec177e36688f6e436,41160,1,lossless_jpeg_metadata_strip_preserve_orientation_v2,,,
datasets/corn-field-pest-v2/train/healthy/img_ff0cb4f06346a52bbe4ac78c.jpg,train,healthy,ccmt,CC BY 4.0,grp_1325804a9469e1e1fe6e0012,e149f1d336026ba815f9afb631949fbc98d757031a535384eafb22c34cc78652,50013,1,lossless_jpeg_metadata_strip_preserve_orientation_v2,,,
datasets/corn-field-pest-v2/train/leaf_beetle_unknown/img_b49e446e83ad4e36f427f085.jpg,train,leaf_beetle_unknown,ccmt,CC BY 4.0,grp_ecd584f2497fac62d045b9c6,d7000c0f9de76c438c2cd52eb3c35b91a6d49a0c9e04cc08c3b79ca5b8b74636,37190,1,lossless_jpeg_metadata_strip_preserve_orientation_v2,,,
datasets/corn-field-pest-v2/train/grasshopper_unknown/img_9793b9ad1ba9dbdffd8a8266.jpg,train,grasshopper_unknown,ccmt,CC BY 4.0,grp_69a672a0946c295f2884ea14,2230628e0215666992e89e7cd96e1cbbf6309c71f3e9843df4cd6238b99bbee7,43194,1,lossless_jpeg_metadata_strip_preserve_orientation_v2,,,
datasets/corn-field-pest-v2/train/grasshopper_unknown/img_e2623e647ad0333c4d555b7f.jpg,train,grasshopper_unknown,ccmt,CC BY 4.0,grp_85585e60dfd89edc0c164ec9,c4add46df7a064c1d1f113254fa6512aff5babf30dc205be5cd58e8bd3530e1b,37769,1,lossless_jpeg_metadata_strip_preserve_orientation_v2,,,
datasets/corn-field-pest-v2/train/healthy/img_79e2c93b6ec2bdbaad5d9b1f.jpg,train,healthy,ccmt,CC BY 4.0,grp_874aaeb147182d96a3a546e9,3b66fa3cda2d26b986f595d9a16ea7506c9073a67751f0261b8045df8cf5f319,52977,1,lossless_jpeg_metadata_strip_preserve_orientation_v2,,,
datasets/corn-field-pest-v2/train/healthy/img_8c788ad60408a270a1177d5f.jpg,train,healthy,tom2024,CC BY 4.0,grp_19481966812e32637ef5848c,5e1cad02e86e9197bab65be3f7924c5b7a2add75475d8ffa897ac37eaf1d0674,4203,1,lossless_jpeg_metadata_strip_preserve_orientation_v2,,,
datasets/corn-field-pest-v2/train/healthy/img_46caee9f4a29d36e9ba88021.jpg,train,healthy,ccmt,CC BY 4.0,grp_ce700a85237abd1700f9595d,eae658754e1c01afff3a03dacb773f1d38fd5486d8132a89a19f93aa70595cac,50831,1,lossless_jpeg_metadata_strip_preserve_orientation_v2,,,
datasets/corn-field-pest-v2/train/healthy/img_e7748b62d4926d4e9bf8ab85.jpg,train,healthy,ccmt,CC BY 4.0,grp_b333314181dbe7f472352535,12afe3f8a6068f8e27922ab4380c3a3834c8f655cf0803144c97962057640dda,48858,1,lossless_jpeg_metadata_strip_preserve_orientation_v2,,,
datasets/corn-field-pest-v2/train/grasshopper_unknown/img_4357baa9324f37cf76cad838.jpg,train,grasshopper_unknown,ccmt,CC BY 4.0,grp_cf608ad00461219a0217d269,69162688b331aea35a466cad932bc17c91cbd94e02249066e4883206e20ac78c,55130,1,lossless_jpeg_metadata_strip_preserve_orientation_v2,,,
datasets/corn-field-pest-v2/train/leaf_beetle_unknown/img_3332407568cd6c624d1d1b22.jpg,train,leaf_beetle_unknown,ccmt,CC BY 4.0,grp_efb2446957399c42b6962a2e,91b1a26b8e320178e535515d6d403ac3684ff995eafd1064995d9a518e5c9b8a,21850,1,lossless_jpeg_metadata_strip_preserve_orientation_v2,,,
datasets/corn-field-pest-v2/train/healthy/img_badc1b56c2dedb1d72251575.jpg,train,healthy,ccmt,CC BY 4.0,grp_ecc5ccbacef44fcaa692d910,55cb539210d2c5e8373639b8b483975176914740ed8147a008727d9c7298e9bc,37609,1,lossless_jpeg_metadata_strip_preserve_orientation_v2,,,
datasets/corn-field-pest-v2/train/grasshopper_unknown/img_6d7fe8eef0b8e46152cd2fdb.jpg,train,grasshopper_unknown,ccmt,CC BY 4.0,grp_cbf737e68398b6f031062c83,c42f324bae51d9152ba6747e8cd9d298f567162c147db4462aa82a0ec1171249,42913,1,lossless_jpeg_metadata_strip_preserve_orientation_v2,,,
datasets/corn-field-pest-v2/train/healthy/img_b942b3318a86cca257efb655.jpg,train,healthy,tom2024,CC BY 4.0,grp_990331be1e4d294d93a7c7e3,49e746f007dc8c1019eab38781282cfbd722eae064e9405c0878dce71a4d6e5b,14423,1,lossless_jpeg_metadata_strip_preserve_orientation_v2,,,
datasets/corn-field-pest-v2/train/maize_aphid_unknown/img_5b02ff652b9e0474aafda9b1.jpg,train,maize_aphid_unknown,yeesi,CC BY 4.0,grp_e37eb7f71d9e27f224f6bd58,58cb6a7be4dbd76af9172438fe92b88a3615365956b3bbc51bec6d3f7a1673e5,6112153,6,lossless_jpeg_metadata_strip_preserve_orientation_v2,,,
datasets/corn-field-pest-v2/val/grasshopper_unknown/img_82da5a5101a604bd21db7a0c.jpg,val,grasshopper_unknown,ccmt,CC BY 4.0,grp_599ab14404f6b181db492e63,f9e87bdab4f9e3ce051b8f94dbbeac861a8d7834317167967bc7f24bfc797dff,25208,1,lossless_jpeg_metadata_strip_preserve_orientation_v2,,,
datasets/corn-field-pest-v2/train/fall_armyworm/img_b49e3b1316a0ab68cca2e618.jpg,train,fall_armyworm,ccmt,CC BY 4.0,grp_c8d762e6580a685e0d861973,a7df54650044d351b354d13211240b2f5f0eaa318fc2a5d019b124f0209481cd,28161,1,lossless_jpeg_metadata_strip_preserve_orientation_v2,,,
datasets/corn-field-pest-v2/train/grasshopper_unknown/img_3f796b003246c99d6360ee2d.jpg,train,grasshopper_unknown,ccmt,CC BY 4.0,grp_7c8d3eedf89cac2963714cf8,3824663e40f155bdedfb0f6fb1cbbe1823147f13ba24ae5f0d48c1d48220e2a3,45705,1,lossless_jpeg_metadata_strip_preserve_orientation_v2,,,
datasets/corn-field-pest-v2/train/leaf_beetle_unknown/img_21f50b9e3eb6e0057f4bdada.jpg,train,leaf_beetle_unknown,ccmt,CC BY 4.0,grp_8b57f49e6c51af8e5de824b1,caec60bc9d806513153cb7cc86ca36954f88cd6de352774d79e3cec12021b1eb,27375,1,lossless_jpeg_metadata_strip_preserve_orientation_v2,,,
datasets/corn-field-pest-v2/train/fall_armyworm/img_d35b811f62ff5358539baeed.jpg,train,fall_armyworm,tom2024,CC BY 4.0,grp_a313ff9b69ddb82afb354698,415d09e8f0f5402cb1b2277f6011ff2a8b0cffd092bf30157de9921dee2749cb,7632,1,lossless_jpeg_metadata_strip_preserve_orientation_v2,,,
datasets/corn-field-pest-v2/train/healthy/img_bf0f105031e621e111462a8c.jpg,train,healthy,ccmt,CC BY 4.0,grp_b8e2d208e44364abbe1de6b8,cf3ff01906e4f582f1e37a622cf1cc3bc820104a14e32c9ef9d100e28b9c4c5a,55551,1,lossless_jpeg_metadata_strip_preserve_orientation_v2,,,
datasets/corn-field-pest-v2/train/leaf_beetle_unknown/img_41168c79a20cbd14280be5e1.jpg,train,leaf_beetle_unknown,ccmt,CC BY 4.0,grp_120a6fb41dc755cef8074129,5fb34070b89a5c40ac5f50a690d83060dfa841dbe0e852ffe9236d04197f3211,29153,1,lossless_jpeg_metadata_strip_preserve_orientation_v2,,,
datasets/corn-field-pest-v2/train/fall_armyworm/img_889141d2470f3fa059bc2e87.jpg,train,fall_armyworm,tom2024,CC BY 4.0,grp_0b7cc6195d2f68f156a00b04,aee46c9180cfdba953a7fd0020024073a0c5a880801f8a6380594ae967080cf3,21074,1,lossless_jpeg_metadata_strip_preserve_orientation_v2,,,
datasets/corn-field-pest-v2/train/leaf_beetle_unknown/img_e41874d5b14a8443020d710d.jpg,train,leaf_beetle_unknown,ccmt,CC BY 4.0,grp_849d96280352f0913144f0b2,25a1913888a40ca3c78fc09c93d930fcb6580abeb14ea57a7d80520fa1cfb535,32936,1,lossless_jpeg_metadata_strip_preserve_orientation_v2,,,
datasets/corn-field-pest-v2/val/fall_armyworm/img_d020bbd48b1293b14fef7faa.jpg,val,fall_armyworm,ccmt,CC BY 4.0,grp_7fca1f467172d3ded6f3f4e2,0ba2aeecfef60ffb6595542f20faf797d089bbbaef3965900e5829809b373246,77509,1,lossless_jpeg_metadata_strip_preserve_orientation_v2,,,
datasets/corn-field-pest-v2/train/fall_armyworm/img_8e447abcc073b1e0d02e24e2.jpg,train,fall_armyworm,ccmt,CC BY 4.0,grp_1b940680d0dc9d32408ff07b,6c9a60e58730fd70598bb8ac5bb505bf8df1ff712636dbe5acdd0dfb14983364,64268,1,lossless_jpeg_metadata_strip_preserve_orientation_v2,,,
datasets/corn-field-pest-v2/val/grasshopper_unknown/img_b33c1a42e724cf5e6637fc58.jpg,val,grasshopper_unknown,ccmt,CC BY 4.0,grp_283bca39371ec75936485c08,25798ce7f8a30fc15ee02bbc92f5e124de53f3f0daf39fd7904212b63cbe5ced,41998,1,lossless_jpeg_metadata_strip_preserve_orientation_v2,,,
datasets/corn-field-pest-v2/train/fall_armyworm/img_b5edb49c8a50780854cdc3db.jpg,train,fall_armyworm,tom2024,CC BY 4.0,grp_3f5214ade2b9d3ea9b751f2a,d5de2ec26d975c64936c685815cced66e609d6dd7d35becb692df7e6b33a5f36,3823,1,lossless_jpeg_metadata_strip_preserve_orientation_v2,,,
datasets/corn-field-pest-v2/train/maize_aphid_unknown/img_8d2a123dc74f6dacbd75290c.jpg,train,maize_aphid_unknown,yeesi,CC BY 4.0,grp_ed471b353f4a6b148da3d189,843cf56f70052e4eac4dfbfaf1589c13549467cd8998944813a54d16fbfbebd8,1745490,1,lossless_jpeg_metadata_strip_preserve_orientation_v2,,,
datasets/corn-field-pest-v2/train/grasshopper_unknown/img_5b70eca51bd0f81f10672230.jpg,train,grasshopper_unknown,ccmt,CC BY 4.0,grp_42e677541e6d1f59bcbb3c1e,43ae9094f5edab985871dcd44201dcf010fa1d90a33e67696f200ded12339a8c,66184,1,lossless_jpeg_metadata_strip_preserve_orientation_v2,,,
datasets/corn-field-pest-v2/val/fall_armyworm/img_633429e60ed47c954c5edb96.jpg,val,fall_armyworm,ccmt,CC BY 4.0,grp_2c6290c2c18e522b467ad07c,2eb7002fcedd5e949a1cf428e5d464164c9cdb685e74424c994b0584e1a9a3fc,26825,1,lossless_jpeg_metadata_strip_preserve_orientation_v2,,,
datasets/corn-field-pest-v2/train/grasshopper_unknown/img_aa0dcd69e98f78ead60708b7.jpg,train,grasshopper_unknown,ccmt,CC BY 4.0,grp_8b33a15b86c2d07d5545a0b3,7fc05d250262022f6b174bc8e3d7ae766a5ffff25b3c178bf783712407b2ef3c,25121,1,lossless_jpeg_metadata_strip_preserve_orientation_v2,,,
datasets/corn-field-pest-v2/val/fall_armyworm/img_a0db2efc8c1001db2fadad9a.jpg,val,fall_armyworm,tom2024,CC BY 4.0,grp_8b21159d827c04768d498759,1d4367b0dd2f17ac36d1c3b97ab4d43623a5c95cda4569746cf26d2a767f01d7,3389,1,lossless_jpeg_metadata_strip_preserve_orientation_v2,,,
datasets/corn-field-pest-v2/train/fall_armyworm/img_f6bb64fc71e22237a560aed9.jpg,train,fall_armyworm,tom2024,CC BY 4.0,grp_c09d8d28f1abe6330e767af5,cb3424adab203cc331c581e83921e2a892ed344b376e1443b669628a48e04312,7409,1,lossless_jpeg_metadata_strip_preserve_orientation_v2,,,
datasets/corn-field-pest-v2/train/leaf_beetle_unknown/img_0862f13817623120f17c80ee.jpg,train,leaf_beetle_unknown,ccmt,CC BY 4.0,grp_72215c0b88e0cfa20768ec16,aa81ef5f573b853c27909715d0801afb4bcc19c300693ec780f58108190e8e7c,33032,1,lossless_jpeg_metadata_strip_preserve_orientation_v2,,,
datasets/corn-field-pest-v2/train/leaf_beetle_unknown/img_469f99531706575d609d11e8.jpg,train,leaf_beetle_unknown,ccmt,CC BY 4.0,grp_5e7b486469286511e0c4f29e,b76d8021526a21754255e6ce51524a7d4d6770efbe14d4d0f24572db8ecc85af,17568,1,lossless_jpeg_metadata_strip_preserve_orientation_v2,,,
datasets/corn-field-pest-v2/train/leaf_beetle_unknown/img_391117a07ef2599b9f01fe09.jpg,train,leaf_beetle_unknown,ccmt,CC BY 4.0,grp_fc0399698374030d53241171,864c820f20028864e90d94cf9c0acfea3da7660d75ad628d4f4921952eb597c7,40878,1,lossless_jpeg_metadata_strip_preserve_orientation_v2,,,
datasets/corn-field-pest-v2/train/grasshopper_unknown/img_9c972443a951f7e5ae91f7d7.jpg,train,grasshopper_unknown,ccmt,CC BY 4.0,grp_6ffc5035b66e0fb01d04ca78,300cd073b5266a6628612d203a3f406dcfde68c42a74ca9af74eed3a28f979dc,40462,1,lossless_jpeg_metadata_strip_preserve_orientation_v2,,,
datasets/corn-field-pest-v2/val/healthy/img_4a588c5993ba9d702b4834b8.jpg,val,healthy,ccmt,CC BY 4.0,grp_2fcfd5b520fc7ca6cc0efede,65fd1b2198ee5cd3d92cbba2e0749b58e2d20b52cbfb48e75d8fc97b263140a1,48102,1,lossless_jpeg_metadata_strip_preserve_orientation_v2,,,
datasets/corn-field-pest-v2/train/fall_armyworm/img_2806a2dd612dfbe75adb1777.jpg,train,fall_armyworm,ccmt,CC BY 4.0,grp_01bdcabc1ee1c6bc7664996d,82a536897421d11eea9fe8d6a4c2d156184d24de24b5e1347192a0c868565ab4,34642,1,lossless_jpeg_metadata_strip_preserve_orientation_v2,,,
datasets/corn-field-pest-v2/train/leaf_beetle_unknown/img_7309c0eb36f21988ae19cdce.jpg,train,leaf_beetle_unknown,ccmt,CC BY 4.0,grp_1260a6055dc61e0607b4f5d4,7b496c70c21d3410a370031a99c157444d0187cd32003814ce2a5ab74bdd077f,33476,1,lossless_jpeg_metadata_strip_preserve_orientation_v2,,,
datasets/corn-field-pest-v2/val/healthy/img_30527a5b1f34a61548da6b35.jpg,val,healthy,ccmt,CC BY 4.0,grp_832a56ef57b9491d68570271,85e46053bc991505c39cf32575f74cc89519095619ee5613a25d1e3710a10e2b,45111,1,lossless_jpeg_metadata_strip_preserve_orientation_v2,,,
datasets/corn-field-pest-v2/val/leaf_beetle_unknown/img_4bc5d121ec2c456ba48431bb.jpg,val,leaf_beetle_unknown,ccmt,CC BY 4.0,grp_bf53153fb1737a2f3179ac6b,078895f22c05c021b6c55e2e3c8cb5b93f3ed060677a8b34688ba62dcaff1aa7,27149,1,lossless_jpeg_metadata_strip_preserve_orientation_v2,,,
datasets/corn-field-pest-v2/val/leaf_beetle_unknown/img_f0460eed3ed3f92873e846f5.jpg,val,leaf_beetle_unknown,ccmt,CC BY 4.0,grp_857ad802eb4d14b74d086ca3,a5c54d041c05f260e0117cc267dbabd798d2221d77a1583b392267e1903831d5,30175,1,lossless_jpeg_metadata_strip_preserve_orientation_v2,,,
datasets/corn-field-pest-v2/train/leaf_beetle_unknown/img_4e0349bd52364cb3c6ac6bbe.jpg,train,leaf_beetle_unknown,ccmt,CC BY 4.0,grp_2d389971ad61986e42b377f6,a5ffa88ae1a5107e64fdeac1b1538729a8920e4cfc73fb4910505bd03a37d2e9,31157,1,lossless_jpeg_metadata_strip_preserve_orientation_v2,,,
datasets/corn-field-pest-v2/train/leaf_beetle_unknown/img_dfaa11602740aeb137a4f7f7.jpg,train,leaf_beetle_unknown,ccmt,CC BY 4.0,grp_d3190b944740bd186cbdff58,025aa0be32bdb2e63b2f70050461e5e3854de974253d95aaa5dc372300b8f5f1,31208,1,lossless_jpeg_metadata_strip_preserve_orientation_v2,,,
datasets/corn-field-pest-v2/train/healthy/img_d6c7e0e15b51fe9ec49e0b5f.jpg,train,healthy,ccmt,CC BY 4.0,grp_ca4fc177f9ad1417b100a3e6,7944de86f90e45621009ae7ab0a5b8a80d67e96079181c194363acb365ff4027,45837,1,lossless_jpeg_metadata_strip_preserve_orientation_v2,,,
datasets/corn-field-pest-v2/train/grasshopper_unknown/img_8f6a834ffe301608d88ed9c5.jpg,train,grasshopper_unknown,ccmt,CC BY 4.0,grp_bdc7eeabe06b382faf7866f5,2cb908080d1a68fcff589d8b46ac6803f9177f910aa64265dec7bc68e832c768,38018,1,lossless_jpeg_metadata_strip_preserve_orientation_v2,,,
datasets/corn-field-pest-v2/val/leaf_beetle_unknown/img_479f9e637aa8cbca05c4d001.jpg,val,leaf_beetle_unknown,ccmt,CC BY 4.0,grp_0a315778e3659cdc06fafa34,e6892920f6972438f3c6e144ab513efbcb55cdb32c4dbdf07d8e865e0b63bb61,36249,1,lossless_jpeg_metadata_strip_preserve_orientation_v2,,,
datasets/corn-field-pest-v2/train/fall_armyworm/img_4ca4139c07261c84c90c3235.jpg,train,fall_armyworm,tom2024,CC BY 4.0,grp_b54dbfb13486e03661a6f989,297ae670ca6e38af30f320f16ebae55b7d4a3f49e2d8870cc01eaea1dd203834,3301,1,lossless_jpeg_metadata_strip_preserve_orientation_v2,,,
datasets/corn-field-pest-v2/train/fall_armyworm/img_13964b1e1f8e60514a37cea1.jpg,train,fall_armyworm,tom2024,CC BY 4.0,grp_a0682095b7b05614e5b59859,9512232512621686db31e1cb007e6beea7891d94f6a1762d9e9201084455ef47,6034,1,lossless_jpeg_metadata_strip_preserve_orientation_v2,,,
datasets/corn-field-pest-v2/train/leaf_beetle_unknown/img_192a5db6d2eca4af49570fd0.jpg,train,leaf_beetle_unknown,ccmt,CC BY 4.0,grp_41fa369355e597f252bc27f9,ff1da4c037ffc6998c6147567e534ec7d536afe50dfae292ddb70ff85e615104,34724,1,lossless_jpeg_metadata_strip_preserve_orientation_v2,,,
datasets/corn-field-pest-v2/val/fall_armyworm/img_445d21660a94864535245585.jpg,val,fall_armyworm,tom2024,CC BY 4.0,grp_3ff80185c499995178109392,3d4e27e04b77f9fa06df85af9b53a405c840531190deaf60918a0a568de4fe91,11743,1,lossless_jpeg_metadata_strip_preserve_orientation_v2,,,
datasets/corn-field-pest-v2/train/leaf_beetle_unknown/img_57f971fc93061d01235ef572.jpg,train,leaf_beetle_unknown,ccmt,CC BY 4.0,grp_a9abff70f5491cc58feda484,142e6cf9cd1e62b7a4ee6e97ed7258e6a9902af2c9ee94eba49a252b20c5b413,32023,1,lossless_jpeg_metadata_strip_preserve_orientation_v2,,,
datasets/corn-field-pest-v2/train/fall_armyworm/img_cc16a006bcebbfa9afa0dba3.jpg,train,fall_armyworm,ccmt,CC BY 4.0,grp_a6617f4fd6ad7ec46276362a,1b18d559d1a00b3076de8fa94c7199ee0795e5f7de4dc48688e15f9e7ae1e6ea,42628,1,lossless_jpeg_metadata_strip_preserve_orientation_v2,,,
datasets/corn-field-pest-v2/val/fall_armyworm/img_43e1ff52ffd9950adfbc1809.jpg,val,fall_armyworm,ccmt,CC BY 4.0,grp_65f06a0860ff0e54919424f0,f980a0c1520610a0c79bf894a65603336cfb41f200367873da771f27e1494db3,55532,1,lossless_jpeg_metadata_strip_preserve_orientation_v2,,,
datasets/corn-field-pest-v2/train/grasshopper_unknown/img_2f3c0209b42af3b8050b87b8.jpg,train,grasshopper_unknown,ccmt,CC BY 4.0,grp_d1307202678fc50a81595244,131bb325e4dc1ce10dbc9a0581889e25443b24e065ef46a4f32b164b291cc202,29658,1,lossless_jpeg_metadata_strip_preserve_orientation_v2,,,
datasets/corn-field-pest-v2/train/leaf_beetle_unknown/img_1f9db7e1e5f183b9ff350ff0.jpg,train,leaf_beetle_unknown,ccmt,CC BY 4.0,grp_7b9264967f882d83af43f9b4,9d00b4fef9663a554ddad22282b8dcdd687c9c4acbf1f59b20ac3fd61e29b72d,24110,1,lossless_jpeg_metadata_strip_preserve_orientation_v2,,,
datasets/corn-field-pest-v2/val/fall_armyworm/img_6b0b81eb936efdda05ec94ad.jpg,val,fall_armyworm,tom2024,CC BY 4.0,grp_644b08b95fb02cbecf4251fc,bc474347711c55947e6543fc02ea0f0fdb2aab040138b45b69328552d385fa94,4180,1,lossless_jpeg_metadata_strip_preserve_orientation_v2,,,
datasets/corn-field-pest-v2/train/leaf_beetle_unknown/img_acdcb917cd2c340c3683a220.jpg,train,leaf_beetle_unknown,ccmt,CC BY 4.0,grp_5257663ebe79141c50c3a8ff,d785f7b14af0ef1f94d3fee8861d60d167714fa0801d19ae321a0a2f6ebb30bc,44365,1,lossless_jpeg_metadata_strip_preserve_orientation_v2,,,
datasets/corn-field-pest-v2/train/leaf_beetle_unknown/img_fa8a8c0878a1e3096a379410.jpg,train,leaf_beetle_unknown,ccmt,CC BY 4.0,grp_8fd405a0b5a8c10dbe79e747,6009799503d4c0e45a7871a73a39ccf29eb0257309fc38e86b58189df937bf0b,40440,1,lossless_jpeg_metadata_strip_preserve_orientation_v2,,,
datasets/corn-field-pest-v2/train/fall_armyworm/img_f3068c3b2d4326259d8df592.jpg,train,fall_armyworm,tom2024,CC BY 4.0,grp_f8becd908415007d26a1cdda,c6282621b0a73037efb2224ded5d8a2d578923ac4e6e8bcd2d5ff95fe98ce8a1,3934,1,lossless_jpeg_metadata_strip_preserve_orientation_v2,,,
datasets/corn-field-pest-v2/train/grasshopper_unknown/img_a39e012b9b39fbda51c79d9e.jpg,train,grasshopper_unknown,ccmt,CC BY 4.0,grp_c6f7cc8dc61a76a05f0a8789,6f2ae0a842efb9069209052d18e24ae1adabafcc2f015595b3a1a70862e59002,49104,1,lossless_jpeg_metadata_strip_preserve_orientation_v2,,,
datasets/corn-field-pest-v2/train/fall_armyworm/img_ef70a3e11354a43ce5c1b6b7.jpg,train,fall_armyworm,tom2024,CC BY 4.0,grp_845093ef1080a123120f0085,b4569759dec44f1182421ca4dbe1a98aaa01f1a12eec39361be3edcb402fb150,2555,1,lossless_jpeg_metadata_strip_preserve_orientation_v2,,,
datasets/corn-field-pest-v2/train/healthy/img_ddf42f225c5f236751bc82e1.jpg,train,healthy,ccmt,CC BY 4.0,grp_ecc79757386b5906a1316415,05080c2170a0941fa636de1bec4053bd4b7851c08a641441e9fb1442f90f73e1,44377,1,lossless_jpeg_metadata_strip_preserve_orientation_v2,,,
datasets/corn-field-pest-v2/train/fall_armyworm/img_29cd6db49b59e2e3b428a958.jpg,train,fall_armyworm,tom2024,CC BY 4.0,grp_c946b1cb939f185eba75c620,48a217f738c68f44607e0b890bc46cb4f5089333971375664c8e8a1a7164b8f5,13025,1,lossless_jpeg_metadata_strip_preserve_orientation_v2,,,
datasets/corn-field-pest-v2/train/maize_aphid_unknown/img_4766f542bc32ee3d90fc1ce0.jpg,train,maize_aphid_unknown,yeesi,CC BY 4.0,grp_68127b3f6d8522bdeaede437,c16db9d7654e621d101b1bd92c168732c3821938e5ef90e6bcf9cc904e9af167,2140483,1,lossless_jpeg_metadata_strip_preserve_orientation_v2,,,
datasets/corn-field-pest-v2/train/leaf_beetle_unknown/img_77c3471d1eb6c1c2baf399b7.jpg,train,leaf_beetle_unknown,ccmt,CC BY 4.0,grp_2ecba4095a13a6042e4b3ab8,618becd03ed1110c9e65940c44d3879315ca669fc0b212086289654812cf4bd1,24184,1,lossless_jpeg_metadata_strip_preserve_orientation_v2,,,
datasets/corn-field-pest-v2/train/grasshopper_unknown/img_9c2c016f46a2bbf8b95816bf.jpg,train,grasshopper_unknown,ccmt,CC BY 4.0,grp_832039708b9198614e15c983,0b34492bce7c3cc9114d4fae04e2d221899b296dd262e86bd77eeadbc8df26c6,39834,1,lossless_jpeg_metadata_strip_preserve_orientation_v2,,,
datasets/corn-field-pest-v2/train/grasshopper_unknown/img_77734e0f6459f6af0155708c.jpg,train,grasshopper_unknown,ccmt,CC BY 4.0,grp_972d2ef6c39ca013c8b15c98,4897dff8dcbfcf00a0e85adf03a83fdf051c15db7d2b1ceb125a77f97c1d715a,33634,1,lossless_jpeg_metadata_strip_preserve_orientation_v2,,,
datasets/corn-field-pest-v2/train/grasshopper_unknown/img_6b98d8015687c8f5b57678d0.jpg,train,grasshopper_unknown,ccmt,CC BY 4.0,grp_765e2a637a1f4690f104a03a,3695ebb52051d57561d9d73db498f4a47bde6a316ba3c3848efc6b4432ae47e1,31816,1,lossless_jpeg_metadata_strip_preserve_orientation_v2,,,
datasets/corn-field-pest-v2/train/grasshopper_unknown/img_9152ce9794eb4da09cde0dda.jpg,train,grasshopper_unknown,ccmt,CC BY 4.0,grp_9821eb9e27743086bb6b9018,c04a750a531f9ddadb7180955de8c0c2aeca0e853b82aeac4eb915949d610a8a,43566,1,lossless_jpeg_metadata_strip_preserve_orientation_v2,,,
datasets/corn-field-pest-v2/train/grasshopper_unknown/img_ea153e80e1a311980071f042.jpg,train,grasshopper_unknown,ccmt,CC BY 4.0,grp_3a86690553dfb5de30e51d0e,735995bf4fa604595cd5d656f78095a8066c82a25b8df53145c6b98057296aae,31803,1,lossless_jpeg_metadata_strip_preserve_orientation_v2,,,
datasets/corn-field-pest-v2/val/healthy/img_550f9b2d1c22266134cd51b3.jpg,val,healthy,tom2024,CC BY 4.0,grp_5921cfae928640a203796a47,a2f32fd8aa9fc5dc932cdb91408201e0cef3a58b3b9cec715ad36bba1d1cfba0,6104,1,lossless_jpeg_metadata_strip_preserve_orientation_v2,,,
datasets/corn-field-pest-v2/train/grasshopper_unknown/img_f91eb4cf9d14d4729b574583.jpg,train,grasshopper_unknown,ccmt,CC BY 4.0,grp_1b44a0c05d6a6529f67e325b,41e04578b912ad2e7f82d7f4dcb3eb08f3ba98ffd0fd876ab5caa1b3cda39c22,27753,1,lossless_jpeg_metadata_strip_preserve_orientation_v2,,,
datasets/corn-field-pest-v2/train/fall_armyworm/img_aad4658191fb733ca0f728f7.jpg,train,fall_armyworm,tom2024,CC BY 4.0,grp_a543939578f078ecf77b2995,786d8ccb471695d7f82f55d7c6d943bd6eb82aac0ef73647bfebc0ce0af0cba1,11025,1,lossless_jpeg_metadata_strip_preserve_orientation_v2,,,
datasets/corn-field-pest-v2/train/fall_armyworm/img_49adb92dcefba43cdcdb967d.jpg,train,fall_armyworm,tom2024,CC BY 4.0,grp_7d17f958dfae5b482c7533f5,55c3ba9df3f303000168157ac9e31d4cdd188d051a1d9c77dc4239590d29dcc0,9296,1,lossless_jpeg_metadata_strip_preserve_orientation_v2,,,
datasets/corn-field-pest-v2/train/healthy/img_750f2a3b04e3849214edeadd.jpg,train,healthy,tom2024,CC BY 4.0,grp_a319521b4c5e1a0c231a74e1,ce3167ab38870bd4ba81f6da7153d158769515e04b4d515d36fa513635b9bc2c,6290,1,lossless_jpeg_metadata_strip_preserve_orientation_v2,,,
datasets/corn-field-pest-v2/train/leaf_beetle_unknown/img_8b0b22ccdca3a03c7455b374.jpg,train,leaf_beetle_unknown,ccmt,CC BY 4.0,grp_f52d855e7c6b329102b2b00d,44e97fe9134e2b09435e165b96810ede8e867f0bacf43955134cc329aac760f5,29372,1,lossless_jpeg_metadata_strip_preserve_orientation_v2,,,
datasets/corn-field-pest-v2/train/grasshopper_unknown/img_845d9e965e4350e82f434703.jpg,train,grasshopper_unknown,ccmt,CC BY 4.0,grp_432385e900b98919156e111e,91bd16c4aba94ae7ae3ecf439f1bbc31d5b404abae60695a81fc8272a175da12,29330,1,lossless_jpeg_metadata_strip_preserve_orientation_v2,,,
datasets/corn-field-pest-v2/train/grasshopper_unknown/img_46526027f7e326a25c78d7c5.jpg,train,grasshopper_unknown,ccmt,CC BY 4.0,grp_d07e03bc37b2e1cb919f5a7b,3f25c10494dcd31eec5af43446ab4f45d00a0f047a6aee990b66ac025ab27234,30511,1,lossless_jpeg_metadata_strip_preserve_orientation_v2,,,
datasets/corn-field-pest-v2/val/fall_armyworm/img_b94dd439103dad2f6bad552d.jpg,val,fall_armyworm,ccmt,CC BY 4.0,grp_28052d208f23090832dfcef6,62db4cd9ca10d0d15fd26c740f6919e8020804f946c710f653e6b6dc075e695d,54150,1,lossless_jpeg_metadata_strip_preserve_orientation_v2,,,
datasets/corn-field-pest-v2/train/leaf_beetle_unknown/img_f61221689d98a817a9131a40.jpg,train,leaf_beetle_unknown,ccmt,CC BY 4.0,grp_03b0e1d92a24263543a17324,1df6af931ece82a30b06312975d10f19360d3283787054bcd7c693a5835df715,41944,1,lossless_jpeg_metadata_strip_preserve_orientation_v2,,,
datasets/corn-field-pest-v2/train/fall_armyworm/img_7acad0572afd60fa4afd69b3.jpg,train,fall_armyworm,tom2024,CC BY 4.0,grp_0f63b6622b00ea87adf1a1c0,d3b91881f4222da4dc22bce10137e9c08cbd75de8bccf653493279caae1554d3,3072,1,lossless_jpeg_metadata_strip_preserve_orientation_v2,,,
datasets/corn-field-pest-v2/val/healthy/img_00214f6694c78cbe156364fd.jpg,val,healthy,tom2024,CC BY 4.0,grp_bc273d0efbaef29ed75abaa1,19455581b5ac4f1f6345f109e70a23e7fa0cd4c0e4cfb6bfc179e8bec61a5645,5329,1,lossless_jpeg_metadata_strip_preserve_orientation_v2,,,
datasets/corn-field-pest-v2/train/leaf_beetle_unknown/img_8a853ed0d9031f1262319a27.jpg,train,leaf_beetle_unknown,ccmt,CC BY 4.0,grp_23f32213f1fc4e0e1bb14245,c231256b6efafbdb8768d9ba1c617429624d92ffb61d5785abc5175895218e11,25615,1,lossless_jpeg_metadata_strip_preserve_orientation_v2,,,
datasets/corn-field-pest-v2/train/leaf_beetle_unknown/img_e2ff7b90d8a331b375cad4ea.jpg,train,leaf_beetle_unknown,ccmt,CC BY 4.0,grp_ce914c2587b084c3c4f13a28,839f1423cd983ae87b6c5f63673b0adee7884ce4b2cc172552d329bb26dfeec2,28175,1,lossless_jpeg_metadata_strip_preserve_orientation_v2,,,
datasets/corn-field-pest-v2/train/leaf_beetle_unknown/img_ab02ce230c72c173018a6837.jpg,train,leaf_beetle_unknown,ccmt,CC BY 4.0,grp_8a3929c52183b6f04982a654,6f8015e92de03c72468600c225f7ab98dea21054216b2fc8ad792b81651ea531,30442,1,lossless_jpeg_metadata_strip_preserve_orientation_v2,,,
datasets/corn-field-pest-v2/val/leaf_beetle_unknown/img_9f2b71ab8ec67f01f0b739f3.jpg,val,leaf_beetle_unknown,ccmt,CC BY 4.0,grp_dd0feda47145bd25f8e87df8,5718422f3d2077e739c0fcb8e3aac39dd5c1787459b683c610e3843667c0f829,29484,1,lossless_jpeg_metadata_strip_preserve_orientation_v2,,,
datasets/corn-field-pest-v2/train/leaf_beetle_unknown/img_51b952c9dc4c04aabea9139d.jpg,train,leaf_beetle_unknown,ccmt,CC BY 4.0,grp_2b3ee637492eec5efde91afe,287eebb0d7ea754e19554fb33b6d6ff12639a772bd392b54601e34282e642bfe,43258,1,lossless_jpeg_metadata_strip_preserve_orientation_v2,,,
datasets/corn-field-pest-v2/train/healthy/img_ae32dd2673f1091671b99da9.jpg,train,healthy,tom2024,CC BY 4.0,grp_ce045592c837b48fb09cb946,a242ebb589d89eafa6886d28bdee22bf4a7b6b357abe1f9d79581330da2f0edc,7039,1,lossless_jpeg_metadata_strip_preserve_orientation_v2,,,
datasets/corn-field-pest-v2/train/healthy/img_9c161e9a7da5931f3b63d300.jpg,train,healthy,tom2024,CC BY 4.0,grp_9fa5e1ea32212aa6a57d1e3f,08cd7b6a8ac1128dd2b105ee25040b1eb5506c2942185609b53d790d265b15e1,5659,1,lossless_jpeg_metadata_strip_preserve_orientation_v2,,,
datasets/corn-field-pest-v2/train/leaf_beetle_unknown/img_3d29d6c4a876bc61e216b404.jpg,train,leaf_beetle_unknown,ccmt,CC BY 4.0,grp_63376bd74a254586b6d97309,1c0d28709dcc2693f7042038ef40c2627ddbae484245cd71465f19903970f93f,38315,1,lossless_jpeg_metadata_strip_preserve_orientation_v2,,,
datasets/corn-field-pest-v2/train/leaf_beetle_unknown/img_93fb218eff718b83287fb966.jpg,train,leaf_beetle_unknown,ccmt,CC BY 4.0,grp_b8120547c4c7c644564d0fdc,952789999559d9237f063de952d3632556fa17cb10d465080df9393b6eff8ef3,27003,1,lossless_jpeg_metadata_strip_preserve_orientation_v2,,,
datasets/corn-field-pest-v2/train/healthy/img_1f191b46f8190afa5217336a.jpg,train,healthy,tom2024,CC BY 4.0,grp_7bd3fa0ebde3cf5f8dc903da,95e5c934821c8b22956e28f09f24911a1b0bc92fac91d6c8ca38a76c2d8e13bf,3592,1,lossless_jpeg_metadata_strip_preserve_orientation_v2,,,
datasets/corn-field-pest-v2/train/fall_armyworm/img_a68c8300db304b5dfc9a28d6.jpg,train,fall_armyworm,tom2024,CC BY 4.0,grp_3a3a5ec2acdd14747e115524,aa620a1d7463186576d2b013e2eedff3beaef2ae44ef7ef3b073cc51d79e49af,19028,1,lossless_jpeg_metadata_strip_preserve_orientation_v2,,,
datasets/corn-field-pest-v2/train/maize_aphid_unknown/img_52a607ccadabdf9264df9ba9.jpg,train,maize_aphid_unknown,yeesi,CC BY 4.0,grp_ed471b353f4a6b148da3d189,56b9a2015ff11e6120f385a9bd61d9ec59a64342ec4bedb0b0409d97fae6de84,1814924,1,lossless_jpeg_metadata_strip_preserve_orientation_v2,,,
datasets/corn-field-pest-v2/train/leaf_beetle_unknown/img_6a0e7579c5c342f16f9571e6.jpg,train,leaf_beetle_unknown,ccmt,CC BY 4.0,grp_a99c6cddeca3cb89b3042b0a,fa48913f8f02eb106f71e17747923b2f89c7f488ca6c019e7898dbd978f13bc5,21819,1,lossless_jpeg_metadata_strip_preserve_orientation_v2,,,
datasets/corn-field-pest-v2/train/leaf_beetle_unknown/img_2925dbda447f559cbc2579bb.jpg,train,leaf_beetle_unknown,ccmt,CC BY 4.0,grp_dc5e6802c47486c126da7911,1b6cc17a922083d6a7fb9cfedbdff1c371caaf6fbce9fe34d7e0d93110899a4e,33187,1,lossless_jpeg_metadata_strip_preserve_orientation_v2,,,
datasets/corn-field-pest-v2/train/grasshopper_unknown/img_57c233cafb27f886ea071587.jpg,train,grasshopper_unknown,ccmt,CC BY 4.0,grp_5b9c93a50e57decf6f705a63,147f0b383009bb9e234a656acd9a71b46b4463aab62aec6624ce8a089b566f73,58636,1,lossless_jpeg_metadata_strip_preserve_orientation_v2,,,
datasets/corn-field-pest-v2/train/grasshopper_unknown/img_8c91c3f8851cd46e100525c9.jpg,train,grasshopper_unknown,ccmt,CC BY 4.0,grp_017d1ad115485369a2ee6e6c,ad1115da5870bf724f91f8b9ead703cd33891d81b3c3d793752bf4fc79bd52d1,47179,1,lossless_jpeg_metadata_strip_preserve_orientation_v2,,,
datasets/corn-field-pest-v2/val/grasshopper_unknown/img_6d8cb135728a210661c784e8.jpg,val,grasshopper_unknown,ccmt,CC BY 4.0,grp_f0004aaadea660a9db516017,cec581726d785140589fa0b88ea0d4a090db9e2ff97d6b93b1c54fba7d5a190e,45755,1,lossless_jpeg_metadata_strip_preserve_orientation_v2,,,
datasets/corn-field-pest-v2/val/healthy/img_5c4ddc8678a0c433957739ac.jpg,val,healthy,tom2024,CC BY 4.0,grp_948227d7ad58d447539359aa,bc2f8c6ff23a3b224d894fb9d436691b13ad122b662c33b7e238d62c3c36283e,8697,1,lossless_jpeg_metadata_strip_preserve_orientation_v2,,,
datasets/corn-field-pest-v2/train/grasshopper_unknown/img_40cb5ad5d60f393539753353.jpg,train,grasshopper_unknown,ccmt,CC BY 4.0,grp_b83fb40987fcafbfb1e85ffa,86ab4b6632e43c7c83e1ed606049e113cb14f862a164df676f79ed08da989805,30036,1,lossless_jpeg_metadata_strip_preserve_orientation_v2,,,
datasets/corn-field-pest-v2/train/healthy/img_9f3f51803e1899edb459237f.jpg,train,healthy,ccmt,CC BY 4.0,grp_47aff4a8b2a20e3545beb8ec,8efa22351ac4cf01396a61014ea60a9d62a031823908886e754e06b517a0bf9d,43540,1,lossless_jpeg_metadata_strip_preserve_orientation_v2,,,
datasets/corn-field-pest-v2/train/healthy/img_ab3ae7f35653655b623711fe.jpg,train,healthy,tom2024,CC BY 4.0,grp_4a52ea68f41661ee992fdc35,a4ddd60fbae433f25fb851614abea91977bdd2ef94e7f4efda4059bc484cc74f,5542,1,lossless_jpeg_metadata_strip_preserve_orientation_v2,,,
datasets/corn-field-pest-v2/train/fall_armyworm/img_a5f4bf75297305b45cc7063c.jpg,train,fall_armyworm,tom2024,CC BY 4.0,grp_e35c64d0a0a6534e255891ac,91a5b3d34633dc926af3534bc4dc2a35b198e2e4a826d00cf5ba0976051a9d9f,3629,1,lossless_jpeg_metadata_strip_preserve_orientation_v2,,,
datasets/corn-field-pest-v2/train/maize_aphid_unknown/img_0b8772ec986787fac4247d5d.jpg,train,maize_aphid_unknown,yeesi,CC BY 4.0,grp_ed471b353f4a6b148da3d189,bd33401de840cd64f62fe18544a29ae94443a5d83ddbc967704d360779d448fd,5603419,1,lossless_jpeg_metadata_strip_preserve_orientation_v2,,,
datasets/corn-field-pest-v2/train/grasshopper_unknown/img_88136d6d9613d31a018444ad.jpg,train,grasshopper_unknown,ccmt,CC BY 4.0,grp_c1f7097ac28ea18f77b2084a,7091cfc175cfb533c76bd6be3a9a1cfbd65abe358186f20eaea97e07d46a15b3,55533,1,lossless_jpeg_metadata_strip_preserve_orientation_v2,,,
datasets/corn-field-pest-v2/train/leaf_beetle_unknown/img_cde472844001be43e1badef8.jpg,train,leaf_beetle_unknown,ccmt,CC BY 4.0,grp_e4dee6e4f582c9a5f5bc2d62,51b6c0d4cfd2ed5e94285f76fdc1a8b062c166f021cc8c4a8d1bfc9c743c52bb,18023,1,lossless_jpeg_metadata_strip_preserve_orientation_v2,,,
datasets/corn-field-pest-v2/train/fall_armyworm/img_0af4fc026159898decc06a8c.jpg,train,fall_armyworm,tom2024,CC BY 4.0,grp_57485a796170a5297c074b2c,36e1388275c4e824e36924ac0c9f9e25b7aa9f6597da40e43622c4c699ccdfb4,11151,1,lossless_jpeg_metadata_strip_preserve_orientation_v2,,,
datasets/corn-field-pest-v2/train/fall_armyworm/img_fed03e417c3724df0bdb25e8.jpg,train,fall_armyworm,ccmt,CC BY 4.0,grp_a369b391265ae5e38bc4f811,02cc420a5266830ad55840e70abe82e5657f094598e9c4e7b52c74bfcfb9c990,37501,1,lossless_jpeg_metadata_strip_preserve_orientation_v2,,,
datasets/corn-field-pest-v2/train/grasshopper_unknown/img_7dae1da046b800a1a00c8442.jpg,train,grasshopper_unknown,ccmt,CC BY 4.0,grp_256e91044a68d68c2f6bdfe4,dcb23c6ab1a7a53ff4c403f4958ec0952ce5bdef52f8331bf6136222b68f70c4,25095,1,lossless_jpeg_metadata_strip_preserve_orientation_v2,,,
datasets/corn-field-pest-v2/train/healthy/img_c6a20a23b40a40de14acb7a2.jpg,train,healthy,ccmt,CC BY 4.0,grp_f99bbe95215c379fc0f75052,3e813272693f0ad4c2ddf93b9563823abc15f081107e60ca725e927b9781e683,44096,1,lossless_jpeg_metadata_strip_preserve_orientation_v2,,,
datasets/corn-field-pest-v2/train/grasshopper_unknown/img_a33f624b9b01bf5d7a423aae.jpg,train,grasshopper_unknown,ccmt,CC BY 4.0,grp_b809ebc8cbf239fdb3b7c8ec,3c9678139f37269b6d078fe7935434fbd4ee349d38cc45be48168d23f2019be2,37761,1,lossless_jpeg_metadata_strip_preserve_orientation_v2,,,
datasets/corn-field-pest-v2/train/fall_armyworm/img_93fecfb6f635a4dbc68ab806.jpg,train,fall_armyworm,tom2024,CC BY 4.0,grp_a45d2ef9208fc876c81f18fa,69261b30058c5a42e7e90da8465f884792455e8fdf75d807c1fc33a9c95ba0ac,10608,1,lossless_jpeg_metadata_strip_preserve_orientation_v2,,,
datasets/corn-field-pest-v2/train/healthy/img_79ef2533744eb04cfb0d612b.jpg,train,healthy,ccmt,CC BY 4.0,grp_20af2137c2d07a37b199745b,e928a67b05603b3e111b045b08f561771d749384e14f0d759a09d329ec813106,57892,1,lossless_jpeg_metadata_strip_preserve_orientation_v2,,,
datasets/corn-field-pest-v2/train/leaf_beetle_unknown/img_12f9231acce02a27d02de5c2.jpg,train,leaf_beetle_unknown,ccmt,CC BY 4.0,grp_47d196a475d931fcc71a8aff,fde6d95aa6ea0db8fa700fe81d0c91e69e4d6626d59cc7c217bdc8f02ce7003e,33803,1,lossless_jpeg_metadata_strip_preserve_orientation_v2,,,
datasets/corn-field-pest-v2/val/fall_armyworm/img_cc3b0e55254fe3a15dae05b5.jpg,val,fall_armyworm,tom2024,CC BY 4.0,grp_f4fca5406204450dfa6bb2fa,a783247d912ee2f1eaccae80b086495127bce0e03cf4c979cdc2d35753775cc4,3182,1,lossless_jpeg_metadata_strip_preserve_orientation_v2,,,
datasets/corn-field-pest-v2/val/leaf_beetle_unknown/img_4f795284c09ea15ba9423c11.jpg,val,leaf_beetle_unknown,ccmt,CC BY 4.0,grp_46e38beb5576dd41259ce091,cc6a975a873d670cf15cf2b93d83982d25a227133edf7b59954cfa2635c6aad2,47664,1,lossless_jpeg_metadata_strip_preserve_orientation_v2,,,
datasets/corn-field-pest-v2/val/healthy/img_ac16cd289b2da71cdbf40f87.jpg,val,healthy,ccmt,CC BY 4.0,grp_a471ac8375ccac02af062d5e,1d3719aa944d87636c437d121509ab8f468a5ce160ad98cb6c18db0ea240621e,39011,1,lossless_jpeg_metadata_strip_preserve_orientation_v2,,,
datasets/corn-field-pest-v2/train/fall_armyworm/img_3572a5a4e8093b2982372794.jpg,train,fall_armyworm,ccmt,CC BY 4.0,grp_977138cbc3f25ce24a2378e6,cbee7968c75ab91fbac372d5ad25ee82a48c9b608ef89d91298561a786bbf8c9,46831,1,lossless_jpeg_metadata_strip_preserve_orientation_v2,,,
datasets/corn-field-pest-v2/train/fall_armyworm/img_8acb3155b3b66a58baea3b99.jpg,train,fall_armyworm,tom2024,CC BY 4.0,grp_19e221237abb91675e84a096,535ca384384fa07aa1781121a782267a4210575aa53e64f1b66ef08a05cc40bf,10057,1,lossless_jpeg_metadata_strip_preserve_orientation_v2,,,
datasets/corn-field-pest-v2/train/leaf_beetle_unknown/img_1d6a1db9ed52e50c144b2cf6.jpg,train,leaf_beetle_unknown,ccmt,CC BY 4.0,grp_2c602d7aa68f0bfd606d7189,fbdff3346ea93bd91e8c3c35441d75fbe3727a12487d29f2ad325f6cccd4e581,30038,1,lossless_jpeg_metadata_strip_preserve_orientation_v2,,,
datasets/corn-field-pest-v2/train/maize_aphid_unknown/img_06938a3a1e721ac9cd8ceb52.jpg,train,maize_aphid_unknown,yeesi,CC BY 4.0,grp_c868b4d8ef23ec34bfbe6703,3d935901d406e87f5d6112d2f56799dc4adf98e842f003d47f7ef605efb022c9,4116674,1,lossless_jpeg_metadata_strip_preserve_orientation_v2,,,
datasets/corn-field-pest-v2/train/leaf_beetle_unknown/img_6601c85a909ca8572f9952ad.jpg,train,leaf_beetle_unknown,ccmt,CC BY 4.0,grp_2fdcd598fc1e963a53f8455a,91bd3e9e966f0b1fabc420f9f6ef00e5fe04fc8d0269bba600852d8c7f7d26f9,17685,1,lossless_jpeg_metadata_strip_preserve_orientation_v2,,,
datasets/corn-field-pest-v2/train/grasshopper_unknown/img_4e13cdc2f36aa1f363d85846.jpg,train,grasshopper_unknown,ccmt,CC BY 4.0,grp_3406ef9f082413549383d56a,55c454c549526ef6c98da544c199b1478d0c4a351d88a11faeee492765ea1feb,42005,1,lossless_jpeg_metadata_strip_preserve_orientation_v2,,,
